image,x_center,y_center,width,height,confidence,class,beam_top1,beam_top2,beam_top3,beam_top4,beam_top5
image_BS1_10006_17_56_03.jpg,486.5,340.5,39.0,37.0,0.7656,drone,31,32,60,15,25
image_BS1_10009_17_56_04.jpg,507.25,340.12,42.5,39.75,0.7637,drone,33,32,34,60,27
image_BS1_10010_17_56_04.jpg,521.0,340.0,44.0,41.5,0.7944,drone,34,60,15,26,25
image_BS1_10016_17_56_05.jpg,516.5,342.38,62.0,58.25,0.8623,drone,34,60,15,26,25
image_BS1_10017_17_56_05.jpg,510.0,342.5,61.0,57.5,0.8716,drone,33,32,34,60,27
image_BS1_10023_17_56_06.jpg,493.88,344.88,59.25,56.25,0.7964,drone,32,60,15,26,25
image_BS1_10025_17_56_06.jpg,496.62,345.38,60.75,57.75,0.8696,drone,32,60,15,26,25
image_BS1_10032_17_56_07.jpg,506.25,350.25,60.5,57.0,0.8496,drone,33,60,15,26,25
image_BS1_10037_17_56_08.jpg,507.75,353.5,59.5,56.0,0.6553,drone,33,34,60,15,25
image_BS1_10039_17_56_08.jpg,507.38,354.75,61.25,57.5,0.8506,drone,33,34,32,60,27
image_BS1_1003_17_01_11.jpg,180.62,256.88,39.75,37.25,0.7739,drone,11,60,15,26,25
image_BS1_10042_17_56_09.jpg,509.12,356.12,60.75,56.75,0.4233,drone,33,34,32,60,27
image_BS1_10045_17_56_09.jpg,510.25,357.12,60.5,57.25,0.8667,drone,34,33,60,15,25
image_BS1_10048_17_56_10.jpg,510.75,357.5,60.5,57.0,0.8633,drone,33,34,60,15,25
image_BS1_10049_17_56_10.jpg,511.0,357.25,59.0,56.0,0.8433,drone,34,33,60,15,25
image_BS1_10051_17_56_10.jpg,511.25,357.88,60.5,56.75,0.8716,drone,34,33,60,15,25
image_BS1_10053_17_56_10.jpg,511.0,357.62,60.0,56.75,0.8667,drone,34,33,60,15,25
image_BS1_1005_17_01_11.jpg,187.12,267.06,39.5,36.88,0.7515,drone,11,60,15,26,25
image_BS1_10066_17_56_12.jpg,509.5,346.5,58.0,54.5,0.8091,drone,33,34,60,15,25
image_BS1_10066_17_56_12.jpg,509.5,346.5,57.0,53.0,0.4805,drone,33,34,60,15,25
image_BS1_10071_17_56_13.jpg,494.12,277.25,57.75,55.0,0.8726,drone,32,33,60,15,25
image_BS1_10077_17_56_14.jpg,491.25,311.38,59.5,56.25,0.623,drone,32,33,34,60,27
image_BS1_10077_17_56_14.jpg,491.88,311.12,59.25,55.75,0.4854,drone,32,33,34,60,27
image_BS1_10078_17_56_14.jpg,493.0,330.12,55.0,51.25,0.6782,drone,32,60,15,26,25
image_BS1_10078_17_56_14.jpg,491.38,330.38,57.25,53.25,0.5679,drone,32,33,60,15,25
image_BS1_10079_17_56_14.jpg,494.75,337.62,47.5,44.25,0.7925,drone,32,60,15,26,25
image_BS1_10082_17_56_15.jpg,495.62,347.62,48.75,45.75,0.792,drone,32,60,15,26,25
image_BS1_10088_17_56_16.jpg,497.12,344.88,41.75,39.25,0.7695,drone,32,60,15,26,25
image_BS1_10091_17_56_16.jpg,497.88,342.0,39.25,36.5,0.7671,drone,32,60,15,26,25
image_BS1_10095_17_56_17.jpg,499.38,342.0,41.25,39.0,0.7847,drone,32,34,60,15,25
image_BS1_10097_17_56_17.jpg,500.25,343.38,44.5,42.25,0.8027,drone,32,34,60,15,25
image_BS1_10099_17_56_17.jpg,497.0,343.75,60.0,56.5,0.8569,drone,32,60,15,26,25
image_BS1_100_16_58_55.jpg,494.88,339.5,35.25,32.5,0.7695,drone,32,33,60,15,25
image_BS1_10100_17_56_17.jpg,497.62,343.75,59.75,56.5,0.8608,drone,32,60,15,26,25
image_BS1_10106_17_56_19.jpg,496.25,343.25,42.5,40.5,0.7871,drone,32,60,15,26,25
image_BS1_10113_17_56_20.jpg,473.75,347.12,52.5,49.75,0.8101,drone,29,28,26,25,24
image_BS1_10114_17_56_20.jpg,462.0,348.62,56.5,53.25,0.7358,drone,29,28,26,25,24
image_BS1_10116_17_56_20.jpg,438.5,349.62,58.0,55.25,0.7974,drone,27,28,26,25,24
image_BS1_1011_17_01_12.jpg,229.62,301.0,38.25,35.5,0.7642,drone,13,14,16,15,26
image_BS1_10120_17_56_21.jpg,390.25,349.38,54.5,51.25,0.7305,drone,23,22,60,28,26
image_BS1_10125_17_56_21.jpg,366.88,333.62,54.75,51.75,0.8164,drone,22,60,28,26,25
image_BS1_10135_17_56_23.jpg,413.75,318.38,40.0,37.25,0.7549,drone,26,27,28,25,24
image_BS1_10137_17_56_23.jpg,419.5,316.75,39.5,37.0,0.7534,drone,26,27,28,25,24
image_BS1_10138_17_56_23.jpg,422.0,313.62,39.0,36.25,0.7305,drone,26,27,28,25,24
image_BS1_10139_17_56_24.jpg,425.0,309.5,42.5,39.5,0.7739,drone,27,26,28,25,24
image_BS1_1013_17_01_12.jpg,249.12,309.62,40.25,37.25,0.791,drone,14,15,28,26,25
image_BS1_10142_17_56_24.jpg,427.0,302.5,56.0,53.0,0.814,drone,27,26,28,25,24
image_BS1_10143_17_56_24.jpg,428.62,299.88,56.25,52.75,0.8364,drone,27,26,28,25,24
image_BS1_10150_17_56_25.jpg,436.12,283.25,56.25,53.5,0.8223,drone,27,29,3,4,26
image_BS1_10156_17_56_26.jpg,439.5,279.75,57.5,54.5,0.8511,drone,27,28,26,25,24
image_BS1_10168_17_56_28.jpg,445.38,281.62,57.25,54.75,0.8599,drone,29,28,26,25,24
image_BS1_1016_17_01_13.jpg,275.88,318.0,37.75,35.0,0.7769,drone,17,60,28,26,25
image_BS1_10170_17_56_28.jpg,445.38,281.5,57.25,54.5,0.8364,drone,29,28,26,25,24
image_BS1_10176_17_56_29.jpg,445.75,282.88,57.0,54.25,0.8301,drone,29,27,3,4,26
image_BS1_10177_17_56_29.jpg,445.88,282.25,56.75,53.5,0.8203,drone,29,28,26,25,24
image_BS1_10179_17_56_29.jpg,445.0,283.12,57.0,54.25,0.8369,drone,29,27,3,4,26
image_BS1_10181_17_56_30.jpg,445.0,283.25,57.5,54.5,0.6567,drone,29,27,3,4,26
image_BS1_10183_17_56_30.jpg,443.62,279.06,57.25,54.38,0.8506,drone,27,28,26,25,24
image_BS1_10188_17_56_31.jpg,442.88,269.12,56.75,53.75,0.8745,drone,27,29,3,4,26
image_BS1_10202_17_56_32.jpg,461.5,276.62,57.5,54.25,0.8159,drone,29,28,26,25,24
image_BS1_10203_17_56_33.jpg,461.75,279.44,57.5,54.62,0.8608,drone,29,28,26,25,24
image_BS1_10206_17_56_33.jpg,462.12,283.88,58.25,54.75,0.8643,drone,29,28,26,25,24
image_BS1_10208_17_56_33.jpg,463.25,286.62,57.5,54.25,0.8633,drone,29,28,26,25,24
image_BS1_10209_17_56_33.jpg,464.88,287.25,57.25,54.0,0.8457,drone,29,28,26,25,24
image_BS1_10218_17_56_35.jpg,483.62,292.5,58.75,56.0,0.7749,drone,29,30,15,26,25
image_BS1_1021_17_01_13.jpg,319.5,320.75,38.0,35.0,0.792,drone,20,17,60,28,26
image_BS1_10227_17_56_36.jpg,487.0,296.88,58.0,55.25,0.8184,drone,30,32,31,60,27
image_BS1_10231_17_56_37.jpg,501.12,298.5,58.75,56.0,0.8687,drone,32,33,60,15,25
image_BS1_10232_17_56_37.jpg,506.5,299.0,58.0,55.0,0.8267,drone,34,33,32,60,27
image_BS1_10233_17_56_37.jpg,510.25,298.5,57.5,55.0,0.688,drone,34,33,60,15,25
image_BS1_10233_17_56_37.jpg,510.75,298.62,57.5,54.25,0.6406,drone,34,33,60,15,25
image_BS1_1023_17_01_14.jpg,334.0,318.12,38.0,34.75,0.7842,drone,20,21,60,28,26
image_BS1_10243_17_56_38.jpg,527.25,302.38,58.5,55.75,0.8257,drone,34,60,15,26,25
image_BS1_10246_17_56_39.jpg,538.5,304.25,59.0,56.0,0.8633,drone,34,60,15,26,25
image_BS1_10247_17_56_39.jpg,542.25,305.0,60.5,57.0,0.7095,drone,34,36,60,15,25
image_BS1_10248_17_56_39.jpg,544.0,305.75,60.0,57.0,0.8867,drone,34,36,37,60,27
image_BS1_10253_17_56_40.jpg,546.25,307.5,57.5,55.0,0.6904,drone,34,37,36,60,27
image_BS1_10253_17_56_40.jpg,546.75,306.62,54.5,51.75,0.6479,drone,34,37,36,60,27
image_BS1_10255_17_56_40.jpg,546.25,308.12,50.5,47.25,0.8013,drone,37,36,34,60,27
image_BS1_10261_17_56_41.jpg,545.75,310.5,60.5,57.0,0.8779,drone,34,36,37,60,27
image_BS1_1026_17_01_14.jpg,355.38,313.5,38.25,35.0,0.7822,drone,22,21,60,28,26
image_BS1_10278_17_56_43.jpg,547.25,313.75,51.5,49.0,0.8228,drone,34,37,36,60,27
image_BS1_10280_17_56_43.jpg,545.75,315.25,60.5,57.5,0.8613,drone,36,34,37,60,27
image_BS1_10281_17_56_43.jpg,545.5,315.25,60.0,57.0,0.8784,drone,37,34,36,60,27
image_BS1_10287_17_56_44.jpg,544.0,311.88,58.0,55.25,0.8555,drone,34,38,36,37,60
image_BS1_10289_17_56_45.jpg,540.62,309.12,58.75,55.25,0.8613,drone,34,37,36,60,27
image_BS1_1028_17_01_15.jpg,385.12,307.0,38.75,36.0,0.792,drone,23,26,60,28,25
image_BS1_10299_17_56_46.jpg,527.25,296.75,53.5,50.0,0.8374,drone,34,60,15,26,25
image_BS1_10300_17_56_46.jpg,526.38,296.12,53.25,49.75,0.8423,drone,34,60,15,26,25
image_BS1_10306_17_56_47.jpg,519.38,291.75,52.25,48.5,0.8208,drone,34,60,15,26,25
image_BS1_10308_17_56_47.jpg,517.88,291.12,52.25,48.25,0.8267,drone,34,60,15,26,25
image_BS1_10310_17_56_48.jpg,517.0,290.12,52.0,48.25,0.8276,drone,34,60,15,26,25
image_BS1_10315_17_56_48.jpg,513.38,288.0,52.25,48.5,0.8335,drone,34,33,60,15,25
image_BS1_10321_17_56_49.jpg,510.5,285.25,52.0,48.5,0.8374,drone,34,33,60,15,25
image_BS1_10324_17_56_50.jpg,509.12,284.38,52.75,48.75,0.8423,drone,34,33,60,15,25
image_BS1_10325_17_56_50.jpg,507.5,285.25,54.0,50.0,0.6948,drone,34,33,60,15,25
image_BS1_10334_17_56_51.jpg,500.75,284.5,56.5,52.5,0.8296,drone,34,33,60,15,25
image_BS1_10336_17_56_52.jpg,498.38,286.25,57.25,53.5,0.7686,drone,34,33,60,15,25
image_BS1_1033_17_01_15.jpg,423.38,304.0,37.75,34.5,0.7798,drone,27,26,28,25,24
image_BS1_10342_17_56_52.jpg,496.88,286.12,57.25,53.75,0.7729,drone,34,33,60,15,25
image_BS1_1034_17_01_15.jpg,430.12,303.75,38.25,35.0,0.7744,drone,27,28,26,25,24
image_BS1_10361_17_56_55.jpg,508.12,276.12,18.75,20.75,0.7656,drone,33,34,60,15,25
image_BS1_10362_17_56_56.jpg,508.12,275.75,19.75,22.0,0.7598,drone,33,34,60,15,25
image_BS1_10363_17_56_56.jpg,507.62,276.12,19.75,21.75,0.7549,drone,33,34,60,15,25
image_BS1_10367_17_56_56.jpg,507.5,275.31,48.0,44.88,0.4543,drone,33,34,60,15,25
image_BS1_1036_17_01_16.jpg,460.25,306.12,38.0,34.75,0.7759,drone,29,28,26,25,24
image_BS1_10370_17_56_57.jpg,494.5,287.25,55.0,51.5,0.748,drone,33,34,60,15,25
image_BS1_1037_17_01_16.jpg,462.75,306.5,38.5,35.0,0.7861,drone,29,28,26,25,24
image_BS1_10381_17_56_58.jpg,494.38,287.75,55.25,51.5,0.7412,drone,33,34,60,15,25
image_BS1_10382_17_56_59.jpg,494.62,287.62,53.75,49.75,0.6924,drone,34,33,60,15,25
image_BS1_10383_17_56_59.jpg,494.38,287.0,54.25,51.0,0.7222,drone,33,34,60,15,25
image_BS1_10389_17_57_00.jpg,494.0,286.62,54.0,50.75,0.6665,drone,34,33,60,15,25
image_BS1_1038_17_01_16.jpg,466.25,308.0,39.0,36.0,0.7827,drone,29,28,26,25,24
image_BS1_10392_17_57_00.jpg,493.88,288.25,53.25,49.5,0.54,drone,33,34,60,15,25
image_BS1_10394_17_57_00.jpg,493.75,286.25,54.5,51.5,0.6167,drone,33,34,60,15,25
image_BS1_10397_17_57_01.jpg,494.25,287.12,54.5,50.75,0.7275,drone,33,34,60,15,25
image_BS1_10398_17_57_01.jpg,494.5,286.5,54.0,50.5,0.7188,drone,33,34,60,15,25
image_BS1_10399_17_57_01.jpg,494.25,286.25,53.5,50.5,0.7021,drone,33,34,60,15,25
image_BS1_10400_17_57_01.jpg,493.88,286.88,53.25,49.75,0.6631,drone,34,33,60,15,25
image_BS1_10408_17_57_03.jpg,493.88,287.0,52.25,49.5,0.5962,drone,34,33,60,15,25
image_BS1_10416_17_57_04.jpg,492.62,288.12,51.75,48.25,0.5527,drone,33,34,32,60,27
image_BS1_10419_17_57_04.jpg,492.38,289.75,51.25,47.5,0.4873,drone,33,60,15,26,25
image_BS1_10424_17_57_05.jpg,492.75,289.5,50.5,47.5,0.4678,drone,33,32,60,15,25
image_BS1_10428_17_57_05.jpg,492.88,289.38,50.25,46.75,0.4495,drone,33,60,15,26,25
image_BS1_10429_17_57_05.jpg,492.25,289.12,50.5,47.25,0.4814,drone,33,32,60,15,25
image_BS1_10431_17_57_06.jpg,492.12,288.25,50.75,47.0,0.4863,drone,33,34,60,15,25
image_BS1_10433_17_57_06.jpg,492.5,289.12,50.0,46.75,0.479,drone,32,33,60,15,25
image_BS1_10442_17_57_07.jpg,492.75,288.62,50.5,46.75,0.4727,drone,34,33,60,15,25
image_BS1_10448_17_57_08.jpg,492.88,288.75,50.25,46.5,0.458,drone,34,33,60,15,25
image_BS1_10464_17_57_11.jpg,504.88,272.12,19.25,20.25,0.4148,drone,33,34,60,15,25
image_BS1_1046_17_01_17.jpg,463.88,322.25,38.25,35.0,0.7959,drone,29,28,26,25,24
image_BS1_10474_17_57_13.jpg,505.0,272.0,19.0,20.0,0.4543,drone,33,34,60,15,25
image_BS1_10477_17_57_13.jpg,505.0,272.12,20.0,20.75,0.4893,drone,33,34,60,15,25
image_BS1_10479_17_57_13.jpg,492.75,287.5,50.5,47.0,0.4868,drone,33,34,60,15,25
image_BS1_10482_17_57_18.jpg,492.88,288.25,50.25,47.0,0.4575,drone,33,32,34,60,27
image_BS1_10487_17_57_19.jpg,504.75,273.0,20.5,21.0,0.4011,drone,34,33,60,15,25
image_BS1_10497_17_57_31.jpg,493.38,287.12,50.25,46.75,0.4575,drone,33,34,60,15,25
image_BS1_104_16_58_55.jpg,495.62,338.25,35.75,33.0,0.7734,drone,32,60,15,26,25
image_BS1_10509_17_57_33.jpg,491.75,287.88,50.5,47.75,0.4849,drone,33,34,60,15,25
image_BS1_10514_17_57_34.jpg,493.75,285.88,51.5,48.25,0.4519,drone,33,34,60,15,25
image_BS1_10530_17_57_37.jpg,493.88,309.38,55.25,52.25,0.4548,drone,32,34,33,60,27
image_BS1_10537_17_57_38.jpg,493.75,321.0,55.5,52.0,0.4102,drone,34,33,60,15,25
image_BS1_10543_17_57_39.jpg,492.88,320.25,55.25,51.5,0.4421,drone,34,33,60,15,25
image_BS1_10546_17_57_39.jpg,492.12,322.25,56.75,52.5,0.4263,drone,33,34,60,15,25
image_BS1_10547_17_57_40.jpg,493.75,319.75,54.5,50.5,0.4253,drone,34,33,60,15,25
image_BS1_1054_17_01_19.jpg,444.25,356.0,37.5,35.0,0.7759,drone,29,27,28,3,16
image_BS1_10553_17_57_41.jpg,493.25,321.12,55.5,51.25,0.4253,drone,34,33,60,15,25
image_BS1_10556_17_57_41.jpg,492.88,321.75,56.25,52.0,0.4377,drone,34,32,33,60,27
image_BS1_10558_17_57_41.jpg,493.5,319.75,54.0,50.5,0.4143,drone,34,33,60,15,25
image_BS1_10566_17_57_42.jpg,492.38,322.38,56.25,52.25,0.4287,drone,34,33,60,15,25
image_BS1_10572_17_57_43.jpg,491.88,321.25,56.25,51.5,0.4446,drone,34,33,60,15,25
image_BS1_10576_17_57_44.jpg,492.75,321.25,55.5,52.0,0.4238,drone,34,32,60,15,25
image_BS1_10579_17_57_44.jpg,492.5,320.62,56.0,52.25,0.4143,drone,34,33,60,15,25
image_BS1_10582_17_57_45.jpg,492.25,321.25,56.5,52.5,0.4331,drone,34,33,32,60,27
image_BS1_10584_17_57_45.jpg,491.88,320.0,56.25,52.0,0.4312,drone,34,33,60,15,25
image_BS1_10588_17_57_47.jpg,492.75,320.62,55.5,51.25,0.4321,drone,34,33,60,15,25
image_BS1_1058_17_01_19.jpg,430.88,378.0,37.75,35.0,0.7759,drone,27,28,26,25,24
image_BS1_10595_17_57_48.jpg,493.25,321.62,55.5,51.75,0.4036,drone,34,33,60,15,25
image_BS1_10625_17_57_53.jpg,518.25,339.38,16.5,20.25,0.4072,drone,34,60,15,26,25
image_BS1_10627_17_57_53.jpg,518.62,340.88,16.75,20.25,0.4814,drone,34,60,15,26,25
image_BS1_10629_17_57_53.jpg,518.38,341.12,17.25,20.75,0.5962,drone,34,60,15,26,25
image_BS1_10638_17_57_55.jpg,520.0,347.12,20.0,22.75,0.7852,drone,34,60,15,26,25
image_BS1_10640_17_57_55.jpg,519.75,347.88,19.5,22.75,0.7788,drone,34,60,15,26,25
image_BS1_10641_17_57_55.jpg,519.75,347.62,19.5,22.75,0.8081,drone,34,60,15,26,25
image_BS1_10643_17_57_55.jpg,519.88,348.25,19.25,22.5,0.7622,drone,34,60,15,26,25
image_BS1_10645_17_57_56.jpg,519.75,349.0,19.5,22.5,0.771,drone,34,60,15,26,25
image_BS1_10647_17_57_56.jpg,519.75,349.25,19.5,22.5,0.8125,drone,34,60,15,26,25
image_BS1_10651_17_57_57.jpg,519.25,349.0,19.5,22.5,0.8091,drone,34,60,15,26,25
image_BS1_10653_17_57_57.jpg,519.38,349.0,19.25,22.5,0.813,drone,34,60,15,26,25
image_BS1_10654_17_57_57.jpg,519.62,349.25,19.75,22.5,0.8174,drone,34,60,15,26,25
image_BS1_10655_17_57_57.jpg,519.25,349.0,19.5,22.5,0.8076,drone,34,60,15,26,25
image_BS1_10656_17_57_57.jpg,519.38,349.0,19.25,22.5,0.8203,drone,34,60,15,26,25
image_BS1_10660_17_57_58.jpg,519.25,349.25,19.5,22.5,0.8145,drone,34,60,15,26,25
image_BS1_10668_17_57_59.jpg,518.75,349.88,19.5,22.75,0.8115,drone,34,60,15,26,25
image_BS1_10669_17_57_59.jpg,518.38,349.5,19.25,22.0,0.7842,drone,34,60,15,26,25
image_BS1_1066_17_01_20.jpg,406.38,420.0,37.25,35.0,0.7642,drone,26,27,28,25,24
image_BS1_10671_17_57_59.jpg,518.75,349.75,19.5,22.0,0.8018,drone,34,60,15,26,25
image_BS1_10672_17_58_00.jpg,517.88,349.62,19.25,22.25,0.8018,drone,34,60,15,26,25
image_BS1_10674_17_58_00.jpg,518.25,350.25,19.5,22.5,0.811,drone,34,60,15,26,25
image_BS1_10676_17_58_00.jpg,518.38,350.25,19.25,22.5,0.811,drone,34,60,15,26,25
image_BS1_10677_17_58_00.jpg,518.38,350.12,19.25,22.25,0.8105,drone,34,60,15,26,25
image_BS1_10679_17_58_01.jpg,518.5,350.12,19.0,22.25,0.814,drone,34,60,15,26,25
image_BS1_1067_17_01_20.jpg,401.88,428.5,35.75,33.0,0.7476,drone,23,26,60,28,25
image_BS1_10683_17_58_01.jpg,518.88,350.38,19.25,22.25,0.8169,drone,34,60,15,26,25
image_BS1_10688_17_58_02.jpg,519.38,350.12,19.25,22.25,0.8105,drone,34,60,15,26,25
image_BS1_10693_17_58_03.jpg,519.25,350.12,19.5,22.25,0.8066,drone,34,60,15,26,25
image_BS1_10696_17_58_03.jpg,519.5,350.12,19.0,22.25,0.8174,drone,34,60,15,26,25
image_BS1_10705_17_58_05.jpg,519.5,349.88,19.0,21.75,0.8081,drone,34,60,15,26,25
image_BS1_10706_17_58_05.jpg,519.62,350.25,18.75,21.5,0.7188,drone,34,60,15,26,25
image_BS1_10715_17_58_06.jpg,520.12,350.25,18.75,22.0,0.8184,drone,34,60,15,26,25
image_BS1_10716_17_58_06.jpg,520.25,349.88,18.5,21.75,0.8203,drone,34,60,15,26,25
image_BS1_10719_17_58_06.jpg,520.0,350.12,18.0,21.25,0.8198,drone,34,60,15,26,25
image_BS1_10724_17_58_07.jpg,520.38,350.75,18.25,21.5,0.8237,drone,34,60,15,26,25
image_BS1_10735_17_58_09.jpg,521.0,350.5,18.0,21.5,0.8203,drone,34,60,15,26,25
image_BS1_10740_17_58_09.jpg,520.38,350.75,18.25,21.5,0.8232,drone,34,60,15,26,25
image_BS1_10741_17_58_10.jpg,520.75,350.5,18.5,21.5,0.8208,drone,34,60,15,26,25
image_BS1_10742_17_58_10.jpg,520.5,350.75,18.0,21.5,0.8262,drone,34,60,15,26,25
image_BS1_10747_17_58_10.jpg,520.25,350.5,18.5,21.5,0.8198,drone,34,60,15,26,25
image_BS1_10748_17_58_10.jpg,520.38,350.62,18.25,21.25,0.8188,drone,34,60,15,26,25
image_BS1_1074_17_01_21.jpg,401.75,419.0,35.5,33.0,0.7422,drone,26,60,28,25,24
image_BS1_10750_17_58_11.jpg,520.38,350.75,18.25,21.5,0.8286,drone,34,60,15,26,25
image_BS1_10756_17_58_12.jpg,521.0,350.5,18.0,21.5,0.8188,drone,34,60,15,26,25
image_BS1_10759_17_58_12.jpg,521.25,350.38,18.5,21.75,0.8159,drone,34,60,15,26,25
image_BS1_1075_17_01_22.jpg,405.0,413.0,35.5,33.0,0.7393,drone,26,60,28,25,24
image_BS1_10761_17_58_12.jpg,520.88,350.62,18.25,21.75,0.8262,drone,34,60,15,26,25
image_BS1_10762_17_58_12.jpg,520.88,350.62,18.25,21.25,0.8242,drone,34,60,15,26,25
image_BS1_10765_17_58_13.jpg,521.0,350.5,18.0,21.0,0.8198,drone,34,60,15,26,25
image_BS1_10768_17_58_13.jpg,520.88,350.75,18.25,21.5,0.8223,drone,34,60,15,26,25
image_BS1_1076_17_01_22.jpg,417.25,387.38,37.5,35.25,0.7656,drone,26,27,28,25,24
image_BS1_10770_17_58_13.jpg,521.0,350.62,18.0,21.25,0.8145,drone,34,60,15,26,25
image_BS1_10773_17_58_14.jpg,521.0,350.62,18.0,21.25,0.8169,drone,34,60,15,26,25
image_BS1_10774_17_58_14.jpg,521.0,350.88,18.0,21.25,0.8257,drone,34,60,15,26,25
image_BS1_10776_17_58_14.jpg,521.0,350.88,18.0,20.75,0.8203,drone,34,60,15,26,25
image_BS1_10777_17_58_14.jpg,521.0,351.0,18.0,21.0,0.8257,drone,34,60,15,26,25
image_BS1_10780_17_58_15.jpg,521.25,351.12,17.5,20.75,0.8232,drone,34,60,15,26,25
image_BS1_10787_17_58_16.jpg,521.25,351.5,17.5,21.0,0.8008,drone,34,60,15,26,25
image_BS1_10792_17_58_16.jpg,522.25,351.38,17.5,20.75,0.7959,drone,34,60,15,26,25
image_BS1_10793_17_58_17.jpg,521.25,351.5,17.5,21.0,0.6069,drone,34,60,15,26,25
image_BS1_107_16_58_55.jpg,496.75,336.38,35.5,32.75,0.7827,drone,32,60,15,26,25
image_BS1_10800_17_58_18.jpg,521.75,351.12,17.5,20.75,0.814,drone,34,60,15,26,25
image_BS1_10804_17_58_18.jpg,522.0,351.5,18.0,21.0,0.6816,drone,34,60,15,26,25
image_BS1_10805_17_58_18.jpg,522.25,351.5,17.5,20.5,0.7056,drone,34,60,15,26,25
image_BS1_10806_17_58_19.jpg,521.75,351.88,17.5,20.75,0.7393,drone,34,60,15,26,25
image_BS1_10809_17_58_19.jpg,521.75,351.75,17.5,20.5,0.7432,drone,34,60,15,26,25
image_BS1_10812_17_58_19.jpg,521.75,351.5,17.5,20.5,0.6177,drone,34,60,15,26,25
image_BS1_10818_17_58_20.jpg,522.25,351.5,17.5,20.5,0.6929,drone,34,60,15,26,25
image_BS1_10819_17_58_20.jpg,522.25,352.0,17.5,20.5,0.7871,drone,34,60,15,26,25
image_BS1_10821_17_58_21.jpg,522.5,352.88,17.0,20.25,0.7769,drone,34,60,15,26,25
image_BS1_10826_17_58_22.jpg,524.5,357.12,17.0,20.25,0.6909,drone,34,60,15,26,25
image_BS1_10829_17_58_22.jpg,525.75,358.0,16.5,19.5,0.5669,drone,34,60,15,26,25
image_BS1_1082_17_01_24.jpg,436.25,352.0,36.0,33.0,0.7759,drone,27,28,26,25,24
image_BS1_10833_17_58_23.jpg,531.5,359.5,51.0,50.0,0.5591,drone,34,60,15,26,25
image_BS1_1083_17_01_24.jpg,436.88,351.25,37.25,34.0,0.7661,drone,27,28,26,25,24
image_BS1_10840_17_58_24.jpg,533.5,363.25,51.0,49.0,0.6855,drone,34,60,15,26,25
image_BS1_10844_17_58_24.jpg,534.12,367.25,54.75,51.5,0.748,drone,34,60,15,26,25
image_BS1_10847_17_58_25.jpg,535.38,372.5,54.25,51.5,0.707,drone,34,60,15,26,25
image_BS1_10851_17_58_25.jpg,535.88,376.75,54.25,51.0,0.7246,drone,34,60,15,26,25
image_BS1_10852_17_58_25.jpg,536.25,380.12,55.5,52.25,0.7544,drone,34,60,15,26,25
image_BS1_10855_17_58_26.jpg,537.38,384.38,56.25,52.25,0.7856,drone,34,60,15,26,25
image_BS1_10856_17_58_26.jpg,537.5,384.38,56.0,51.75,0.791,drone,34,60,15,26,25
image_BS1_10864_17_58_27.jpg,536.75,387.62,55.5,51.25,0.812,drone,34,60,15,26,25
image_BS1_10866_17_58_28.jpg,537.25,388.12,55.5,51.25,0.7949,drone,34,60,15,26,25
image_BS1_10868_17_58_28.jpg,537.88,388.75,56.25,52.0,0.8145,drone,34,60,15,26,25
image_BS1_1086_17_01_24.jpg,438.25,348.62,37.5,34.25,0.7778,drone,27,28,26,25,24
image_BS1_10874_17_58_29.jpg,539.0,393.0,56.0,52.5,0.8379,drone,34,60,15,26,25
image_BS1_10876_17_58_29.jpg,539.0,394.0,56.0,52.0,0.8428,drone,34,60,15,26,25
image_BS1_10877_17_58_29.jpg,539.12,395.75,56.75,53.0,0.8472,drone,34,60,15,26,25
image_BS1_10881_17_58_30.jpg,538.88,399.12,56.25,52.25,0.8604,drone,34,60,15,26,25
image_BS1_10882_17_58_30.jpg,539.38,400.75,57.25,53.0,0.854,drone,34,60,15,26,25
image_BS1_10885_17_58_30.jpg,539.75,404.88,57.5,53.75,0.8506,drone,34,60,15,26,25
image_BS1_10886_17_58_30.jpg,539.75,405.12,57.5,53.25,0.8423,drone,34,60,15,26,25
image_BS1_1088_17_01_24.jpg,439.12,347.88,37.25,34.25,0.792,drone,27,28,26,25,24
image_BS1_10890_17_58_31.jpg,541.0,409.38,56.0,52.75,0.8657,drone,34,60,15,26,25
image_BS1_10892_17_58_31.jpg,542.0,412.38,56.0,52.75,0.8574,drone,34,60,15,26,25
image_BS1_10893_17_58_31.jpg,541.75,414.75,56.5,53.0,0.8696,drone,34,60,15,26,25
image_BS1_10895_17_58_31.jpg,542.75,418.38,55.5,51.75,0.8467,drone,34,36,60,15,25
image_BS1_10896_17_58_32.jpg,542.5,420.12,56.0,51.75,0.8379,drone,34,36,60,15,25
image_BS1_10899_17_58_32.jpg,543.25,430.38,54.5,50.75,0.8462,drone,34,60,15,26,25
image_BS1_108_16_58_56.jpg,497.12,335.25,35.75,33.0,0.7734,drone,32,31,60,15,25
image_BS1_10911_17_58_34.jpg,514.0,452.38,53.0,49.25,0.7305,drone,33,34,60,15,25
image_BS1_10913_17_58_34.jpg,514.25,458.12,52.5,49.25,0.7148,drone,33,34,60,15,25
image_BS1_1091_17_01_25.jpg,440.0,347.5,37.0,34.5,0.7944,drone,27,28,26,25,24
image_BS1_10924_17_58_43.jpg,447.88,420.0,60.25,57.0,0.8823,drone,29,28,26,25,24
image_BS1_10928_17_58_43.jpg,410.88,386.25,58.25,55.5,0.8418,drone,26,60,28,25,24
image_BS1_10931_17_58_44.jpg,398.88,373.38,58.25,55.75,0.8745,drone,23,26,60,28,25
image_BS1_10933_17_58_44.jpg,396.0,369.25,59.0,55.5,0.8481,drone,23,26,60,28,25
image_BS1_10934_17_58_44.jpg,396.38,367.88,58.25,55.25,0.8359,drone,23,26,60,28,25
image_BS1_10935_17_58_44.jpg,397.5,366.88,58.0,54.75,0.6382,drone,23,26,60,28,25
image_BS1_10938_17_58_45.jpg,407.0,366.0,58.5,56.0,0.8779,drone,26,23,60,28,25
image_BS1_10939_17_58_45.jpg,410.12,365.88,58.75,55.75,0.8735,drone,26,23,60,28,25
image_BS1_10941_17_58_45.jpg,415.25,365.62,59.5,56.25,0.561,drone,26,27,28,25,24
image_BS1_10943_17_58_45.jpg,416.62,365.25,58.75,56.0,0.7271,drone,26,27,28,25,24
image_BS1_10946_17_58_46.jpg,416.5,364.25,58.0,55.5,0.7881,drone,26,27,28,25,24
image_BS1_10949_17_58_46.jpg,417.62,364.12,57.75,55.25,0.751,drone,26,27,28,25,24
image_BS1_10949_17_58_46.jpg,418.0,363.75,58.0,54.5,0.5078,drone,26,60,28,25,24
image_BS1_10959_17_58_48.jpg,420.88,366.25,57.25,55.0,0.751,drone,26,60,28,25,24
image_BS1_10959_17_58_48.jpg,420.88,366.0,57.25,54.0,0.626,drone,26,60,28,25,24
image_BS1_10965_17_58_48.jpg,421.25,367.25,58.0,55.5,0.8472,drone,26,27,28,25,24
image_BS1_10965_17_58_48.jpg,421.38,367.25,57.75,54.5,0.4072,drone,26,27,28,25,24
image_BS1_10970_17_58_49.jpg,422.5,368.12,57.0,54.75,0.6963,drone,26,27,28,25,24
image_BS1_10970_17_58_49.jpg,422.75,368.0,56.5,53.5,0.5566,drone,26,27,28,25,24
image_BS1_10971_17_58_49.jpg,423.12,367.75,57.75,55.0,0.8213,drone,26,27,28,25,24
image_BS1_10973_17_58_49.jpg,424.0,367.5,58.5,55.5,0.8452,drone,26,27,28,25,24
image_BS1_10977_17_58_50.jpg,425.12,367.12,57.25,54.75,0.707,drone,27,26,28,25,24
image_BS1_10977_17_58_50.jpg,425.0,367.12,57.5,54.25,0.4131,drone,27,26,28,25,24
image_BS1_10978_17_58_50.jpg,425.5,367.25,57.5,54.5,0.8296,drone,27,26,28,25,24
image_BS1_10986_17_58_51.jpg,435.75,369.12,57.5,54.75,0.772,drone,27,29,3,4,26
image_BS1_10986_17_58_51.jpg,435.62,369.0,57.25,54.5,0.5361,drone,27,29,3,4,26
image_BS1_10991_17_58_52.jpg,465.0,377.5,58.5,56.0,0.8154,drone,29,28,26,25,24
image_BS1_10992_17_58_52.jpg,472.38,380.38,58.75,56.25,0.585,drone,29,28,26,25,24
image_BS1_10992_17_58_52.jpg,472.88,380.25,59.75,56.0,0.4426,drone,29,28,26,25,24
image_BS1_10993_17_58_52.jpg,475.88,381.5,59.75,56.5,0.7949,drone,29,28,26,25,24
image_BS1_10994_17_58_52.jpg,478.0,382.75,59.5,56.5,0.8364,drone,29,28,26,25,24
image_BS1_10994_17_58_52.jpg,478.25,382.25,60.5,57.5,0.5332,drone,29,28,26,25,24
image_BS1_10996_17_58_53.jpg,482.12,384.0,59.25,56.5,0.8765,drone,29,32,30,31,27
image_BS1_10998_17_58_53.jpg,483.5,384.0,59.0,56.0,0.8682,drone,31,30,32,29,27
image_BS1_1099_17_01_26.jpg,441.75,348.0,37.0,34.5,0.7759,drone,27,28,26,25,24
image_BS1_11002_17_58_53.jpg,487.0,385.12,60.0,56.75,0.8604,drone,31,32,30,60,27
image_BS1_11004_17_58_54.jpg,487.0,385.12,59.0,56.25,0.8564,drone,31,32,30,60,27
image_BS1_11007_17_58_54.jpg,489.88,386.0,59.25,56.0,0.8438,drone,31,32,60,15,25
image_BS1_11009_17_58_54.jpg,489.5,386.25,59.0,56.0,0.8423,drone,32,31,60,15,25
image_BS1_1100_17_01_26.jpg,442.25,348.5,36.5,33.5,0.7656,drone,28,27,26,25,24
image_BS1_11010_17_58_55.jpg,490.62,386.0,58.75,56.0,0.8442,drone,31,32,60,15,25
image_BS1_11012_17_58_55.jpg,491.38,386.5,59.25,56.0,0.8481,drone,32,31,60,15,25
image_BS1_11015_17_58_55.jpg,490.88,387.12,59.25,55.75,0.8428,drone,32,31,60,15,25
image_BS1_11017_17_58_56.jpg,490.88,387.5,59.25,56.0,0.8442,drone,32,31,60,15,25
image_BS1_11018_17_58_56.jpg,490.38,387.88,59.25,55.75,0.8452,drone,32,60,15,26,25
image_BS1_11020_17_58_56.jpg,490.5,388.12,59.0,55.75,0.8462,drone,32,60,15,26,25
image_BS1_11024_17_58_57.jpg,490.38,388.62,59.25,55.75,0.8447,drone,32,31,60,15,25
image_BS1_11026_17_58_57.jpg,490.12,388.25,59.75,56.0,0.8496,drone,32,60,15,26,25
image_BS1_11027_17_58_57.jpg,490.5,388.75,59.0,55.5,0.8428,drone,32,31,60,15,25
image_BS1_1102_17_01_26.jpg,442.38,348.12,35.25,32.75,0.7251,drone,28,27,26,25,24
image_BS1_11032_17_58_58.jpg,489.62,388.62,58.75,55.25,0.8398,drone,32,31,60,15,25
image_BS1_11045_17_58_59.jpg,490.0,387.62,59.0,55.75,0.8457,drone,32,31,60,15,25
image_BS1_11048_17_59_00.jpg,490.25,385.38,56.5,53.75,0.6855,drone,31,32,60,15,25
image_BS1_11050_17_59_00.jpg,490.38,385.0,56.25,53.0,0.4976,drone,31,32,60,15,25
image_BS1_11050_17_59_00.jpg,491.0,384.5,53.0,50.0,0.4824,drone,32,31,60,15,25
image_BS1_11053_17_59_01.jpg,491.12,383.88,50.75,47.75,0.6816,drone,31,32,60,15,25
image_BS1_11063_17_59_02.jpg,491.75,382.38,54.5,51.25,0.4446,drone,32,31,60,15,25
image_BS1_11063_17_59_02.jpg,491.12,383.12,56.75,53.75,0.4216,drone,31,32,60,15,25
image_BS1_11070_17_59_03.jpg,492.5,380.5,54.0,50.5,0.6123,drone,31,32,60,15,25
image_BS1_11074_17_59_04.jpg,492.0,379.5,51.0,48.0,0.6899,drone,32,31,60,15,25
image_BS1_11075_17_59_04.jpg,492.25,378.88,49.5,46.75,0.728,drone,32,31,60,15,25
image_BS1_11077_17_59_04.jpg,492.38,379.25,49.25,47.0,0.7378,drone,32,31,60,15,25
image_BS1_11078_17_59_04.jpg,492.38,379.0,49.25,47.0,0.731,drone,32,31,60,15,25
image_BS1_11081_17_59_05.jpg,492.75,378.75,49.5,47.0,0.7393,drone,32,31,60,15,25
image_BS1_11085_17_59_05.jpg,492.88,377.75,48.25,46.0,0.7393,drone,32,31,60,15,25
image_BS1_11089_17_59_06.jpg,490.12,377.12,51.75,48.75,0.7393,drone,32,31,60,15,25
image_BS1_11090_17_59_06.jpg,488.12,377.0,56.75,54.0,0.7261,drone,32,31,60,15,25
image_BS1_11090_17_59_06.jpg,488.12,377.0,55.75,53.0,0.4485,drone,32,31,60,15,25
image_BS1_11091_17_59_06.jpg,486.62,376.75,56.75,54.0,0.7358,drone,32,31,60,15,25
image_BS1_11091_17_59_06.jpg,486.75,376.62,56.5,53.75,0.5127,drone,31,32,60,15,25
image_BS1_11093_17_59_07.jpg,482.0,370.88,52.0,49.25,0.7607,drone,29,31,30,15,25
image_BS1_11095_17_59_07.jpg,479.12,369.75,52.75,50.0,0.7295,drone,29,30,15,26,25
image_BS1_11097_17_59_07.jpg,475.88,368.0,51.25,48.0,0.7358,drone,29,28,26,25,24
image_BS1_11098_17_59_08.jpg,473.75,367.88,54.0,51.25,0.5908,drone,29,28,26,25,24
image_BS1_11098_17_59_08.jpg,473.5,368.0,57.0,54.0,0.542,drone,29,28,26,25,24
image_BS1_11103_17_59_08.jpg,454.75,364.25,50.0,47.0,0.7686,drone,29,28,26,25,24
image_BS1_11107_17_59_09.jpg,418.88,359.12,51.25,48.25,0.7656,drone,26,27,28,25,24
image_BS1_1110_17_01_27.jpg,442.75,350.25,35.5,32.5,0.7153,drone,27,28,29,4,16
image_BS1_11110_17_59_09.jpg,381.5,355.25,52.5,49.5,0.7163,drone,23,22,60,28,26
image_BS1_11111_17_59_10.jpg,368.38,353.62,52.75,49.75,0.7637,drone,22,23,60,28,26
image_BS1_11112_17_59_10.jpg,358.88,352.88,54.75,51.75,0.7124,drone,22,60,28,26,25
image_BS1_11114_17_59_10.jpg,339.25,351.75,53.5,50.0,0.7788,drone,21,60,28,26,25
image_BS1_11121_17_59_11.jpg,272.06,349.25,51.88,48.5,0.8027,drone,17,16,14,28,26
image_BS1_11127_17_59_12.jpg,227.38,349.5,56.5,53.0,0.7891,drone,13,14,15,26,25
image_BS1_11132_17_59_13.jpg,195.25,343.5,56.0,52.5,0.6953,drone,11,60,15,26,25
image_BS1_11134_17_59_13.jpg,183.56,338.38,56.88,53.75,0.8076,drone,11,60,15,26,25
image_BS1_11135_17_59_13.jpg,177.38,335.75,55.25,52.0,0.8569,drone,11,60,15,26,25
image_BS1_11137_17_59_14.jpg,160.19,323.75,55.38,52.5,0.814,drone,8,9,11,7,60
image_BS1_11139_17_59_14.jpg,151.31,315.0,56.88,54.5,0.479,drone,8,9,60,15,26
image_BS1_11139_17_59_14.jpg,151.56,315.38,56.38,53.25,0.4087,drone,8,9,60,15,26
image_BS1_11143_17_59_15.jpg,140.81,305.75,57.62,54.5,0.7861,drone,7,8,60,15,26
image_BS1_11147_17_59_15.jpg,137.06,302.75,56.88,53.5,0.7266,drone,7,60,15,26,25
image_BS1_11149_17_59_16.jpg,135.69,299.62,57.62,54.75,0.7012,drone,7,60,15,26,25
image_BS1_1114_17_01_28.jpg,442.5,351.12,37.5,34.25,0.7642,drone,27,29,28,3,16
image_BS1_11152_17_59_16.jpg,136.09,294.88,58.81,55.75,0.8486,drone,7,60,15,26,25
image_BS1_11157_17_59_17.jpg,135.75,292.75,58.25,55.0,0.7212,drone,7,60,15,26,25
image_BS1_11157_17_59_17.jpg,135.5,292.75,57.5,54.5,0.4514,drone,7,60,15,26,25
image_BS1_11160_17_59_17.jpg,136.28,292.38,58.44,55.25,0.8179,drone,7,60,15,26,25
image_BS1_11162_17_59_17.jpg,137.22,292.0,58.31,55.0,0.8267,drone,7,60,15,26,25
image_BS1_11163_17_59_18.jpg,137.06,292.5,58.38,55.0,0.8018,drone,7,60,15,26,25
image_BS1_11164_17_59_18.jpg,138.88,292.25,59.0,55.5,0.5234,drone,7,8,60,15,26
image_BS1_11164_17_59_18.jpg,138.44,292.62,58.88,55.25,0.4363,drone,7,8,60,15,26
image_BS1_11165_17_59_18.jpg,138.5,292.75,58.5,55.0,0.6455,drone,7,8,60,15,26
image_BS1_11166_17_59_18.jpg,139.0,292.62,58.75,55.25,0.7598,drone,7,8,60,15,26
image_BS1_11167_17_59_18.jpg,139.75,292.75,58.25,55.0,0.6782,drone,7,8,60,15,26
image_BS1_1116_17_01_28.jpg,442.38,351.62,36.75,33.75,0.7705,drone,27,29,3,4,26
image_BS1_11178_17_59_20.jpg,141.25,295.12,58.25,55.25,0.7266,drone,7,60,15,26,25
image_BS1_11181_17_59_20.jpg,141.06,296.0,57.62,54.5,0.4688,drone,7,8,60,15,26
image_BS1_11182_17_59_21.jpg,141.44,295.62,57.62,54.75,0.6934,drone,7,60,15,26,25
image_BS1_11184_17_59_21.jpg,141.0,295.88,58.0,54.75,0.499,drone,7,8,60,15,26
image_BS1_11185_17_59_21.jpg,140.56,297.12,56.88,53.75,0.7485,drone,8,7,60,15,26
image_BS1_11187_17_59_21.jpg,139.22,296.38,58.06,54.75,0.7422,drone,8,7,60,15,26
image_BS1_1118_17_01_28.jpg,441.75,352.25,37.0,34.0,0.772,drone,27,29,3,4,26
image_BS1_11192_17_59_22.jpg,139.19,296.62,58.62,55.25,0.5898,drone,8,7,60,15,26
image_BS1_11192_17_59_22.jpg,139.94,297.0,58.62,55.5,0.4648,drone,7,8,60,15,26
image_BS1_11199_17_59_23.jpg,138.12,296.12,58.0,54.75,0.7563,drone,7,8,60,15,26
image_BS1_11202_17_59_24.jpg,135.06,296.75,59.88,56.5,0.8657,drone,7,60,15,26,25
image_BS1_11203_17_59_24.jpg,132.5,295.75,59.5,56.0,0.8472,drone,7,60,15,26,25
image_BS1_11204_17_59_24.jpg,127.44,296.0,60.62,57.0,0.8745,drone,7,60,15,26,25
image_BS1_11208_17_59_25.jpg,95.88,297.12,56.12,53.75,0.8384,drone,6,60,15,26,25
image_BS1_1120_17_01_29.jpg,442.0,352.25,37.0,34.0,0.7695,drone,27,29,3,4,26
image_BS1_11210_17_59_25.jpg,83.58,297.25,55.59,53.0,0.8359,drone,6,60,15,26,25
image_BS1_11212_17_59_25.jpg,74.78,297.25,59.94,56.0,0.8462,drone,6,4,60,15,26
image_BS1_11216_17_59_26.jpg,57.61,298.62,57.16,54.25,0.6089,drone,4,60,15,26,25
image_BS1_11219_17_59_26.jpg,49.08,299.5,57.59,55.0,0.6138,drone,4,3,60,15,26
image_BS1_1121_17_01_29.jpg,441.5,352.0,38.0,35.0,0.7705,drone,27,29,3,4,26
image_BS1_11233_18_00_01.jpg,110.16,352.75,56.69,53.5,0.8452,drone,7,60,15,26,25
image_BS1_11238_18_00_01.jpg,111.94,351.88,56.62,53.25,0.8496,drone,7,60,15,26,25
image_BS1_11239_18_00_02.jpg,111.56,351.75,57.88,54.5,0.8164,drone,7,60,15,26,25
image_BS1_11243_18_00_02.jpg,110.0,352.25,56.75,53.5,0.8442,drone,7,6,60,15,26
image_BS1_11244_18_00_02.jpg,109.12,352.38,57.25,53.75,0.832,drone,7,6,60,15,26
image_BS1_1124_17_01_29.jpg,441.5,348.62,37.0,34.25,0.7686,drone,28,27,26,25,24
image_BS1_11250_18_00_03.jpg,104.06,352.75,56.62,53.5,0.7949,drone,6,7,60,15,26
image_BS1_11251_18_00_03.jpg,103.28,352.62,56.94,53.75,0.7983,drone,6,7,60,15,26
image_BS1_11253_18_00_03.jpg,102.22,353.38,58.81,55.75,0.6538,drone,6,7,60,15,26
image_BS1_11253_18_00_03.jpg,102.41,353.5,58.44,55.0,0.4668,drone,6,7,60,15,26
image_BS1_11254_18_00_04.jpg,101.56,353.5,56.88,54.0,0.8164,drone,6,7,60,15,26
image_BS1_11257_18_00_04.jpg,99.5,355.0,58.5,55.5,0.6685,drone,6,60,15,26,25
image_BS1_11257_18_00_04.jpg,99.56,354.88,57.88,54.25,0.5205,drone,6,60,15,26,25
image_BS1_1125_17_01_29.jpg,441.38,346.5,37.25,34.0,0.7847,drone,27,28,26,25,24
image_BS1_11263_18_00_05.jpg,95.88,355.88,53.38,50.25,0.8242,drone,6,7,60,15,26
image_BS1_11264_18_00_05.jpg,95.47,355.5,53.06,50.0,0.8066,drone,6,7,60,15,26
image_BS1_11265_18_00_05.jpg,95.22,355.88,53.31,50.25,0.7959,drone,6,7,60,15,26
image_BS1_11267_18_00_05.jpg,94.56,355.12,53.88,50.75,0.8076,drone,6,7,60,15,26
image_BS1_11272_18_00_06.jpg,94.06,355.88,55.12,51.75,0.8057,drone,6,7,60,15,26
image_BS1_11279_18_00_07.jpg,92.5,357.62,49.75,46.75,0.7993,drone,6,60,15,26,25
image_BS1_1127_17_01_29.jpg,441.62,341.0,36.75,34.0,0.7695,drone,29,27,3,4,26
image_BS1_11280_18_00_07.jpg,92.66,357.5,52.44,49.0,0.79,drone,6,60,15,26,25
image_BS1_11283_18_00_08.jpg,92.97,358.25,51.69,48.5,0.8042,drone,6,60,15,26,25
image_BS1_11284_18_00_08.jpg,92.81,358.25,47.75,45.0,0.7778,drone,6,60,15,26,25
image_BS1_11289_18_00_08.jpg,93.53,358.75,57.81,54.5,0.8442,drone,6,60,15,26,25
image_BS1_11296_18_00_09.jpg,95.25,357.75,52.25,49.0,0.7598,drone,6,60,15,26,25
image_BS1_1129_17_01_30.jpg,441.75,331.88,37.5,34.25,0.7842,drone,28,29,27,4,16
image_BS1_112_16_58_56.jpg,498.0,332.88,36.0,33.25,0.7583,drone,32,33,60,15,25
image_BS1_11318_18_00_13.jpg,95.34,358.62,57.94,54.75,0.771,drone,6,60,15,26,25
image_BS1_1131_17_01_30.jpg,442.38,322.75,37.75,34.5,0.7788,drone,28,27,26,25,24
image_BS1_11320_18_00_13.jpg,95.5,358.0,59.25,56.0,0.5815,drone,6,60,15,26,25
image_BS1_11320_18_00_13.jpg,95.28,358.25,58.31,55.0,0.5332,drone,6,7,60,15,26
image_BS1_11322_18_00_14.jpg,95.06,358.38,58.88,55.75,0.8438,drone,6,7,60,15,26
image_BS1_11323_18_00_14.jpg,95.03,359.12,57.56,54.25,0.7773,drone,6,60,15,26,25
image_BS1_11329_18_00_15.jpg,96.0,360.12,57.0,53.75,0.8228,drone,6,60,15,26,25
image_BS1_1132_17_01_30.jpg,442.38,317.12,38.25,35.25,0.7705,drone,27,28,26,25,24
image_BS1_11332_18_00_15.jpg,95.81,360.62,57.38,54.25,0.7842,drone,6,60,15,26,25
image_BS1_11333_18_00_15.jpg,95.81,360.25,57.38,54.5,0.7949,drone,6,60,15,26,25
image_BS1_11341_18_00_18.jpg,99.75,360.75,55.0,51.5,0.7959,drone,7,6,60,15,26
image_BS1_11346_18_00_19.jpg,101.94,360.62,48.75,45.75,0.8062,drone,6,7,60,15,26
image_BS1_11348_18_00_19.jpg,102.0,360.12,54.75,51.75,0.8218,drone,7,6,60,15,26
image_BS1_11350_18_00_19.jpg,102.91,359.75,53.69,50.5,0.8003,drone,7,6,60,15,26
image_BS1_11352_18_00_19.jpg,103.31,359.38,53.38,50.25,0.8003,drone,6,7,60,15,26
image_BS1_11353_18_00_20.jpg,103.75,359.5,53.0,50.0,0.8032,drone,6,7,60,15,26
image_BS1_11354_18_00_20.jpg,103.59,359.62,54.31,51.25,0.8018,drone,6,7,60,15,26
image_BS1_11362_18_00_21.jpg,105.25,360.0,53.25,50.5,0.8242,drone,7,6,60,15,26
image_BS1_11364_18_00_21.jpg,106.06,360.0,53.62,50.5,0.8491,drone,6,7,60,15,26
image_BS1_11369_18_00_22.jpg,106.56,360.25,49.12,46.0,0.8208,drone,6,7,60,15,26
image_BS1_11373_18_00_22.jpg,105.41,360.25,56.44,53.0,0.8057,drone,7,6,60,15,26
image_BS1_11374_18_00_22.jpg,105.25,360.75,57.0,54.0,0.6309,drone,7,6,60,15,26
image_BS1_11374_18_00_22.jpg,104.97,360.62,57.31,54.25,0.6172,drone,7,6,60,15,26
image_BS1_11375_18_00_22.jpg,105.22,360.5,56.56,53.5,0.7178,drone,7,6,60,15,26
image_BS1_11376_18_00_23.jpg,104.69,360.5,56.88,54.0,0.6108,drone,6,7,60,15,26
image_BS1_11376_18_00_23.jpg,105.06,360.62,56.38,53.25,0.5205,drone,7,6,60,15,26
image_BS1_11377_18_00_23.jpg,104.31,360.12,57.88,54.25,0.8345,drone,6,7,60,15,26
image_BS1_11378_18_00_23.jpg,105.34,360.38,57.56,54.25,0.6602,drone,7,6,60,15,26
image_BS1_11379_18_00_23.jpg,104.62,360.25,56.75,53.5,0.7188,drone,6,7,60,15,26
image_BS1_1137_17_01_31.jpg,443.0,300.75,39.0,36.0,0.7661,drone,29,27,3,4,26
image_BS1_11383_18_00_23.jpg,104.25,359.75,58.0,54.5,0.7109,drone,6,7,60,15,26
image_BS1_11392_18_00_25.jpg,107.5,361.25,57.5,54.5,0.6758,drone,7,6,60,15,26
image_BS1_11395_18_00_25.jpg,107.44,361.0,56.88,53.5,0.8306,drone,7,60,15,26,25
image_BS1_11402_18_00_26.jpg,99.56,361.12,60.12,56.75,0.8667,drone,7,6,60,15,26
image_BS1_11404_18_00_27.jpg,90.33,361.88,59.22,55.75,0.6216,drone,6,60,15,26,25
image_BS1_11404_18_00_27.jpg,89.88,361.88,59.25,55.75,0.5371,drone,6,60,15,26,25
image_BS1_11405_18_00_27.jpg,85.52,361.75,59.59,56.0,0.8467,drone,6,60,15,26,25
image_BS1_11407_18_00_27.jpg,71.33,361.88,59.72,56.25,0.8569,drone,6,4,60,15,26
image_BS1_11421_18_00_29.jpg,22.44,361.38,44.75,53.25,0.8037,drone,3,60,15,26,25
image_BS1_11425_18_00_30.jpg,20.89,365.88,41.66,52.25,0.7861,drone,3,60,15,26,25
image_BS1_11427_18_00_30.jpg,20.55,366.12,40.78,51.75,0.7754,drone,3,60,15,26,25
image_BS1_11429_18_00_31.jpg,20.09,366.88,40.14,52.25,0.77,drone,3,2,15,26,25
image_BS1_11430_18_00_31.jpg,20.23,367.5,40.16,51.0,0.7603,drone,3,2,15,26,25
image_BS1_11433_18_00_31.jpg,19.69,367.0,39.19,52.0,0.7637,drone,2,3,15,26,25
image_BS1_11434_18_00_31.jpg,20.15,367.88,40.2,51.75,0.7617,drone,3,2,15,26,25
image_BS1_11440_18_00_32.jpg,17.38,367.88,34.75,48.25,0.52,drone,3,2,15,26,25
image_BS1_11441_18_00_32.jpg,17.3,367.5,34.59,48.5,0.5181,drone,3,2,15,26,25
image_BS1_11445_18_00_33.jpg,18.11,366.75,36.22,49.5,0.6265,drone,3,2,15,26,25
image_BS1_11452_18_00_35.jpg,21.09,366.5,41.95,52.0,0.7764,drone,3,60,15,26,25
image_BS1_11455_18_00_35.jpg,21.3,365.62,42.41,52.75,0.793,drone,3,60,15,26,25
image_BS1_11461_18_00_36.jpg,20.19,366.75,40.38,52.5,0.7695,drone,3,60,15,26,25
image_BS1_11462_18_00_36.jpg,19.75,368.25,39.5,52.0,0.7598,drone,2,3,15,26,25
image_BS1_11463_18_00_37.jpg,19.51,367.62,38.98,52.25,0.7588,drone,3,2,15,26,25
image_BS1_11464_18_00_37.jpg,19.52,367.12,38.91,51.25,0.7368,drone,3,2,15,26,25
image_BS1_11466_18_00_37.jpg,18.88,368.38,37.62,51.75,0.7451,drone,2,3,15,26,25
image_BS1_1146_17_01_33.jpg,469.12,312.75,38.25,34.5,0.7744,drone,29,28,26,25,24
image_BS1_11471_18_00_38.jpg,18.96,368.75,37.89,51.0,0.748,drone,2,3,15,26,25
image_BS1_11476_18_00_39.jpg,19.3,368.88,38.52,50.75,0.7471,drone,2,3,15,26,25
image_BS1_11479_18_00_39.jpg,18.31,369.62,36.62,51.25,0.7314,drone,3,2,15,26,25
image_BS1_11480_18_00_39.jpg,19.11,369.75,38.03,51.5,0.7354,drone,2,3,15,26,25
image_BS1_11481_18_00_39.jpg,18.3,370.38,36.59,51.75,0.7271,drone,3,2,15,26,25
image_BS1_11483_18_00_40.jpg,19.0,370.12,37.88,51.75,0.7358,drone,2,3,15,26,25
image_BS1_11484_18_00_40.jpg,18.31,370.12,36.62,50.25,0.7251,drone,3,2,15,26,25
image_BS1_1148_17_01_33.jpg,480.62,316.12,37.75,34.75,0.5947,drone,30,29,15,26,25
image_BS1_11490_18_00_41.jpg,19.59,371.12,39.19,51.75,0.7695,drone,2,3,15,26,25
image_BS1_11493_18_00_41.jpg,19.69,370.62,39.38,51.25,0.7603,drone,2,3,15,26,25
image_BS1_11496_18_00_42.jpg,19.83,370.62,39.66,51.75,0.7617,drone,2,3,15,26,25
image_BS1_11501_18_00_42.jpg,19.52,371.12,39.03,52.25,0.7715,drone,2,3,15,26,25
image_BS1_11503_18_00_42.jpg,28.93,372.38,53.64,51.75,0.7856,drone,3,4,60,15,26
image_BS1_11508_18_00_43.jpg,74.92,374.62,61.66,57.25,0.8589,drone,6,5,60,15,26
image_BS1_11510_18_00_43.jpg,79.22,373.38,62.81,58.25,0.8843,drone,6,5,60,15,26
image_BS1_11511_18_00_44.jpg,76.12,374.12,61.88,57.25,0.8594,drone,6,5,60,15,26
image_BS1_11512_18_00_44.jpg,71.83,373.12,59.84,56.25,0.6948,drone,6,5,60,15,26
image_BS1_11513_18_00_44.jpg,63.61,371.88,53.16,49.75,0.7944,drone,6,4,60,15,26
image_BS1_11517_18_00_44.jpg,34.75,369.62,55.62,52.75,0.8135,drone,3,4,60,15,26
image_BS1_11518_18_00_45.jpg,28.17,368.12,53.22,52.25,0.8008,drone,3,60,15,26,25
image_BS1_11522_18_00_46.jpg,23.78,368.62,47.56,54.25,0.7788,drone,3,60,15,26,25
image_BS1_11524_18_00_46.jpg,23.68,368.25,47.33,54.5,0.7559,drone,3,60,15,26,25
image_BS1_11527_18_00_46.jpg,21.2,370.0,42.41,53.5,0.7144,drone,3,2,15,26,25
image_BS1_11529_18_00_47.jpg,19.38,371.0,38.75,52.0,0.6841,drone,3,2,15,26,25
image_BS1_1152_17_01_34.jpg,515.0,322.75,38.0,35.0,0.7549,drone,34,33,60,15,25
image_BS1_11531_18_00_47.jpg,19.84,371.12,39.69,51.75,0.7183,drone,2,3,15,26,25
image_BS1_11542_18_00_48.jpg,22.81,375.12,45.62,53.75,0.8047,drone,3,4,60,15,26
image_BS1_11543_18_00_48.jpg,22.97,375.38,45.94,53.25,0.8027,drone,3,60,15,26,25
image_BS1_11558_18_00_51.jpg,23.81,375.25,47.62,53.5,0.8149,drone,4,3,60,15,26
image_BS1_11562_18_00_53.jpg,24.97,373.38,49.81,53.75,0.8203,drone,3,60,15,26,25
image_BS1_11563_18_00_53.jpg,25.02,373.5,50.03,53.5,0.8247,drone,3,60,15,26,25
image_BS1_11567_18_00_54.jpg,24.25,373.75,48.5,54.0,0.8276,drone,3,60,15,26,25
image_BS1_11570_18_00_54.jpg,24.23,373.88,48.47,53.25,0.8232,drone,3,4,60,15,26
image_BS1_11572_18_00_55.jpg,23.78,373.88,47.56,53.25,0.8188,drone,3,60,15,26,25
image_BS1_11573_18_00_55.jpg,23.94,373.75,47.88,54.0,0.8232,drone,3,60,15,26,25
image_BS1_11574_18_00_55.jpg,24.02,373.62,48.03,53.75,0.8203,drone,3,60,15,26,25
image_BS1_11579_18_00_56.jpg,22.58,374.5,45.16,53.5,0.8105,drone,3,60,15,26,25
image_BS1_1157_17_01_34.jpg,583.0,332.5,37.0,34.5,0.7446,drone,38,39,60,15,25
image_BS1_11584_18_00_56.jpg,22.92,373.88,45.84,53.25,0.813,drone,3,60,15,26,25
image_BS1_11587_18_00_57.jpg,23.03,374.25,46.06,54.0,0.8115,drone,3,60,15,26,25
image_BS1_11593_18_00_58.jpg,23.5,374.0,47.0,53.5,0.814,drone,3,60,15,26,25
image_BS1_11596_18_00_58.jpg,23.75,374.12,47.5,53.75,0.813,drone,3,4,60,15,26
image_BS1_11598_18_00_58.jpg,24.03,374.0,48.06,54.0,0.8213,drone,3,4,60,15,26
image_BS1_1159_17_01_37.jpg,554.75,313.88,36.5,33.75,0.7388,drone,37,60,15,26,25
image_BS1_115_16_58_56.jpg,498.62,331.88,35.75,32.75,0.7578,drone,32,33,60,15,25
image_BS1_11609_18_01_00.jpg,24.12,373.88,48.25,53.25,0.8198,drone,3,4,60,15,26
image_BS1_11611_18_01_00.jpg,24.91,374.0,49.81,54.0,0.8301,drone,4,3,60,15,26
image_BS1_11612_18_01_00.jpg,25.0,374.0,50.0,53.5,0.8242,drone,3,4,60,15,26
image_BS1_11613_18_01_00.jpg,25.5,373.62,51.0,53.75,0.8315,drone,3,60,15,26,25
image_BS1_11617_18_01_01.jpg,26.58,373.88,52.84,54.25,0.8335,drone,3,60,15,26,25
image_BS1_11618_18_01_01.jpg,25.78,373.62,51.56,53.75,0.8384,drone,3,4,60,15,26
image_BS1_11621_18_01_01.jpg,26.41,374.12,52.56,54.25,0.8389,drone,3,4,60,15,26
image_BS1_11622_18_01_01.jpg,26.77,374.25,53.03,54.0,0.8354,drone,3,4,60,15,26
image_BS1_11636_18_01_03.jpg,26.96,373.88,53.52,54.25,0.8428,drone,3,4,60,15,26
image_BS1_11640_18_01_04.jpg,26.02,373.88,52.03,53.75,0.8359,drone,3,4,60,15,26
image_BS1_11643_18_01_05.jpg,25.81,374.25,51.62,54.0,0.8394,drone,4,3,60,15,26
image_BS1_11646_18_01_05.jpg,25.91,374.5,51.75,54.0,0.8311,drone,4,3,60,15,26
image_BS1_11647_18_01_05.jpg,25.42,374.88,50.78,53.75,0.8354,drone,3,4,60,15,26
image_BS1_11650_18_01_06.jpg,24.75,374.88,49.5,53.75,0.832,drone,3,4,60,15,26
image_BS1_11656_18_01_06.jpg,24.91,374.5,49.81,53.5,0.8296,drone,3,4,60,15,26
image_BS1_11657_18_01_07.jpg,24.73,374.0,49.41,53.5,0.8237,drone,4,3,60,15,26
image_BS1_11662_18_01_07.jpg,24.94,373.62,49.88,53.75,0.8311,drone,3,60,15,26,25
image_BS1_11664_18_01_08.jpg,24.38,374.12,48.75,53.75,0.8257,drone,3,4,60,15,26
image_BS1_11665_18_01_08.jpg,24.77,373.5,49.53,54.0,0.8301,drone,3,60,15,26,25
image_BS1_11670_18_01_09.jpg,24.38,372.38,48.75,53.75,0.8252,drone,4,3,60,15,26
image_BS1_11674_18_01_10.jpg,23.64,372.62,47.28,54.25,0.8208,drone,3,60,15,26,25
image_BS1_11678_18_01_10.jpg,23.28,372.25,46.56,53.0,0.8115,drone,3,60,15,26,25
image_BS1_1167_17_01_38.jpg,464.75,316.0,38.5,35.5,0.7822,drone,29,28,26,25,24
image_BS1_11680_18_01_11.jpg,22.92,372.25,45.84,53.0,0.8008,drone,3,60,15,26,25
image_BS1_11682_18_01_11.jpg,23.03,371.38,46.06,53.75,0.8145,drone,3,60,15,26,25
image_BS1_11683_18_01_11.jpg,22.7,371.62,45.41,53.25,0.8071,drone,3,60,15,26,25
image_BS1_11684_18_01_11.jpg,22.88,371.38,45.75,53.25,0.8101,drone,3,60,15,26,25
image_BS1_11686_18_01_11.jpg,23.09,371.0,46.19,54.0,0.814,drone,3,60,15,26,25
image_BS1_11689_18_01_12.jpg,23.55,371.0,47.09,53.5,0.8188,drone,3,60,15,26,25
image_BS1_11690_18_01_12.jpg,23.33,370.88,46.66,53.25,0.8159,drone,3,60,15,26,25
image_BS1_11694_18_01_13.jpg,23.84,371.38,47.69,53.25,0.8159,drone,3,60,15,26,25
image_BS1_11696_18_01_13.jpg,23.5,371.88,47.0,53.25,0.8115,drone,3,60,15,26,25
image_BS1_11699_18_01_13.jpg,23.12,372.75,46.25,53.5,0.8101,drone,3,60,15,26,25
image_BS1_1169_17_01_38.jpg,441.5,317.38,38.5,35.25,0.7676,drone,27,28,26,25,24
image_BS1_116_16_58_57.jpg,498.5,331.62,36.0,33.25,0.7563,drone,32,60,15,26,25
image_BS1_11701_18_01_13.jpg,23.53,372.38,47.06,52.75,0.8188,drone,3,60,15,26,25
image_BS1_11703_18_01_14.jpg,23.0,373.12,46.0,53.25,0.8052,drone,3,60,15,26,25
image_BS1_11706_18_01_14.jpg,23.59,373.25,47.19,53.0,0.8101,drone,3,60,15,26,25
image_BS1_11708_18_01_14.jpg,23.84,373.25,47.69,54.0,0.8203,drone,3,60,15,26,25
image_BS1_11710_18_01_15.jpg,23.81,373.25,47.62,53.5,0.8203,drone,3,60,15,26,25
image_BS1_11711_18_01_15.jpg,23.72,373.38,47.44,54.75,0.8267,drone,3,60,15,26,25
image_BS1_11712_18_01_15.jpg,24.03,373.12,48.06,53.75,0.8208,drone,3,60,15,26,25
image_BS1_11713_18_01_15.jpg,24.36,373.38,48.72,53.75,0.8252,drone,3,60,15,26,25
image_BS1_11715_18_01_16.jpg,24.12,374.12,48.25,53.75,0.8179,drone,3,4,60,15,26
image_BS1_11719_18_01_16.jpg,20.77,375.12,41.53,52.25,0.7808,drone,3,2,15,26,25
image_BS1_11721_18_01_17.jpg,20.26,376.62,40.36,51.75,0.771,drone,2,3,4,15,26
image_BS1_11723_18_01_17.jpg,17.89,376.38,35.78,52.75,0.7407,drone,3,2,15,26,25
image_BS1_11726_18_01_35.jpg,17.78,383.75,35.56,51.5,0.7437,drone,3,2,4,15,26
image_BS1_11731_18_01_37.jpg,78.7,384.62,59.84,56.25,0.8682,drone,6,5,7,60,16
image_BS1_11732_18_01_37.jpg,84.03,385.25,58.69,55.0,0.5659,drone,6,7,60,15,26
image_BS1_11732_18_01_37.jpg,84.03,385.25,59.06,56.0,0.4272,drone,6,7,60,15,26
image_BS1_11733_18_01_37.jpg,88.27,384.5,59.47,56.0,0.7104,drone,6,7,60,15,26
image_BS1_11738_18_01_38.jpg,102.22,384.88,58.06,54.75,0.7754,drone,7,6,60,15,26
image_BS1_1173_17_01_38.jpg,394.25,319.25,37.0,34.0,0.7793,drone,23,26,60,28,25
image_BS1_11742_18_01_38.jpg,105.88,383.75,57.75,54.5,0.8594,drone,7,60,15,26,25
image_BS1_11744_18_01_38.jpg,107.38,383.62,58.0,54.75,0.8032,drone,7,60,15,26,25
image_BS1_11747_18_01_39.jpg,109.81,383.0,58.62,55.0,0.7051,drone,7,60,15,26,25
image_BS1_11748_18_01_39.jpg,110.44,383.12,57.38,54.25,0.8374,drone,7,60,15,26,25
image_BS1_11750_18_01_39.jpg,113.69,383.62,56.62,53.75,0.8589,drone,7,60,15,26,25
image_BS1_11753_18_01_42.jpg,123.19,387.62,59.88,56.25,0.8184,drone,7,60,15,26,25
image_BS1_11758_18_01_42.jpg,113.31,391.0,59.88,56.5,0.6484,drone,7,60,15,26,25
image_BS1_11758_18_01_42.jpg,112.62,391.0,58.25,55.0,0.5029,drone,7,60,15,26,25
image_BS1_11762_18_01_43.jpg,98.81,393.25,56.88,54.0,0.8262,drone,6,7,60,15,26
image_BS1_11764_18_01_43.jpg,95.41,393.12,57.44,54.25,0.6636,drone,6,7,60,15,26
image_BS1_1176_17_01_39.jpg,358.5,319.0,39.5,36.0,0.7798,drone,22,60,28,26,25
image_BS1_11770_18_01_44.jpg,92.97,396.38,58.69,55.25,0.8398,drone,6,7,60,15,26
image_BS1_1177_17_01_39.jpg,345.25,318.88,39.5,35.75,0.7739,drone,21,22,60,28,26
image_BS1_11780_18_01_45.jpg,85.77,402.38,56.09,53.25,0.8057,drone,6,7,60,15,26
image_BS1_11786_18_01_46.jpg,123.25,405.5,56.5,53.0,0.7827,drone,7,60,15,26,25
image_BS1_11787_18_01_46.jpg,133.97,405.5,59.06,56.0,0.8438,drone,7,11,10,60,16
image_BS1_11790_18_01_47.jpg,163.38,407.62,60.75,56.75,0.8633,drone,11,10,60,15,26
image_BS1_11791_18_01_47.jpg,171.19,409.0,60.38,56.5,0.8516,drone,11,10,60,15,26
image_BS1_11792_18_01_47.jpg,176.0,409.38,57.75,54.25,0.5679,drone,11,60,15,26,25
image_BS1_11792_18_01_47.jpg,176.38,409.25,58.75,55.5,0.5,drone,11,60,15,26,25
image_BS1_11799_18_01_48.jpg,194.88,414.75,59.0,56.0,0.8018,drone,11,14,15,26,25
image_BS1_11802_18_01_48.jpg,198.88,416.75,58.75,55.5,0.8477,drone,13,14,11,15,26
image_BS1_11803_18_01_49.jpg,199.19,417.25,58.88,55.5,0.8457,drone,13,14,11,15,26
image_BS1_11804_18_01_49.jpg,199.5,417.38,58.5,55.25,0.8428,drone,13,14,11,15,26
image_BS1_11808_18_01_49.jpg,204.75,418.12,56.0,53.25,0.7363,drone,13,14,15,26,25
image_BS1_11809_18_01_49.jpg,207.5,419.25,56.0,53.5,0.8398,drone,13,14,15,26,25
image_BS1_1180_17_01_39.jpg,306.12,318.0,37.25,34.0,0.7568,drone,17,20,19,60,28
image_BS1_11817_18_01_51.jpg,306.62,416.38,58.25,55.25,0.8711,drone,17,60,28,26,25
image_BS1_11823_18_01_52.jpg,365.38,394.12,57.75,55.25,0.8682,drone,22,60,28,26,25
image_BS1_11831_18_01_54.jpg,541.5,357.38,57.0,53.25,0.7031,drone,34,37,36,60,27
image_BS1_11832_18_01_54.jpg,543.0,357.0,58.0,54.5,0.8535,drone,37,34,36,60,27
image_BS1_11833_18_01_54.jpg,545.75,357.0,57.5,54.5,0.8379,drone,37,36,34,60,27
image_BS1_11835_18_01_54.jpg,550.25,356.25,57.5,54.5,0.8345,drone,37,60,15,26,25
image_BS1_11837_18_01_55.jpg,555.0,354.88,59.0,55.25,0.833,drone,37,60,15,26,25
image_BS1_11839_18_01_55.jpg,558.5,353.5,59.0,56.0,0.834,drone,37,60,15,26,25
image_BS1_1183_17_01_40.jpg,276.25,316.88,38.0,35.25,0.7734,drone,17,60,28,26,25
image_BS1_11842_18_01_55.jpg,561.5,351.62,59.0,55.75,0.832,drone,37,60,15,26,25
image_BS1_11847_18_01_56.jpg,551.25,350.62,58.5,55.75,0.8579,drone,37,60,15,26,25
image_BS1_1184_17_01_40.jpg,267.75,317.12,36.5,33.75,0.7563,drone,17,14,28,26,25
image_BS1_11856_18_01_57.jpg,531.12,347.0,56.75,54.5,0.7422,drone,34,60,15,26,25
image_BS1_11856_18_01_57.jpg,531.62,346.75,55.75,53.0,0.5869,drone,34,60,15,26,25
image_BS1_11859_18_01_59.jpg,526.25,349.38,58.5,55.25,0.5776,drone,34,60,15,26,25
image_BS1_11862_18_01_59.jpg,525.0,350.25,58.0,55.0,0.731,drone,34,60,15,26,25
image_BS1_11863_18_01_59.jpg,525.25,350.25,57.5,54.5,0.4727,drone,34,60,15,26,25
image_BS1_11863_18_01_59.jpg,524.62,350.5,57.75,55.0,0.4519,drone,34,60,15,26,25
image_BS1_11868_18_02_00.jpg,523.25,351.25,58.5,55.5,0.707,drone,34,60,15,26,25
image_BS1_11868_18_02_00.jpg,524.25,351.25,58.5,55.0,0.6245,drone,34,60,15,26,25
image_BS1_11870_18_02_00.jpg,524.75,351.12,53.5,50.75,0.6919,drone,34,60,15,26,25
image_BS1_11872_18_02_01.jpg,523.12,351.62,57.75,55.25,0.8257,drone,34,60,15,26,25
image_BS1_11873_18_02_01.jpg,524.25,351.75,56.5,53.0,0.7598,drone,34,60,15,26,25
image_BS1_11879_18_02_02.jpg,524.25,352.75,58.5,55.5,0.8291,drone,34,60,15,26,25
image_BS1_1187_17_01_40.jpg,250.62,316.5,37.25,34.5,0.7578,drone,14,15,28,26,25
image_BS1_11881_18_02_02.jpg,524.5,353.0,58.0,55.0,0.6929,drone,34,60,15,26,25
image_BS1_11881_18_02_02.jpg,525.0,352.88,58.0,54.75,0.4475,drone,34,60,15,26,25
image_BS1_11884_18_02_02.jpg,525.25,353.25,58.5,55.5,0.8677,drone,34,60,15,26,25
image_BS1_11886_18_02_02.jpg,525.12,353.88,57.75,55.25,0.8823,drone,34,60,15,26,25
image_BS1_11894_18_02_04.jpg,527.0,352.88,58.0,55.25,0.8369,drone,34,60,15,26,25
image_BS1_11894_18_02_04.jpg,527.5,352.88,58.0,54.75,0.4436,drone,34,60,15,26,25
image_BS1_11895_18_02_04.jpg,527.12,353.38,57.75,55.25,0.7871,drone,34,60,15,26,25
image_BS1_11895_18_02_04.jpg,527.25,353.5,57.5,54.5,0.6133,drone,34,60,15,26,25
image_BS1_1189_17_01_40.jpg,246.5,316.75,37.0,34.5,0.7705,drone,14,15,28,26,25
image_BS1_11902_18_02_05.jpg,528.38,353.0,57.25,54.5,0.8491,drone,34,60,15,26,25
image_BS1_11904_18_02_05.jpg,528.12,353.5,57.75,55.0,0.8608,drone,34,60,15,26,25
image_BS1_11906_18_02_05.jpg,528.5,353.5,58.0,55.5,0.8711,drone,34,60,15,26,25
image_BS1_11915_18_02_06.jpg,529.12,353.62,56.75,54.25,0.8218,drone,34,60,15,26,25
image_BS1_11918_18_02_07.jpg,529.0,354.75,58.0,55.5,0.8682,drone,34,60,15,26,25
image_BS1_1191_17_01_41.jpg,245.5,316.62,38.5,35.25,0.7363,drone,14,15,28,26,25
image_BS1_11926_18_02_08.jpg,530.75,354.12,57.5,55.25,0.8555,drone,34,36,60,15,25
image_BS1_11927_18_02_08.jpg,531.25,354.0,57.5,55.0,0.8325,drone,34,60,15,26,25
image_BS1_1192_17_01_41.jpg,246.12,316.88,38.75,35.75,0.7656,drone,14,15,28,26,25
image_BS1_11930_18_02_09.jpg,532.12,353.62,56.75,54.25,0.7954,drone,34,60,15,26,25
image_BS1_11931_18_02_09.jpg,532.62,353.12,53.75,50.75,0.6206,drone,34,60,15,26,25
image_BS1_11931_18_02_09.jpg,532.25,353.38,55.5,53.25,0.5952,drone,34,60,15,26,25
image_BS1_11933_18_02_09.jpg,532.25,353.75,57.5,55.0,0.8486,drone,34,60,15,26,25
image_BS1_11934_18_02_09.jpg,532.62,353.5,56.75,54.0,0.8076,drone,34,60,15,26,25
image_BS1_11934_18_02_09.jpg,532.88,353.25,56.25,53.0,0.4863,drone,34,60,15,26,25
image_BS1_1193_17_01_41.jpg,248.0,318.62,38.0,35.25,0.772,drone,14,15,28,26,25
image_BS1_11945_18_02_11.jpg,534.0,353.88,58.0,55.25,0.8535,drone,34,60,15,26,25
image_BS1_11947_18_02_11.jpg,534.0,353.12,57.0,54.25,0.7769,drone,34,60,15,26,25
image_BS1_11948_18_02_11.jpg,534.75,353.12,54.5,51.75,0.7114,drone,34,60,15,26,25
image_BS1_11950_18_02_11.jpg,534.25,353.62,56.5,53.75,0.7573,drone,34,60,15,26,25
image_BS1_11952_18_02_12.jpg,533.88,353.88,56.25,53.75,0.7344,drone,34,60,15,26,25
image_BS1_11955_18_02_12.jpg,533.0,353.75,58.0,55.0,0.8545,drone,34,60,15,26,25
image_BS1_11959_18_02_13.jpg,532.62,354.25,58.75,56.0,0.8652,drone,34,60,15,26,25
image_BS1_11962_18_02_13.jpg,532.5,353.38,57.0,54.75,0.8384,drone,34,60,15,26,25
image_BS1_11965_18_02_13.jpg,532.75,353.0,56.5,54.0,0.7676,drone,34,60,15,26,25
image_BS1_11965_18_02_13.jpg,533.5,352.75,55.0,52.0,0.4446,drone,34,60,15,26,25
image_BS1_11968_18_02_14.jpg,532.25,353.75,57.5,55.0,0.8481,drone,34,60,15,26,25
image_BS1_11969_18_02_14.jpg,533.0,353.75,58.0,55.0,0.8369,drone,34,60,15,26,25
image_BS1_11971_18_02_14.jpg,532.75,354.25,58.5,55.5,0.8594,drone,34,60,15,26,25
image_BS1_11977_18_02_17.jpg,532.0,475.12,58.0,55.25,0.8398,drone,34,39,60,15,25
image_BS1_11979_18_02_19.jpg,540.5,511.0,63.0,58.0,0.7852,drone,34,37,36,60,27
image_BS1_11979_18_02_19.jpg,540.12,511.25,62.75,57.5,0.6582,drone,34,37,36,60,27
image_BS1_11980_18_02_19.jpg,540.75,512.75,62.5,54.5,0.7529,drone,37,34,36,60,27
image_BS1_11980_18_02_19.jpg,539.88,512.12,62.25,55.75,0.6138,drone,37,34,36,60,27
image_BS1_11982_18_02_20.jpg,543.0,514.62,61.0,50.75,0.7876,drone,37,36,34,38,60
image_BS1_11982_18_02_20.jpg,542.25,514.88,61.5,50.25,0.561,drone,37,36,34,38,60
image_BS1_11990_18_02_21.jpg,546.0,518.75,56.0,42.5,0.666,drone,37,36,34,60,27
image_BS1_11999_18_02_23.jpg,546.75,517.88,57.5,44.25,0.7422,drone,36,37,34,39,60
image_BS1_1199_17_01_42.jpg,269.19,324.0,39.12,36.0,0.7974,drone,17,14,28,26,25
image_BS1_11_16_58_43.jpg,616.5,435.5,59.0,55.0,0.7622,drone,39,60,15,26,25
image_BS1_11_16_58_43.jpg,615.5,435.88,57.0,53.25,0.4775,drone,39,60,15,26,25
image_BS1_12000_18_02_23.jpg,545.75,518.12,57.5,43.75,0.7393,drone,36,37,34,60,27
image_BS1_12001_18_02_24.jpg,546.5,517.75,59.0,44.5,0.75,drone,36,37,34,60,27
image_BS1_1200_17_01_42.jpg,273.31,324.75,39.38,36.0,0.7812,drone,17,60,28,26,25
image_BS1_1203_17_01_42.jpg,287.25,329.0,38.5,35.5,0.7852,drone,17,60,28,26,25
image_BS1_1209_17_01_43.jpg,311.38,335.62,38.25,35.25,0.7822,drone,19,17,60,28,26
image_BS1_1212_17_01_43.jpg,324.5,339.0,38.0,34.5,0.7646,drone,20,19,21,60,28
image_BS1_1217_17_01_44.jpg,346.62,344.38,37.75,34.75,0.7646,drone,21,22,60,28,26
image_BS1_1218_17_01_44.jpg,350.25,344.88,38.5,35.25,0.7744,drone,22,21,60,28,26
image_BS1_121_16_58_57.jpg,501.25,331.38,35.5,32.75,0.7769,drone,33,32,60,15,25
image_BS1_1220_17_01_44.jpg,360.88,347.25,37.75,35.0,0.708,drone,22,60,28,26,25
image_BS1_1223_17_01_45.jpg,377.12,350.38,37.75,34.75,0.7832,drone,23,22,60,28,26
image_BS1_1224_17_01_45.jpg,382.62,351.0,37.25,34.5,0.7788,drone,23,22,60,28,26
image_BS1_1225_17_01_45.jpg,388.38,352.75,37.25,34.5,0.7734,drone,23,22,60,28,26
image_BS1_1226_17_01_45.jpg,394.88,353.25,38.25,35.5,0.7769,drone,23,26,22,60,28
image_BS1_1229_17_01_46.jpg,411.25,356.12,38.5,35.25,0.7607,drone,26,27,28,25,24
image_BS1_1232_17_01_46.jpg,429.75,358.88,37.5,34.75,0.7744,drone,27,26,28,25,24
image_BS1_1236_17_01_47.jpg,453.5,362.0,35.5,33.0,0.7827,drone,29,28,26,25,24
image_BS1_1237_17_01_47.jpg,458.5,362.75,36.5,34.0,0.7656,drone,29,28,26,25,24
image_BS1_1242_17_01_47.jpg,476.88,364.12,36.25,33.75,0.7593,drone,29,28,26,25,24
image_BS1_1243_17_01_47.jpg,478.62,364.12,37.25,34.75,0.7754,drone,29,28,26,25,24
image_BS1_1244_17_01_48.jpg,480.25,363.88,37.0,34.25,0.7744,drone,29,30,15,26,25
image_BS1_1249_17_01_48.jpg,488.62,361.62,36.25,33.25,0.7583,drone,31,32,60,15,25
image_BS1_124_16_58_58.jpg,505.25,330.88,35.5,32.75,0.7773,drone,33,60,15,26,25
image_BS1_1254_17_01_49.jpg,483.0,361.62,34.5,31.75,0.7388,drone,30,29,31,15,25
image_BS1_1255_17_01_50.jpg,482.62,362.0,34.75,32.0,0.7305,drone,29,30,31,15,25
image_BS1_1258_17_01_50.jpg,480.38,362.88,34.25,31.75,0.749,drone,29,30,15,26,25
image_BS1_125_16_58_58.jpg,506.62,330.62,35.75,32.75,0.7646,drone,33,34,60,15,25
image_BS1_1260_17_01_50.jpg,479.12,362.5,33.75,31.0,0.7456,drone,29,33,15,26,25
image_BS1_1262_17_01_50.jpg,478.12,361.25,33.25,30.5,0.7266,drone,29,33,30,15,25
image_BS1_1263_17_01_51.jpg,478.38,360.88,30.25,28.75,0.709,drone,29,33,30,15,25
image_BS1_1265_17_01_51.jpg,477.88,358.62,29.25,28.25,0.71,drone,29,30,15,26,25
image_BS1_126_16_58_58.jpg,509.62,330.75,35.75,33.0,0.7637,drone,34,33,60,15,25
image_BS1_1272_17_01_52.jpg,478.12,351.12,26.75,26.25,0.7075,drone,29,28,26,25,24
image_BS1_1274_17_01_52.jpg,478.12,347.62,23.25,24.25,0.7285,drone,29,30,32,15,25
image_BS1_1278_17_01_55.jpg,483.5,332.12,20.5,22.25,0.75,drone,31,60,15,26,25
image_BS1_1281_17_01_56.jpg,483.88,331.12,20.75,22.25,0.7515,drone,31,60,15,26,25
image_BS1_1282_17_01_56.jpg,484.25,330.62,20.5,22.25,0.7515,drone,31,30,60,15,25
image_BS1_1286_17_01_56.jpg,484.75,329.25,20.0,22.0,0.772,drone,30,31,60,15,25
image_BS1_1289_17_01_57.jpg,484.88,327.75,19.75,22.0,0.7773,drone,31,30,60,15,25
image_BS1_1293_17_01_57.jpg,485.88,325.5,20.25,22.0,0.7656,drone,31,32,60,15,25
image_BS1_1294_17_01_57.jpg,485.5,324.38,20.0,21.75,0.7656,drone,32,31,60,15,25
image_BS1_1301_17_01_58.jpg,486.12,322.0,19.25,21.5,0.7734,drone,32,30,31,60,27
image_BS1_1302_17_01_58.jpg,487.0,321.62,19.5,21.75,0.7759,drone,32,31,60,15,25
image_BS1_1306_17_01_59.jpg,487.25,323.75,19.0,21.0,0.7754,drone,32,31,29,15,25
image_BS1_1309_17_01_59.jpg,488.12,327.12,18.75,21.25,0.4854,drone,33,32,30,31,60
image_BS1_1313_17_02_00.jpg,490.62,331.12,18.75,21.25,0.7812,drone,32,33,60,15,25
image_BS1_1314_17_02_00.jpg,490.25,331.62,18.5,21.25,0.7812,drone,33,32,60,15,25
image_BS1_1321_17_02_01.jpg,492.75,337.0,19.0,21.5,0.7773,drone,32,60,15,26,25
image_BS1_1322_17_02_01.jpg,494.5,336.88,19.0,21.25,0.7891,drone,32,60,15,26,25
image_BS1_1323_17_02_01.jpg,494.75,337.38,19.0,21.25,0.7866,drone,32,60,15,26,25
image_BS1_1325_17_02_01.jpg,494.75,337.62,19.0,21.25,0.7886,drone,32,60,15,26,25
image_BS1_1329_17_02_02.jpg,495.88,337.75,19.25,21.5,0.7891,drone,32,60,15,26,25
image_BS1_132_16_58_59.jpg,534.0,331.38,36.0,33.25,0.7739,drone,34,60,15,26,25
image_BS1_1343_17_02_04.jpg,497.75,336.88,18.5,20.75,0.7778,drone,32,60,15,26,25
image_BS1_1346_17_02_04.jpg,497.75,337.12,19.0,21.25,0.7793,drone,32,60,15,26,25
image_BS1_1347_17_02_04.jpg,497.75,337.25,18.5,20.5,0.7739,drone,32,60,15,26,25
image_BS1_1348_17_02_05.jpg,497.88,337.25,18.75,21.0,0.7793,drone,32,60,15,26,25
image_BS1_134_16_58_59.jpg,541.75,331.88,34.5,31.75,0.7422,drone,34,36,60,15,25
image_BS1_1353_17_02_06.jpg,498.0,336.88,19.0,20.75,0.7744,drone,32,60,15,26,25
image_BS1_1356_17_02_06.jpg,497.5,337.5,18.5,21.0,0.7769,drone,32,60,15,26,25
image_BS1_136_16_58_59.jpg,547.25,332.5,34.5,32.0,0.7319,drone,37,36,34,60,27
image_BS1_1372_17_02_11.jpg,496.0,337.38,19.0,21.25,0.7905,drone,32,60,15,26,25
image_BS1_1374_17_02_11.jpg,495.75,338.0,18.5,20.5,0.7891,drone,32,60,15,26,25
image_BS1_1376_17_02_11.jpg,496.5,336.5,18.5,20.5,0.5049,drone,32,60,15,26,25
image_BS1_1376_17_02_11.jpg,496.12,337.0,18.75,21.0,0.4543,drone,32,60,15,26,25
image_BS1_1380_17_02_12.jpg,496.5,335.38,19.0,21.25,0.7739,drone,32,60,15,26,25
image_BS1_1384_17_02_12.jpg,496.38,334.75,18.75,21.0,0.6406,drone,32,60,15,26,25
image_BS1_1388_17_02_13.jpg,497.0,333.75,18.5,20.5,0.7842,drone,32,60,15,26,25
image_BS1_1392_17_02_13.jpg,497.0,333.38,18.0,20.75,0.7871,drone,32,60,15,26,25
image_BS1_1393_17_02_13.jpg,497.38,333.12,18.25,20.75,0.79,drone,32,60,15,26,25
image_BS1_1394_17_02_14.jpg,496.88,333.25,18.75,21.0,0.7905,drone,32,60,15,26,25
image_BS1_1395_17_02_14.jpg,496.5,333.12,18.5,20.75,0.7861,drone,32,34,60,15,25
image_BS1_1397_17_02_14.jpg,496.88,333.0,18.75,21.0,0.792,drone,32,60,15,26,25
image_BS1_13_16_58_43.jpg,610.75,425.0,58.5,55.0,0.7998,drone,39,60,15,26,25
image_BS1_13_16_58_43.jpg,611.25,425.12,56.5,52.75,0.6748,drone,39,60,15,26,25
image_BS1_1400_17_02_14.jpg,497.0,332.88,18.5,20.75,0.791,drone,32,60,15,26,25
image_BS1_1406_17_02_15.jpg,502.88,331.88,18.25,20.75,0.7842,drone,33,32,60,15,25
image_BS1_1413_17_02_16.jpg,507.88,330.88,18.25,20.75,0.7808,drone,34,33,60,15,25
image_BS1_1419_17_02_17.jpg,508.88,330.62,18.25,20.75,0.7793,drone,34,33,60,15,25
image_BS1_1420_17_02_17.jpg,509.25,330.5,18.5,20.5,0.7822,drone,34,33,60,15,25
image_BS1_1422_17_02_17.jpg,508.88,330.62,18.25,20.25,0.7778,drone,34,33,60,15,25
image_BS1_1423_17_02_17.jpg,509.0,330.5,18.0,20.0,0.7832,drone,34,33,60,15,25
image_BS1_1429_17_02_18.jpg,505.62,330.88,18.75,20.75,0.7852,drone,33,60,15,26,25
image_BS1_142_16_59_00.jpg,532.75,330.0,36.5,33.5,0.7656,drone,34,60,15,26,25
image_BS1_1433_17_02_19.jpg,502.62,332.0,18.75,21.0,0.7842,drone,33,32,60,15,25
image_BS1_1437_17_02_19.jpg,497.38,333.88,18.25,20.75,0.7754,drone,32,60,15,26,25
image_BS1_143_16_59_00.jpg,526.88,329.5,35.25,32.5,0.7793,drone,34,60,15,26,25
image_BS1_1443_17_02_20.jpg,481.0,340.12,18.0,20.25,0.7852,drone,29,30,31,32,27
image_BS1_1444_17_02_20.jpg,477.75,341.38,18.5,20.75,0.7812,drone,29,31,15,26,25
image_BS1_1447_17_02_21.jpg,465.0,345.75,18.0,20.5,0.7769,drone,29,28,26,25,24
image_BS1_1448_17_02_21.jpg,459.62,347.12,17.75,20.25,0.7642,drone,29,28,26,25,24
image_BS1_144_16_59_00.jpg,522.12,328.88,36.75,33.75,0.7568,drone,34,60,15,26,25
image_BS1_1450_17_02_21.jpg,449.88,350.88,17.75,20.25,0.7295,drone,29,28,26,25,24
image_BS1_1452_17_02_21.jpg,439.38,354.12,18.25,20.25,0.7754,drone,27,29,3,4,26
image_BS1_1453_17_02_21.jpg,435.25,355.75,17.5,20.0,0.7661,drone,27,28,26,25,24
image_BS1_1455_17_02_22.jpg,427.38,359.38,17.75,19.75,0.5469,drone,26,27,28,25,24
image_BS1_1459_17_02_22.jpg,418.62,363.0,17.75,20.0,0.7676,drone,26,60,28,25,24
image_BS1_1464_17_02_23.jpg,423.25,362.62,18.0,20.25,0.7759,drone,27,26,28,25,24
image_BS1_1467_17_02_24.jpg,430.75,360.75,18.0,20.5,0.7798,drone,27,26,28,25,24
image_BS1_146_16_59_01.jpg,510.12,326.88,36.75,33.75,0.7739,drone,34,33,32,60,27
image_BS1_1470_17_02_24.jpg,442.88,358.12,17.75,20.25,0.7676,drone,29,27,3,4,26
image_BS1_1471_17_02_24.jpg,447.38,357.0,17.75,20.0,0.7686,drone,29,28,26,25,24
image_BS1_1473_17_02_24.jpg,456.38,355.12,17.75,19.75,0.6538,drone,29,28,26,25,24
image_BS1_1475_17_02_25.jpg,475.5,349.5,18.0,20.5,0.7793,drone,29,28,26,25,24
image_BS1_1476_17_02_25.jpg,483.0,347.5,18.5,20.5,0.7812,drone,31,32,60,15,25
image_BS1_1479_17_02_26.jpg,497.88,343.5,18.25,20.5,0.7622,drone,32,60,15,26,25
image_BS1_147_16_59_01.jpg,504.38,326.25,37.25,34.0,0.7808,drone,31,33,34,60,27
image_BS1_1481_17_02_27.jpg,518.0,337.62,18.0,20.75,0.772,drone,34,33,60,15,25
image_BS1_1484_17_02_28.jpg,512.5,335.12,18.0,20.25,0.7324,drone,33,34,60,15,25
image_BS1_1488_17_02_29.jpg,509.88,338.25,18.25,20.5,0.7822,drone,34,33,60,15,25
image_BS1_1489_17_02_29.jpg,509.5,339.0,18.0,20.5,0.7827,drone,34,33,60,15,25
image_BS1_148_16_59_01.jpg,498.25,325.75,35.5,32.5,0.75,drone,33,32,34,60,27
image_BS1_1491_17_02_29.jpg,508.88,341.38,18.25,20.75,0.7852,drone,33,32,34,60,27
image_BS1_1504_17_02_31.jpg,505.88,350.38,18.25,20.75,0.728,drone,33,60,15,26,25
image_BS1_1511_17_02_32.jpg,504.75,352.25,18.5,20.5,0.7725,drone,33,34,32,60,27
image_BS1_1512_17_02_32.jpg,505.12,352.5,18.75,21.0,0.7788,drone,33,34,60,15,25
image_BS1_1516_17_02_32.jpg,504.75,353.25,18.5,20.5,0.7773,drone,33,60,15,26,25
image_BS1_1517_17_02_33.jpg,505.0,353.0,19.0,21.0,0.7861,drone,33,34,60,15,25
image_BS1_1518_17_02_33.jpg,504.38,353.12,18.25,20.75,0.7827,drone,33,60,15,26,25
image_BS1_1519_17_02_33.jpg,504.75,354.0,18.5,21.0,0.7788,drone,33,60,15,26,25
image_BS1_1522_17_02_33.jpg,504.75,354.38,18.5,20.75,0.7754,drone,33,60,15,26,25
image_BS1_1525_17_02_34.jpg,505.0,354.0,19.0,21.0,0.7822,drone,33,60,15,26,25
image_BS1_1526_17_02_34.jpg,504.75,354.62,18.5,20.75,0.7725,drone,33,60,15,26,25
image_BS1_1527_17_02_34.jpg,504.88,354.62,18.25,20.75,0.7739,drone,33,60,15,26,25
image_BS1_1529_17_02_34.jpg,505.25,355.62,18.5,20.75,0.7754,drone,33,60,15,26,25
image_BS1_1531_17_02_34.jpg,505.25,357.38,18.5,20.75,0.79,drone,33,32,34,60,27
image_BS1_1537_17_02_35.jpg,508.5,369.62,19.0,20.75,0.7739,drone,33,34,60,15,25
image_BS1_1540_17_02_36.jpg,510.75,383.38,18.5,20.75,0.793,drone,33,34,60,15,25
image_BS1_1541_17_02_36.jpg,511.0,385.5,19.0,21.0,0.7847,drone,33,34,60,15,25
image_BS1_1543_17_02_36.jpg,510.88,386.88,19.25,21.25,0.7812,drone,33,34,60,15,25
image_BS1_1544_17_02_37.jpg,511.0,387.12,19.0,21.25,0.7808,drone,34,33,60,15,25
image_BS1_1546_17_02_37.jpg,510.88,387.62,19.25,20.75,0.7812,drone,34,33,60,15,25
image_BS1_1550_17_02_37.jpg,510.88,388.75,19.25,21.0,0.7847,drone,34,33,60,15,25
image_BS1_1551_17_02_38.jpg,511.0,389.12,19.0,20.75,0.7866,drone,34,33,60,15,25
image_BS1_1555_17_02_38.jpg,510.88,390.75,19.25,21.0,0.7373,drone,33,34,60,15,25
image_BS1_1556_17_02_38.jpg,510.62,391.12,18.75,20.75,0.7832,drone,33,34,60,15,25
image_BS1_1558_17_02_40.jpg,495.0,392.25,19.0,21.0,0.7847,drone,33,32,29,15,25
image_BS1_1560_17_02_40.jpg,489.75,392.75,19.0,21.0,0.7778,drone,32,33,31,60,27
image_BS1_1568_17_02_41.jpg,469.38,396.25,19.75,21.5,0.7778,drone,29,28,26,25,24
image_BS1_156_16_59_02.jpg,483.75,322.25,36.5,33.5,0.7773,drone,31,30,29,15,25
image_BS1_1579_17_02_43.jpg,464.5,397.25,19.0,21.0,0.5049,drone,29,28,26,25,24
image_BS1_157_16_59_02.jpg,483.5,322.25,36.5,33.5,0.7773,drone,31,30,29,15,25
image_BS1_1585_17_02_43.jpg,464.5,397.38,19.0,21.25,0.4358,drone,29,28,26,25,24
image_BS1_1585_17_02_43.jpg,464.12,397.38,19.25,21.25,0.4141,drone,29,28,26,25,24
image_BS1_1587_17_02_46.jpg,495.62,399.62,18.75,20.75,0.7778,drone,32,31,60,15,25
image_BS1_158_16_59_02.jpg,483.25,321.75,36.5,33.5,0.7759,drone,29,31,30,15,25
image_BS1_1592_17_02_47.jpg,521.38,388.25,19.25,21.0,0.7832,drone,34,60,15,26,25
image_BS1_1593_17_02_47.jpg,522.5,384.25,19.0,21.0,0.7769,drone,34,60,15,26,25
image_BS1_1595_17_02_48.jpg,522.25,382.0,18.5,20.5,0.7827,drone,34,60,15,26,25
image_BS1_1601_17_02_48.jpg,509.5,376.38,19.0,21.25,0.7852,drone,34,33,31,60,27
image_BS1_1606_17_02_49.jpg,498.0,375.38,18.5,20.75,0.7827,drone,32,33,60,15,25
image_BS1_160_16_59_03.jpg,483.75,321.0,37.0,34.0,0.7822,drone,29,30,31,15,25
image_BS1_1611_17_02_50.jpg,490.75,373.5,19.0,21.0,0.7847,drone,31,32,60,15,25
image_BS1_1612_17_02_50.jpg,489.5,372.75,19.0,21.0,0.7842,drone,32,31,29,15,25
image_BS1_1613_17_02_50.jpg,489.0,372.38,18.5,20.75,0.7832,drone,32,31,29,15,25
image_BS1_1616_17_02_50.jpg,484.88,371.0,19.25,21.0,0.7773,drone,32,30,31,60,27
image_BS1_161_16_59_03.jpg,485.25,321.0,36.5,33.0,0.7778,drone,31,30,60,15,25
image_BS1_1622_17_02_51.jpg,467.5,369.62,19.0,20.75,0.7656,drone,29,28,26,25,24
image_BS1_1624_17_02_51.jpg,458.88,369.88,18.25,20.25,0.7754,drone,29,28,26,25,24
image_BS1_1630_17_02_52.jpg,456.0,368.75,19.0,21.0,0.7827,drone,29,28,26,25,24
image_BS1_1631_17_02_52.jpg,456.62,368.38,18.75,20.75,0.7812,drone,29,28,26,25,24
image_BS1_1637_17_02_53.jpg,471.25,367.62,19.0,21.25,0.7812,drone,29,28,26,25,24
image_BS1_1638_17_02_53.jpg,474.12,367.38,19.25,21.25,0.7759,drone,29,28,26,25,24
image_BS1_1643_17_02_54.jpg,494.12,368.12,19.25,21.25,0.7832,drone,32,60,15,26,25
image_BS1_1644_17_02_54.jpg,498.38,368.5,18.75,21.0,0.7725,drone,33,32,60,15,25
image_BS1_1649_17_02_55.jpg,518.0,370.0,19.0,21.0,0.7812,drone,34,33,60,15,25
image_BS1_164_16_59_03.jpg,493.0,320.38,37.0,33.75,0.7886,drone,34,33,60,15,25
image_BS1_1654_17_02_55.jpg,536.75,370.25,18.5,20.5,0.7812,drone,34,60,15,26,25
image_BS1_1657_17_02_56.jpg,544.5,370.75,19.0,20.5,0.7808,drone,34,37,60,15,25
image_BS1_1658_17_02_56.jpg,546.0,370.75,18.0,20.5,0.7769,drone,37,36,34,60,27
image_BS1_1659_17_02_56.jpg,547.25,370.62,18.5,20.75,0.7725,drone,37,36,34,60,27
image_BS1_1662_17_02_56.jpg,549.75,370.62,18.5,20.75,0.7759,drone,37,34,60,15,25
image_BS1_1663_17_02_57.jpg,549.75,370.75,18.5,21.0,0.7822,drone,37,34,60,15,25
image_BS1_1667_17_02_57.jpg,547.75,370.62,18.5,20.75,0.7744,drone,36,37,34,60,27
image_BS1_1671_17_02_58.jpg,521.75,370.12,18.5,20.75,0.7812,drone,34,33,60,15,25
image_BS1_1676_17_02_59.jpg,496.5,371.25,19.0,21.0,0.7744,drone,32,33,60,15,25
image_BS1_1677_17_02_59.jpg,490.38,371.38,19.25,21.25,0.7773,drone,32,31,60,15,25
image_BS1_1678_17_02_59.jpg,485.12,372.12,19.25,21.25,0.7754,drone,32,31,60,15,25
image_BS1_167_16_59_03.jpg,508.25,320.62,36.5,33.25,0.7676,drone,33,34,60,15,25
image_BS1_1683_17_03_00.jpg,454.75,376.12,19.0,21.25,0.7773,drone,29,28,26,25,24
image_BS1_1693_17_03_04.jpg,392.25,357.62,18.5,20.75,0.5332,drone,23,60,28,26,25
image_BS1_1693_17_03_04.jpg,391.88,357.5,18.75,20.5,0.4551,drone,23,60,28,26,25
image_BS1_1697_17_03_05.jpg,410.88,349.12,18.25,20.25,0.7622,drone,26,27,28,25,24
image_BS1_1698_17_03_05.jpg,416.62,347.75,18.25,20.5,0.7671,drone,26,60,28,25,24
image_BS1_169_16_59_04.jpg,519.75,321.62,36.5,33.75,0.7832,drone,34,60,15,26,25
image_BS1_1703_17_03_06.jpg,447.62,345.12,18.75,20.75,0.7788,drone,29,28,26,25,24
image_BS1_1710_17_03_07.jpg,486.12,359.5,19.25,21.5,0.7847,drone,32,31,29,15,25
image_BS1_171_16_59_04.jpg,530.5,322.0,37.0,34.0,0.7578,drone,34,60,15,26,25
image_BS1_1720_17_03_08.jpg,520.88,413.12,19.25,21.25,0.7842,drone,34,60,15,26,25
image_BS1_1723_17_03_09.jpg,525.75,443.38,19.5,21.25,0.7671,drone,34,33,60,15,25
image_BS1_1730_17_03_18.jpg,409.12,406.0,19.75,21.5,0.7505,drone,26,27,28,25,24
image_BS1_1740_17_03_21.jpg,451.88,383.0,20.75,22.5,0.7534,drone,29,28,26,25,24
image_BS1_1741_17_03_22.jpg,467.75,383.12,21.0,22.75,0.7598,drone,29,28,26,25,24
image_BS1_1742_17_03_22.jpg,469.38,383.12,21.25,22.75,0.7593,drone,29,28,26,25,24
image_BS1_1744_17_03_23.jpg,472.12,384.38,21.75,23.25,0.7661,drone,29,28,26,25,24
image_BS1_1750_17_03_23.jpg,479.0,386.12,21.5,22.75,0.7705,drone,29,30,15,26,25
image_BS1_1751_17_03_24.jpg,479.88,386.75,21.75,23.0,0.7734,drone,29,30,32,15,25
image_BS1_1755_17_03_24.jpg,482.75,388.25,21.5,23.0,0.769,drone,31,29,30,15,25
image_BS1_175_16_59_04.jpg,554.5,323.62,36.0,33.25,0.7607,drone,37,34,39,60,27
image_BS1_1763_17_03_25.jpg,486.25,391.62,21.5,22.75,0.7656,drone,31,29,32,15,25
image_BS1_1764_17_03_25.jpg,487.25,391.88,21.5,22.75,0.769,drone,31,32,29,15,25
image_BS1_1766_17_03_26.jpg,487.12,391.38,21.25,22.75,0.771,drone,31,32,29,15,25
image_BS1_176_16_59_05.jpg,561.25,324.38,35.5,32.75,0.752,drone,37,34,60,15,25
image_BS1_1779_17_03_27.jpg,489.25,388.38,22.0,23.25,0.7725,drone,32,31,60,15,25
image_BS1_177_16_59_05.jpg,565.75,325.25,35.5,33.0,0.752,drone,37,39,38,60,27
image_BS1_1780_17_03_28.jpg,489.38,388.75,21.75,23.0,0.7734,drone,32,31,60,15,25
image_BS1_1785_17_03_28.jpg,489.75,389.38,21.5,23.25,0.7773,drone,31,32,60,15,25
image_BS1_1787_17_03_28.jpg,489.38,390.0,21.25,23.0,0.7598,drone,32,31,60,15,25
image_BS1_1788_17_03_29.jpg,489.38,390.62,21.25,22.75,0.771,drone,32,31,60,15,25
image_BS1_178_16_59_05.jpg,572.5,325.62,37.0,34.25,0.7334,drone,38,39,60,15,25
image_BS1_1790_17_03_29.jpg,488.88,390.75,21.75,23.0,0.7739,drone,32,31,60,15,25
image_BS1_1794_17_03_29.jpg,487.12,391.25,21.75,23.0,0.7661,drone,31,32,29,15,25
image_BS1_1807_17_03_31.jpg,475.12,387.0,22.75,24.0,0.7593,drone,29,28,26,25,24
image_BS1_1809_17_03_31.jpg,474.88,386.88,23.25,24.25,0.7534,drone,29,28,26,25,24
image_BS1_1816_17_03_32.jpg,473.62,387.75,23.25,24.5,0.7656,drone,29,28,26,25,24
image_BS1_181_16_59_05.jpg,594.5,328.62,36.0,33.25,0.7446,drone,39,60,15,26,25
image_BS1_1829_17_03_34.jpg,471.88,392.12,23.25,24.25,0.7568,drone,29,28,26,25,24
image_BS1_182_16_59_05.jpg,601.25,329.5,35.5,33.0,0.75,drone,39,60,15,26,25
image_BS1_1831_17_03_34.jpg,469.38,392.5,23.25,24.0,0.7559,drone,29,28,26,25,24
image_BS1_1839_17_03_36.jpg,452.75,390.25,23.0,24.0,0.7505,drone,29,28,26,25,24
image_BS1_1840_17_03_36.jpg,450.88,390.25,22.75,24.0,0.7476,drone,29,28,26,25,24
image_BS1_1841_17_03_36.jpg,448.25,390.0,22.5,24.0,0.668,drone,29,28,26,25,24
image_BS1_1842_17_03_36.jpg,447.88,390.0,22.25,23.5,0.6714,drone,29,28,26,25,24
image_BS1_184_16_59_06.jpg,609.75,330.5,33.5,31.5,0.7266,drone,39,60,15,26,25
image_BS1_1850_17_03_37.jpg,442.0,392.62,23.0,24.25,0.7393,drone,28,29,27,4,16
image_BS1_1852_17_03_38.jpg,440.0,394.12,23.0,24.25,0.7188,drone,28,29,27,4,16
image_BS1_1855_17_03_39.jpg,434.88,412.0,22.75,24.0,0.7476,drone,27,28,26,25,24
image_BS1_1857_17_03_39.jpg,434.5,419.5,22.0,23.0,0.7549,drone,28,27,26,29,5
image_BS1_1858_17_03_39.jpg,433.38,423.0,22.25,23.5,0.7725,drone,28,39,29,27,5
image_BS1_1863_17_03_40.jpg,433.62,417.12,22.25,23.25,0.7637,drone,27,29,28,26,3
image_BS1_1872_17_03_41.jpg,438.38,375.62,21.75,23.25,0.7285,drone,27,29,3,4,26
image_BS1_1873_17_03_41.jpg,438.38,374.5,21.75,23.5,0.4883,drone,27,29,3,4,26
image_BS1_1877_17_03_42.jpg,438.5,374.25,21.5,23.0,0.6665,drone,27,29,3,4,26
image_BS1_1879_17_03_42.jpg,436.5,375.25,21.5,23.0,0.7393,drone,27,29,3,4,26
image_BS1_1880_17_03_42.jpg,435.12,375.88,21.25,22.75,0.7378,drone,27,28,26,25,24
image_BS1_1885_17_03_43.jpg,415.75,375.25,23.5,24.5,0.7407,drone,26,27,28,25,24
image_BS1_1897_17_03_46.jpg,391.38,380.38,22.25,23.25,0.7227,drone,23,26,60,28,25
image_BS1_1902_17_03_47.jpg,430.62,387.5,22.25,23.5,0.7227,drone,27,29,3,4,26
image_BS1_1908_17_03_48.jpg,462.88,393.88,23.25,24.25,0.7544,drone,29,28,26,25,24
image_BS1_1910_17_03_48.jpg,471.62,395.38,23.75,24.75,0.7544,drone,29,28,26,25,24
image_BS1_1911_17_03_48.jpg,475.5,395.88,23.5,24.25,0.7559,drone,29,28,26,25,24
image_BS1_1915_17_03_49.jpg,485.88,396.62,21.75,23.25,0.7607,drone,29,33,32,15,25
image_BS1_1917_17_03_49.jpg,489.62,395.0,21.75,23.0,0.7549,drone,32,31,33,60,27
image_BS1_1921_17_03_49.jpg,496.12,386.25,22.25,23.5,0.7549,drone,32,33,60,15,25
image_BS1_1927_17_03_50.jpg,503.62,368.75,21.75,23.0,0.7656,drone,33,32,60,15,25
image_BS1_1936_17_03_51.jpg,507.75,361.5,22.5,23.5,0.7559,drone,33,34,60,15,25
image_BS1_1937_17_03_51.jpg,507.5,361.12,22.0,23.25,0.7598,drone,33,34,60,15,25
image_BS1_1940_17_03_52.jpg,508.12,360.88,21.75,23.25,0.7593,drone,34,33,60,15,25
image_BS1_1942_17_03_52.jpg,508.0,361.0,22.0,23.0,0.7593,drone,34,33,60,15,25
image_BS1_1943_17_03_52.jpg,508.0,361.0,22.0,23.0,0.7598,drone,34,33,60,15,25
image_BS1_1944_17_03_52.jpg,507.62,361.12,21.75,23.25,0.7607,drone,33,34,60,15,25
image_BS1_1945_17_03_53.jpg,507.62,361.38,21.75,23.25,0.7607,drone,33,34,60,15,25
image_BS1_1946_17_03_53.jpg,507.88,361.25,22.25,23.5,0.7559,drone,34,33,60,15,25
image_BS1_1951_17_03_53.jpg,505.5,361.62,22.0,23.25,0.7583,drone,33,34,60,15,25
image_BS1_1954_17_03_54.jpg,500.88,361.25,22.25,23.5,0.7598,drone,33,32,60,15,25
image_BS1_1956_17_03_54.jpg,495.75,360.88,22.0,23.25,0.7622,drone,32,60,15,26,25
image_BS1_1959_17_03_54.jpg,484.25,360.25,22.0,23.5,0.7456,drone,31,32,30,60,27
image_BS1_1960_17_03_54.jpg,479.62,360.12,21.25,22.75,0.7456,drone,33,29,30,15,25
image_BS1_1963_17_03_55.jpg,459.75,358.75,21.5,23.0,0.731,drone,29,28,26,25,24
image_BS1_1971_17_03_56.jpg,397.38,354.88,22.25,23.25,0.7358,drone,26,23,60,28,25
image_BS1_1973_17_03_56.jpg,383.12,354.62,21.75,23.25,0.7266,drone,23,22,60,28,26
image_BS1_1977_17_03_57.jpg,353.12,354.75,20.75,22.5,0.7363,drone,22,60,28,26,25
image_BS1_1979_17_03_57.jpg,341.75,354.25,21.0,22.5,0.7417,drone,21,60,28,26,25
image_BS1_1996_17_03_59.jpg,363.5,351.62,21.5,22.75,0.7271,drone,22,60,28,26,25
image_BS1_1997_17_03_59.jpg,370.0,352.5,21.0,22.5,0.7305,drone,23,22,60,28,26
image_BS1_1998_17_04_00.jpg,377.12,352.62,20.75,22.25,0.7163,drone,23,22,60,28,26
image_BS1_199_16_59_08.jpg,525.75,316.12,37.5,34.75,0.7661,drone,34,60,15,26,25
image_BS1_19_16_58_44.jpg,594.25,412.12,49.5,46.25,0.8374,drone,39,60,15,26,25
image_BS1_2000_17_04_00.jpg,391.62,353.75,21.25,22.5,0.7241,drone,23,22,60,28,26
image_BS1_2003_17_04_01.jpg,447.0,361.38,22.0,23.25,0.731,drone,28,29,27,4,16
image_BS1_2004_17_04_01.jpg,452.12,362.0,22.25,23.5,0.728,drone,29,28,26,25,24
image_BS1_2006_17_04_01.jpg,464.25,364.0,22.0,23.5,0.7104,drone,29,28,26,25,24
image_BS1_2009_17_04_02.jpg,483.12,366.0,23.25,24.0,0.7485,drone,31,30,32,60,27
image_BS1_2013_17_04_02.jpg,493.0,366.88,22.5,23.75,0.7563,drone,32,60,15,26,25
image_BS1_2014_17_04_02.jpg,494.88,367.0,22.75,24.0,0.7598,drone,32,60,15,26,25
image_BS1_201_16_59_08.jpg,505.12,314.25,36.75,33.5,0.7808,drone,33,34,32,60,27
image_BS1_2020_17_04_03.jpg,507.25,369.12,21.5,23.25,0.749,drone,33,34,32,60,27
image_BS1_2021_17_04_03.jpg,509.5,369.62,21.0,22.75,0.7598,drone,33,34,60,15,25
image_BS1_2025_17_04_05.jpg,551.25,378.12,21.5,23.25,0.7476,drone,37,60,15,26,25
image_BS1_2026_17_04_05.jpg,560.25,379.88,22.5,23.75,0.7549,drone,37,60,15,26,25
image_BS1_2027_17_04_05.jpg,564.5,380.75,22.0,23.5,0.7637,drone,37,60,15,26,25
image_BS1_2031_17_04_06.jpg,573.5,382.38,22.0,23.25,0.7671,drone,38,37,60,15,25
image_BS1_2036_17_04_06.jpg,573.5,385.12,22.0,23.25,0.7607,drone,38,60,15,26,25
image_BS1_203_16_59_08.jpg,488.75,312.75,36.5,33.5,0.7026,drone,32,31,33,60,27
image_BS1_2044_17_04_07.jpg,545.25,395.38,22.5,23.75,0.7446,drone,34,37,60,15,25
image_BS1_2055_17_04_09.jpg,461.25,399.12,23.5,24.25,0.7568,drone,29,28,26,25,24
image_BS1_2057_17_04_09.jpg,447.5,399.25,22.5,23.5,0.7476,drone,29,28,26,25,24
image_BS1_2059_17_04_09.jpg,433.0,399.0,22.5,23.5,0.7549,drone,27,28,26,25,24
image_BS1_2063_17_04_10.jpg,415.0,398.88,21.5,22.75,0.6416,drone,26,60,28,25,24
image_BS1_2067_17_04_10.jpg,409.62,397.5,21.75,23.0,0.6626,drone,26,60,28,25,24
image_BS1_2073_17_04_11.jpg,414.88,397.62,21.75,23.25,0.7124,drone,26,60,28,25,24
image_BS1_207_16_59_09.jpg,461.62,310.75,37.25,34.0,0.7827,drone,29,28,26,25,24
image_BS1_208_16_59_09.jpg,456.75,311.12,36.5,33.75,0.7808,drone,29,28,26,25,24
image_BS1_2091_17_04_14.jpg,536.0,407.75,22.0,23.5,0.7441,drone,34,60,15,26,25
image_BS1_2094_17_04_14.jpg,537.5,406.12,22.0,23.25,0.7456,drone,34,60,15,26,25
image_BS1_2101_17_04_15.jpg,519.62,399.75,20.75,22.5,0.7202,drone,34,33,60,15,25
image_BS1_2103_17_04_16.jpg,509.75,398.25,21.5,23.0,0.7124,drone,33,60,15,26,25
image_BS1_2105_17_04_16.jpg,500.62,399.25,22.25,23.5,0.7349,drone,33,34,32,60,27
image_BS1_2113_17_04_19.jpg,352.12,413.12,22.25,23.75,0.6758,drone,22,60,28,26,25
image_BS1_2118_17_04_20.jpg,316.25,409.88,22.0,23.25,0.7129,drone,20,19,17,60,28
image_BS1_2120_17_04_20.jpg,283.12,407.38,20.75,22.25,0.7114,drone,16,17,60,28,26
image_BS1_2128_17_04_21.jpg,270.88,395.12,20.75,22.25,0.7163,drone,17,16,60,28,26
image_BS1_2129_17_04_21.jpg,272.25,394.0,21.0,22.5,0.6245,drone,17,60,28,26,25
image_BS1_2131_17_04_22.jpg,278.12,391.62,20.75,22.25,0.7148,drone,17,60,28,26,25
image_BS1_2132_17_04_22.jpg,281.62,390.88,20.25,21.75,0.6772,drone,17,60,28,26,25
image_BS1_2133_17_04_22.jpg,285.25,390.12,20.5,22.25,0.7192,drone,17,60,28,26,25
image_BS1_2136_17_04_22.jpg,299.75,388.5,21.0,22.5,0.7227,drone,17,60,28,26,25
image_BS1_2137_17_04_22.jpg,306.0,388.0,21.5,23.0,0.7393,drone,17,19,60,28,26
image_BS1_2138_17_04_23.jpg,311.5,386.62,22.0,23.25,0.7041,drone,17,21,20,19,60
image_BS1_2139_17_04_23.jpg,317.12,387.88,21.75,23.25,0.7217,drone,21,20,17,60,28
image_BS1_2140_17_04_23.jpg,323.62,387.75,21.75,23.0,0.7104,drone,20,21,60,28,26
image_BS1_2142_17_04_23.jpg,336.0,387.75,21.5,23.0,0.7051,drone,21,19,60,28,26
image_BS1_2148_17_04_24.jpg,375.25,388.5,23.0,24.0,0.7192,drone,23,22,60,28,26
image_BS1_2157_17_04_25.jpg,426.0,392.0,22.0,23.0,0.7402,drone,26,27,28,25,24
image_BS1_2158_17_04_25.jpg,430.12,392.5,23.25,24.0,0.7319,drone,27,26,28,25,24
image_BS1_215_16_59_10.jpg,433.25,307.38,38.0,35.25,0.7983,drone,27,28,26,25,24
image_BS1_2162_17_04_26.jpg,442.75,392.25,23.0,24.0,0.7456,drone,28,27,26,25,24
image_BS1_2169_17_04_27.jpg,450.0,391.25,23.0,24.0,0.7446,drone,29,28,26,25,24
image_BS1_2176_17_04_28.jpg,452.5,391.62,23.5,24.25,0.7407,drone,29,28,26,25,24
image_BS1_2178_17_04_28.jpg,452.88,391.25,23.25,24.0,0.7407,drone,29,28,26,25,24
image_BS1_217_16_59_10.jpg,430.88,306.38,36.75,33.25,0.7852,drone,27,28,26,25,24
image_BS1_2192_17_04_30.jpg,538.5,402.62,22.0,23.75,0.7471,drone,34,60,15,26,25
image_BS1_2193_17_04_31.jpg,544.0,403.12,22.0,23.75,0.7612,drone,34,60,15,26,25
image_BS1_2194_17_04_31.jpg,548.5,404.0,22.0,23.5,0.7568,drone,34,36,37,60,27
image_BS1_2195_17_04_31.jpg,552.5,404.12,22.0,23.25,0.752,drone,37,34,36,60,27
image_BS1_2199_17_04_31.jpg,559.25,405.25,21.5,23.0,0.7622,drone,37,60,15,26,25
image_BS1_2202_17_04_32.jpg,557.5,404.12,22.0,23.75,0.7583,drone,37,60,15,26,25
image_BS1_2204_17_04_32.jpg,553.5,402.75,22.0,23.5,0.7534,drone,37,34,36,60,27
image_BS1_2208_17_04_33.jpg,539.25,400.25,22.5,24.0,0.7422,drone,34,60,15,26,25
image_BS1_2210_17_04_33.jpg,529.0,399.75,21.0,23.0,0.752,drone,34,60,15,26,25
image_BS1_2211_17_04_33.jpg,524.5,399.25,21.0,23.0,0.7432,drone,34,60,15,26,25
image_BS1_221_16_59_11.jpg,429.0,305.0,36.5,33.5,0.7886,drone,27,28,26,25,24
image_BS1_2222_17_04_34.jpg,439.5,394.25,23.5,24.0,0.7334,drone,28,29,27,4,16
image_BS1_2225_17_04_35.jpg,413.75,393.75,22.5,23.5,0.7231,drone,26,60,28,25,24
image_BS1_2226_17_04_35.jpg,409.88,394.12,22.25,23.25,0.7446,drone,26,60,28,25,24
image_BS1_2230_17_04_35.jpg,391.62,393.75,22.25,23.5,0.7402,drone,23,60,28,26,25
image_BS1_2235_17_04_38.jpg,378.12,394.25,23.25,24.0,0.7485,drone,23,22,60,28,26
image_BS1_2241_17_04_38.jpg,378.88,395.75,22.25,23.5,0.7241,drone,22,23,60,28,26
image_BS1_2243_17_04_39.jpg,379.12,395.75,22.25,23.5,0.7358,drone,22,23,60,28,26
image_BS1_2246_17_04_39.jpg,379.88,395.62,22.75,23.75,0.7393,drone,23,22,60,28,26
image_BS1_2247_17_04_39.jpg,379.88,395.62,23.25,24.25,0.7461,drone,23,22,60,28,26
image_BS1_2248_17_04_39.jpg,380.25,395.5,22.5,23.5,0.7441,drone,23,60,28,26,25
image_BS1_2251_17_04_40.jpg,381.38,395.75,22.75,24.0,0.7388,drone,23,60,28,26,25
image_BS1_2253_17_04_40.jpg,381.38,395.5,22.75,24.0,0.7373,drone,23,60,28,26,25
image_BS1_2254_17_04_40.jpg,381.38,395.75,22.75,24.0,0.7334,drone,23,60,28,26,25
image_BS1_2260_17_04_41.jpg,381.62,395.5,22.75,24.0,0.7358,drone,23,60,28,26,25
image_BS1_2265_17_04_41.jpg,381.88,394.5,23.25,24.5,0.7324,drone,23,60,28,26,25
image_BS1_2277_17_04_43.jpg,383.75,391.5,22.5,23.5,0.7065,drone,23,22,24,26,60
image_BS1_2286_17_04_44.jpg,408.38,376.75,22.25,23.5,0.7114,drone,26,25,60,28,24
image_BS1_2288_17_04_44.jpg,421.25,374.75,22.5,23.5,0.7339,drone,27,26,28,25,24
image_BS1_2289_17_04_45.jpg,426.5,374.38,22.0,23.25,0.752,drone,26,27,28,25,24
image_BS1_2291_17_04_45.jpg,442.0,373.5,21.0,22.5,0.7349,drone,28,29,26,25,24
image_BS1_2292_17_04_45.jpg,450.62,373.38,22.25,23.75,0.7393,drone,29,28,26,25,24
image_BS1_2294_17_04_45.jpg,466.88,373.0,22.75,24.0,0.75,drone,29,28,26,25,24
image_BS1_2296_17_04_45.jpg,484.88,373.62,22.75,23.75,0.772,drone,32,31,60,15,25
image_BS1_2301_17_04_46.jpg,526.75,374.25,20.5,22.5,0.7104,drone,34,60,15,26,25
image_BS1_2304_17_04_47.jpg,536.0,373.88,20.0,22.25,0.7212,drone,34,60,15,26,25
image_BS1_2307_17_04_48.jpg,532.5,369.75,21.0,23.0,0.749,drone,34,60,15,26,25
image_BS1_2308_17_04_48.jpg,529.5,368.75,21.0,22.5,0.7471,drone,34,60,15,26,25
image_BS1_2310_17_04_48.jpg,521.75,367.75,20.5,22.5,0.752,drone,34,60,15,26,25
image_BS1_2313_17_04_48.jpg,505.25,365.25,21.5,22.5,0.7734,drone,33,60,15,26,25
image_BS1_2317_17_04_49.jpg,484.38,362.12,23.25,24.25,0.7446,drone,31,30,60,15,25
image_BS1_231_16_59_12.jpg,393.5,300.0,35.5,33.0,0.7798,drone,23,60,28,26,25
image_BS1_2324_17_04_50.jpg,460.62,359.75,21.75,23.5,0.7339,drone,29,28,26,25,24
image_BS1_2331_17_04_51.jpg,454.88,359.62,21.75,23.25,0.728,drone,29,28,26,25,24
image_BS1_2333_17_04_51.jpg,453.75,359.62,21.5,23.25,0.7349,drone,29,28,26,25,24
image_BS1_2338_17_04_52.jpg,443.5,359.38,21.5,22.75,0.7388,drone,27,29,3,4,26
image_BS1_233_16_59_12.jpg,379.25,298.38,36.5,33.75,0.7798,drone,22,23,60,28,26
image_BS1_2343_17_04_52.jpg,421.38,358.88,22.25,23.25,0.7373,drone,26,27,28,25,24
image_BS1_2348_17_04_53.jpg,394.12,358.75,22.25,23.5,0.6406,drone,23,60,28,26,25
image_BS1_2349_17_04_53.jpg,379.88,359.0,21.75,23.0,0.7153,drone,23,22,60,28,26
image_BS1_2351_17_04_54.jpg,359.62,359.0,19.75,21.5,0.6069,drone,22,60,28,26,25
image_BS1_2355_17_04_55.jpg,362.62,358.12,20.75,22.25,0.7271,drone,22,60,28,26,25
image_BS1_2356_17_04_55.jpg,365.38,357.88,21.25,22.75,0.7139,drone,22,60,28,26,25
image_BS1_2360_17_04_56.jpg,387.38,359.0,21.75,23.0,0.7256,drone,23,60,28,26,25
image_BS1_2364_17_04_56.jpg,417.88,362.12,21.75,22.75,0.7529,drone,26,60,28,25,24
image_BS1_2367_17_04_57.jpg,443.38,364.88,21.25,22.75,0.7319,drone,27,29,3,4,26
image_BS1_2369_17_04_57.jpg,463.0,366.88,22.5,23.25,0.6353,drone,29,28,26,25,24
image_BS1_2371_17_04_57.jpg,478.62,368.62,22.75,23.75,0.7568,drone,29,30,15,26,25
image_BS1_2375_17_04_58.jpg,506.88,372.88,20.25,22.25,0.7583,drone,33,34,60,15,25
image_BS1_2377_17_04_58.jpg,516.5,373.62,21.0,22.75,0.7446,drone,34,33,60,15,25
image_BS1_2378_17_04_58.jpg,518.62,373.88,19.75,21.75,0.7373,drone,34,60,15,26,25
image_BS1_2381_17_04_59.jpg,523.25,373.0,20.5,22.5,0.7441,drone,34,60,15,26,25
image_BS1_2388_17_05_00.jpg,528.25,372.25,21.5,23.0,0.7339,drone,34,60,15,26,25
image_BS1_2397_17_05_01.jpg,524.25,371.25,20.5,22.5,0.7476,drone,34,60,15,26,25
image_BS1_23_16_58_45.jpg,585.75,410.5,46.5,43.5,0.8677,drone,39,60,15,26,25
image_BS1_2403_17_05_02.jpg,499.62,368.88,21.75,22.75,0.7568,drone,32,33,60,15,25
image_BS1_2406_17_05_02.jpg,485.0,367.12,23.0,24.25,0.75,drone,30,31,29,15,25
image_BS1_2408_17_05_02.jpg,475.62,367.0,22.25,23.5,0.7529,drone,29,28,26,25,24
image_BS1_240_16_59_13.jpg,346.75,295.38,37.5,34.25,0.7607,drone,21,60,28,26,25
image_BS1_2410_17_05_03.jpg,463.62,366.12,22.25,23.75,0.686,drone,29,28,26,25,24
image_BS1_2417_17_05_04.jpg,410.75,362.62,21.5,22.75,0.7393,drone,26,23,60,28,25
image_BS1_2419_17_05_04.jpg,403.38,362.12,21.75,22.75,0.7324,drone,26,60,28,25,24
image_BS1_2420_17_05_05.jpg,401.88,362.0,21.75,23.0,0.7422,drone,26,60,28,25,24
image_BS1_2421_17_05_05.jpg,398.75,362.25,21.5,22.5,0.7319,drone,25,23,26,60,28
image_BS1_2423_17_05_05.jpg,397.12,362.25,21.75,23.0,0.7319,drone,23,60,28,26,25
image_BS1_2426_17_05_05.jpg,396.88,362.75,22.25,23.5,0.7251,drone,23,60,28,26,25
image_BS1_2428_17_05_06.jpg,397.75,362.5,23.0,24.0,0.7266,drone,23,25,60,28,26
image_BS1_2430_17_05_06.jpg,397.62,363.38,22.25,23.25,0.7251,drone,23,25,60,28,26
image_BS1_2432_17_05_06.jpg,397.25,363.88,21.5,22.75,0.7271,drone,23,60,28,26,25
image_BS1_2435_17_05_07.jpg,428.25,367.12,22.5,23.75,0.7388,drone,27,26,28,25,24
image_BS1_2444_17_05_09.jpg,524.5,381.5,21.0,23.0,0.7407,drone,34,60,15,26,25
image_BS1_2447_17_05_10.jpg,541.0,382.75,22.0,23.5,0.7476,drone,34,37,60,15,25
image_BS1_2448_17_05_10.jpg,544.75,382.62,21.5,23.25,0.7622,drone,36,37,34,60,27
image_BS1_2449_17_05_10.jpg,547.25,382.88,21.5,23.25,0.7422,drone,36,37,34,60,27
image_BS1_2453_17_05_11.jpg,554.0,381.62,22.0,23.25,0.7271,drone,37,60,15,26,25
image_BS1_2456_17_05_11.jpg,551.25,380.0,21.5,23.0,0.7598,drone,37,60,15,26,25
image_BS1_245_16_59_14.jpg,345.88,293.75,37.25,34.0,0.7695,drone,21,60,28,26,25
image_BS1_2460_17_05_11.jpg,539.25,376.0,20.5,22.5,0.7417,drone,34,60,15,26,25
image_BS1_2463_17_05_12.jpg,525.75,372.62,20.5,22.75,0.752,drone,34,60,15,26,25
image_BS1_2464_17_05_12.jpg,519.38,371.5,20.25,22.0,0.7461,drone,34,33,60,15,25
image_BS1_2470_17_05_13.jpg,479.5,365.75,22.5,23.5,0.7129,drone,29,31,30,15,25
image_BS1_2477_17_05_14.jpg,420.62,359.62,22.25,23.25,0.7363,drone,26,27,28,25,24
image_BS1_2480_17_05_14.jpg,393.88,357.12,20.25,21.75,0.7251,drone,23,26,60,28,25
image_BS1_2484_17_05_15.jpg,367.5,354.88,21.0,22.25,0.7378,drone,22,23,60,28,26
image_BS1_2489_17_05_15.jpg,354.25,353.12,20.5,22.25,0.7319,drone,22,60,28,26,25
image_BS1_2502_17_05_17.jpg,391.5,348.38,20.5,21.75,0.7363,drone,23,22,60,28,26
image_BS1_2503_17_05_17.jpg,398.88,347.88,20.75,21.75,0.749,drone,26,23,60,28,25
image_BS1_2507_17_05_18.jpg,432.38,339.75,21.25,22.5,0.5972,drone,27,28,26,25,24
image_BS1_2509_17_05_18.jpg,447.0,336.12,21.5,22.75,0.7593,drone,29,28,26,25,24
image_BS1_250_16_59_14.jpg,356.75,294.25,38.5,35.5,0.7744,drone,22,21,60,28,26
image_BS1_2510_17_05_18.jpg,452.88,335.12,21.25,22.75,0.7217,drone,29,28,26,25,24
image_BS1_2511_17_05_18.jpg,459.0,333.88,21.0,22.75,0.752,drone,29,28,26,25,24
image_BS1_2512_17_05_18.jpg,463.0,334.38,21.0,22.75,0.7417,drone,29,28,26,25,24
image_BS1_251_16_59_14.jpg,359.5,294.62,38.5,35.75,0.7939,drone,22,21,60,28,26
image_BS1_2521_17_05_20.jpg,489.38,374.5,22.25,23.5,0.7695,drone,32,31,29,15,25
image_BS1_2523_17_05_20.jpg,492.5,390.0,22.5,23.5,0.7456,drone,32,31,29,15,25
image_BS1_2524_17_05_20.jpg,494.12,398.25,22.25,23.5,0.7163,drone,32,60,15,26,25
image_BS1_2527_17_05_21.jpg,495.0,425.38,22.5,23.75,0.7485,drone,32,33,60,15,25
image_BS1_2529_17_05_27.jpg,398.62,414.75,20.75,22.0,0.7285,drone,23,26,60,28,25
image_BS1_2531_17_05_27.jpg,401.62,411.5,20.75,22.5,0.7598,drone,26,23,60,28,25
image_BS1_2534_17_05_28.jpg,404.62,408.0,19.75,21.5,0.75,drone,26,60,28,25,24
image_BS1_2537_17_05_28.jpg,409.62,406.62,20.25,21.75,0.7671,drone,26,27,28,25,24
image_BS1_2551_17_05_30.jpg,483.25,403.25,19.5,21.5,0.7661,drone,31,30,60,15,25
image_BS1_2552_17_05_30.jpg,486.5,402.5,19.5,21.5,0.7695,drone,31,32,60,15,25
image_BS1_2557_17_05_31.jpg,492.75,397.5,18.0,20.0,0.7305,drone,32,60,15,26,25
image_BS1_2560_17_05_31.jpg,493.62,395.12,17.75,19.75,0.71,drone,32,31,33,60,27
image_BS1_2564_17_05_31.jpg,494.88,390.38,19.25,21.25,0.7607,drone,32,33,29,15,25
image_BS1_2565_17_05_32.jpg,495.12,389.5,19.25,21.0,0.7769,drone,32,33,60,15,25
image_BS1_2566_17_05_32.jpg,495.5,388.62,19.0,20.75,0.7827,drone,32,60,15,26,25
image_BS1_2572_17_05_33.jpg,497.12,387.0,18.75,20.5,0.7822,drone,32,34,60,15,25
image_BS1_2573_17_05_33.jpg,497.25,387.88,19.0,20.75,0.7778,drone,32,34,60,15,25
image_BS1_2574_17_05_33.jpg,496.88,389.0,18.75,20.5,0.7886,drone,32,60,15,26,25
image_BS1_2577_17_05_33.jpg,494.75,393.0,19.0,21.0,0.7866,drone,32,33,29,15,25
image_BS1_2583_17_05_34.jpg,478.75,397.75,19.0,21.0,0.772,drone,29,30,15,26,25
image_BS1_2585_17_05_34.jpg,470.62,399.12,19.25,21.25,0.7832,drone,29,28,26,25,24
image_BS1_2589_17_05_35.jpg,452.0,399.75,19.0,21.0,0.7788,drone,29,28,26,25,24
image_BS1_2590_17_05_35.jpg,446.88,400.62,19.25,21.25,0.7832,drone,29,28,26,25,24
image_BS1_2597_17_05_36.jpg,425.38,403.25,19.25,21.0,0.7822,drone,27,26,28,25,24
image_BS1_2606_17_05_37.jpg,428.75,405.12,19.0,20.75,0.7881,drone,27,26,28,25,24
image_BS1_2609_17_05_37.jpg,435.62,405.88,19.25,21.25,0.7852,drone,27,26,29,4,16
image_BS1_260_16_59_16.jpg,380.5,299.0,34.5,32.0,0.7065,drone,22,23,60,28,26
image_BS1_2612_17_05_38.jpg,446.38,406.88,19.25,20.75,0.7358,drone,29,28,26,25,24
image_BS1_2615_17_05_38.jpg,468.0,410.25,19.0,21.0,0.7627,drone,29,28,26,25,24
image_BS1_2617_17_05_39.jpg,477.88,411.75,19.25,21.0,0.7773,drone,29,30,15,26,25
image_BS1_261_16_59_16.jpg,382.62,299.38,34.75,32.25,0.7153,drone,23,22,60,28,26
image_BS1_2620_17_05_39.jpg,492.12,412.88,19.75,21.75,0.7759,drone,29,33,32,15,25
image_BS1_2626_17_05_41.jpg,534.5,397.38,19.0,20.75,0.7759,drone,34,60,15,26,25
image_BS1_2627_17_05_41.jpg,536.75,395.62,18.5,20.75,0.7769,drone,34,60,15,26,25
image_BS1_262_16_59_16.jpg,385.0,299.62,34.5,31.75,0.71,drone,23,22,60,28,26
image_BS1_2632_17_05_42.jpg,543.25,389.0,18.5,21.0,0.7812,drone,34,60,15,26,25
image_BS1_2639_17_05_43.jpg,539.0,385.88,18.0,20.25,0.7778,drone,34,60,15,26,25
image_BS1_2640_17_05_43.jpg,536.75,385.5,17.5,20.0,0.7925,drone,34,60,15,26,25
image_BS1_2644_17_05_45.jpg,534.25,389.25,17.5,19.5,0.7871,drone,34,60,15,26,25
image_BS1_2647_17_05_46.jpg,546.25,390.0,18.5,20.5,0.4697,drone,34,60,15,26,25
image_BS1_2647_17_05_46.jpg,546.0,390.12,18.0,20.25,0.4436,drone,34,60,15,26,25
image_BS1_264_16_59_16.jpg,390.25,300.5,34.5,32.0,0.7002,drone,23,60,28,26,25
image_BS1_2652_17_05_46.jpg,571.25,392.88,17.5,19.75,0.7798,drone,37,39,60,15,25
image_BS1_2654_17_05_47.jpg,586.0,394.38,18.0,20.25,0.7798,drone,39,37,38,60,27
image_BS1_2659_17_05_47.jpg,621.0,397.12,18.0,19.75,0.7959,drone,39,40,60,15,25
image_BS1_2660_17_05_48.jpg,627.75,397.25,17.5,19.5,0.7861,drone,42,40,60,15,25
image_BS1_2665_17_05_48.jpg,664.75,398.75,17.5,19.5,0.6162,drone,43,44,25,24,23
image_BS1_266_16_59_16.jpg,395.0,301.12,35.0,32.25,0.7026,drone,23,60,28,26,25
image_BS1_2673_17_05_49.jpg,708.25,400.5,17.5,20.0,0.7622,drone,46,48,47,60,14
image_BS1_2675_17_05_50.jpg,713.75,400.62,17.5,19.75,0.7192,drone,48,47,60,14,25
image_BS1_2677_17_05_50.jpg,715.75,400.62,17.5,19.75,0.7231,drone,48,47,60,14,25
image_BS1_2679_17_05_50.jpg,715.75,400.0,17.5,19.5,0.7334,drone,48,47,60,14,25
image_BS1_2681_17_05_50.jpg,713.5,398.38,18.0,20.25,0.7178,drone,48,47,60,14,25
image_BS1_2682_17_05_51.jpg,712.0,397.62,18.0,20.25,0.6592,drone,47,48,60,14,25
image_BS1_2688_17_05_51.jpg,695.75,394.12,18.5,20.75,0.6436,drone,45,46,60,14,25
image_BS1_2690_17_05_52.jpg,689.0,392.88,18.0,20.75,0.7769,drone,45,44,13,25,24
image_BS1_2691_17_05_52.jpg,684.75,393.0,17.5,20.0,0.7583,drone,44,45,13,25,24
image_BS1_2695_17_05_52.jpg,665.75,389.75,17.5,19.5,0.7544,drone,43,60,26,25,24
image_BS1_269_16_59_17.jpg,401.25,302.0,35.0,32.0,0.7026,drone,26,23,60,28,25
image_BS1_2700_17_05_53.jpg,636.75,387.0,18.5,20.0,0.7778,drone,42,60,15,26,25
image_BS1_2705_17_05_54.jpg,603.0,383.38,18.0,20.25,0.7866,drone,39,60,15,26,25
image_BS1_2706_17_05_54.jpg,594.75,383.12,18.5,20.25,0.772,drone,39,60,15,26,25
image_BS1_2712_17_05_55.jpg,538.75,380.5,18.5,20.5,0.7842,drone,34,60,15,26,25
image_BS1_2714_17_05_55.jpg,522.75,380.88,18.5,20.25,0.7861,drone,34,60,15,26,25
image_BS1_2715_17_05_55.jpg,514.38,380.75,18.25,20.5,0.7891,drone,34,33,60,15,25
image_BS1_2716_17_05_55.jpg,508.62,381.0,18.75,20.5,0.7886,drone,33,34,60,15,25
image_BS1_2718_17_05_55.jpg,492.62,381.38,18.25,20.25,0.7808,drone,32,31,60,15,25
image_BS1_2723_17_05_56.jpg,454.88,385.88,18.25,20.25,0.7861,drone,29,28,26,25,24
image_BS1_2724_17_05_56.jpg,447.62,387.0,18.25,20.0,0.7925,drone,29,28,26,25,24
image_BS1_2725_17_05_57.jpg,433.88,388.75,18.25,20.0,0.7891,drone,27,28,26,25,24
image_BS1_2726_17_05_57.jpg,418.88,391.38,18.25,20.25,0.7861,drone,26,27,28,25,24
image_BS1_2728_17_05_58.jpg,415.0,391.88,18.5,20.25,0.7866,drone,26,60,28,25,24
image_BS1_2733_17_05_58.jpg,412.75,392.0,18.5,20.5,0.7827,drone,26,60,28,25,24
image_BS1_2740_17_05_59.jpg,422.88,390.25,18.25,20.0,0.7373,drone,26,27,28,25,24
image_BS1_2742_17_05_59.jpg,428.0,389.75,18.5,20.5,0.7847,drone,27,26,28,25,24
image_BS1_2744_17_06_00.jpg,434.75,389.12,18.5,20.25,0.7861,drone,27,28,26,25,24
image_BS1_2746_17_06_00.jpg,442.25,388.75,18.5,20.5,0.79,drone,29,27,28,3,16
image_BS1_2747_17_06_01.jpg,471.12,386.38,18.75,20.75,0.7808,drone,29,28,26,25,24
image_BS1_2748_17_06_02.jpg,484.38,386.12,18.25,20.25,0.7695,drone,32,31,60,15,25
image_BS1_2749_17_06_02.jpg,487.0,385.88,18.0,20.25,0.7754,drone,32,31,30,60,27
image_BS1_2750_17_06_02.jpg,490.5,385.5,18.0,20.0,0.7778,drone,31,32,60,15,25
image_BS1_2751_17_06_02.jpg,493.88,385.75,18.25,20.5,0.7793,drone,32,31,60,15,25
image_BS1_2752_17_06_02.jpg,497.62,385.38,18.25,20.25,0.7827,drone,32,31,33,60,27
image_BS1_2756_17_06_03.jpg,512.38,384.0,18.25,20.5,0.6187,drone,33,34,60,15,25
image_BS1_2761_17_06_03.jpg,529.75,381.88,18.5,20.75,0.7769,drone,34,60,15,26,25
image_BS1_2764_17_06_04.jpg,537.5,380.88,18.0,20.25,0.7944,drone,34,60,15,26,25
image_BS1_2766_17_06_04.jpg,541.0,380.38,18.0,20.25,0.7866,drone,34,37,60,15,25
image_BS1_2769_17_06_04.jpg,542.0,379.75,18.0,20.5,0.7847,drone,34,37,60,15,25
image_BS1_2771_17_06_05.jpg,537.5,378.5,18.0,20.5,0.7827,drone,34,60,15,26,25
image_BS1_2772_17_06_05.jpg,536.0,378.38,18.0,20.25,0.7881,drone,34,60,15,26,25
image_BS1_2774_17_06_05.jpg,532.0,378.0,18.0,20.5,0.7812,drone,34,60,15,26,25
image_BS1_2777_17_06_06.jpg,523.0,378.12,18.0,20.25,0.7793,drone,34,60,15,26,25
image_BS1_2778_17_06_06.jpg,518.88,378.5,18.25,20.0,0.791,drone,34,60,15,26,25
image_BS1_2780_17_06_06.jpg,511.12,378.5,17.75,20.0,0.791,drone,34,33,60,15,25
image_BS1_2783_17_06_06.jpg,497.38,378.75,18.25,20.0,0.7822,drone,32,33,60,15,25
image_BS1_2785_17_06_07.jpg,487.0,379.12,18.5,20.75,0.7778,drone,30,32,33,60,27
image_BS1_2789_17_06_07.jpg,464.5,380.75,18.5,21.0,0.7852,drone,29,28,26,25,24
image_BS1_2791_17_06_07.jpg,451.5,382.0,18.0,20.0,0.7754,drone,29,27,3,4,26
image_BS1_2793_17_06_08.jpg,436.88,383.88,18.75,20.75,0.7847,drone,27,28,29,4,16
image_BS1_2794_17_06_08.jpg,429.12,385.0,18.75,20.5,0.7793,drone,27,28,26,25,24
image_BS1_2795_17_06_08.jpg,421.62,385.62,18.25,20.25,0.7754,drone,27,26,28,25,24
image_BS1_2798_17_06_08.jpg,397.62,388.12,18.75,20.75,0.7822,drone,26,60,28,25,24
image_BS1_279_16_59_18.jpg,420.12,302.75,34.75,32.0,0.7031,drone,26,27,28,25,24
image_BS1_2801_17_06_09.jpg,375.0,391.5,18.5,20.5,0.7886,drone,23,22,60,28,26
image_BS1_2805_17_06_09.jpg,351.25,394.62,17.0,19.25,0.7852,drone,22,21,60,28,26
image_BS1_2806_17_06_09.jpg,346.62,395.12,17.25,19.25,0.7788,drone,22,21,20,60,28
image_BS1_2807_17_06_10.jpg,342.12,396.0,17.25,19.0,0.7808,drone,21,20,60,28,26
image_BS1_2808_17_06_10.jpg,339.38,396.12,17.75,19.75,0.7827,drone,21,20,60,28,26
image_BS1_2817_17_06_11.jpg,324.38,396.88,17.75,19.75,0.7812,drone,20,21,60,28,26
image_BS1_2820_17_06_11.jpg,327.25,395.88,17.5,19.75,0.7759,drone,21,20,19,60,28
image_BS1_2824_17_06_12.jpg,335.62,393.88,18.25,20.25,0.7788,drone,21,60,28,26,25
image_BS1_2827_17_06_12.jpg,344.75,391.88,18.0,20.25,0.7847,drone,21,22,60,28,26
image_BS1_2830_17_06_13.jpg,356.62,390.12,17.75,19.75,0.7744,drone,22,21,60,28,26
image_BS1_2831_17_06_13.jpg,359.75,389.75,17.5,19.5,0.7402,drone,22,60,28,26,25
image_BS1_2833_17_06_13.jpg,369.62,388.88,17.75,19.75,0.7798,drone,22,23,60,28,26
image_BS1_2834_17_06_13.jpg,374.62,388.0,18.25,20.0,0.7871,drone,23,22,60,28,26
image_BS1_2842_17_06_15.jpg,465.75,377.75,18.5,20.5,0.7798,drone,29,28,26,25,24
image_BS1_2843_17_06_15.jpg,473.88,376.38,18.25,20.25,0.7822,drone,29,28,26,25,24
image_BS1_2846_17_06_15.jpg,498.62,373.88,18.25,20.25,0.7744,drone,32,33,60,15,25
image_BS1_2847_17_06_16.jpg,507.38,373.25,18.25,20.5,0.7891,drone,33,34,60,15,25
image_BS1_2850_17_06_16.jpg,530.5,370.12,18.0,20.25,0.7769,drone,34,60,15,26,25
image_BS1_2852_17_06_16.jpg,546.0,368.0,18.0,20.5,0.7861,drone,37,34,36,60,27
image_BS1_2855_17_06_17.jpg,580.0,363.0,18.0,20.5,0.7847,drone,39,38,60,15,25
image_BS1_2856_17_06_17.jpg,606.25,360.12,18.5,20.75,0.7949,drone,39,60,15,26,25
image_BS1_2857_17_06_18.jpg,618.5,357.75,18.0,20.5,0.7964,drone,39,40,60,15,25
image_BS1_2858_17_06_18.jpg,621.5,357.5,18.0,20.0,0.7959,drone,39,40,42,60,27
image_BS1_2863_17_06_19.jpg,629.75,354.88,18.5,20.25,0.792,drone,42,40,60,15,25
image_BS1_2871_17_06_20.jpg,626.5,352.5,18.0,20.0,0.7847,drone,42,40,60,15,25
image_BS1_2877_17_06_21.jpg,612.25,352.5,18.5,20.5,0.7866,drone,39,60,15,26,25
image_BS1_2878_17_06_21.jpg,609.75,352.75,18.5,21.0,0.7886,drone,39,60,15,26,25
image_BS1_2879_17_06_21.jpg,607.25,353.0,18.5,20.5,0.7949,drone,39,60,15,26,25
image_BS1_2880_17_06_21.jpg,604.75,352.88,18.5,20.25,0.7866,drone,39,60,15,26,25
image_BS1_2884_17_06_21.jpg,596.25,352.88,18.5,20.25,0.7822,drone,39,60,15,26,25
image_BS1_2885_17_06_22.jpg,595.0,353.12,19.0,20.75,0.7798,drone,39,60,15,26,25
image_BS1_288_16_59_19.jpg,437.88,303.5,35.25,32.5,0.7114,drone,27,28,26,25,24
image_BS1_2892_17_06_23.jpg,590.75,353.62,18.5,20.75,0.791,drone,39,60,15,26,25
image_BS1_2893_17_06_23.jpg,590.5,353.88,19.0,20.75,0.79,drone,39,60,15,26,25
image_BS1_2899_17_06_24.jpg,589.25,353.88,18.5,20.75,0.7905,drone,39,60,15,26,25
image_BS1_28_16_58_45.jpg,577.75,403.88,45.5,42.75,0.8267,drone,38,39,37,60,27
image_BS1_2903_17_06_24.jpg,588.5,354.62,19.0,20.75,0.79,drone,39,60,15,26,25
image_BS1_2904_17_06_24.jpg,588.5,354.5,19.0,20.5,0.79,drone,39,60,15,26,25
image_BS1_2908_17_06_25.jpg,588.0,354.5,19.0,21.0,0.79,drone,39,60,15,26,25
image_BS1_2912_17_06_25.jpg,588.0,354.38,19.0,20.75,0.7881,drone,39,60,15,26,25
image_BS1_2917_17_06_26.jpg,587.0,356.12,19.0,20.75,0.791,drone,39,60,15,26,25
image_BS1_2919_17_06_26.jpg,587.25,359.12,18.5,20.75,0.7886,drone,39,60,15,26,25
image_BS1_291_16_59_20.jpg,446.62,304.5,35.25,32.5,0.71,drone,29,28,26,25,24
image_BS1_2922_17_06_27.jpg,586.75,365.38,18.5,20.75,0.79,drone,39,60,15,26,25
image_BS1_2923_17_06_27.jpg,587.25,367.75,18.5,20.5,0.7832,drone,39,38,60,15,25
image_BS1_2932_17_06_28.jpg,568.25,386.62,18.5,20.25,0.7866,drone,37,38,60,15,25
image_BS1_2937_17_06_29.jpg,547.0,390.62,18.0,20.25,0.7759,drone,34,37,60,15,25
image_BS1_2942_17_06_29.jpg,520.38,396.5,18.25,20.5,0.7925,drone,34,60,15,26,25
image_BS1_294_16_59_20.jpg,454.75,305.75,35.5,32.5,0.7178,drone,29,28,26,25,24
image_BS1_2953_17_06_31.jpg,438.75,410.0,18.5,20.5,0.7881,drone,27,29,28,3,16
image_BS1_2956_17_06_32.jpg,428.62,411.88,17.75,19.75,0.7925,drone,27,28,26,25,24
image_BS1_2957_17_06_32.jpg,425.88,412.62,18.25,20.25,0.7949,drone,27,26,28,25,24
image_BS1_2959_17_06_32.jpg,422.88,413.25,18.25,20.0,0.7964,drone,27,26,28,25,24
image_BS1_2962_17_06_32.jpg,420.62,413.38,18.75,20.25,0.792,drone,26,27,28,25,24
image_BS1_2965_17_06_33.jpg,421.0,413.12,19.0,20.75,0.7964,drone,26,27,28,25,24
image_BS1_2971_17_06_35.jpg,472.62,403.75,18.25,20.0,0.7578,drone,29,28,26,25,24
image_BS1_2976_17_06_36.jpg,487.5,397.25,18.5,20.5,0.7808,drone,32,33,31,29,27
image_BS1_2979_17_06_37.jpg,499.0,393.25,18.5,20.5,0.7808,drone,33,32,60,15,25
image_BS1_2983_17_06_37.jpg,518.75,388.0,18.5,20.5,0.7861,drone,34,60,15,26,25
image_BS1_2987_17_06_38.jpg,539.5,383.38,18.0,20.25,0.7827,drone,34,60,15,26,25
image_BS1_2991_17_06_38.jpg,555.75,380.62,18.5,20.25,0.7866,drone,37,60,15,26,25
image_BS1_2992_17_06_38.jpg,559.0,380.0,18.0,20.0,0.791,drone,37,60,15,26,25
image_BS1_29_16_58_45.jpg,577.25,402.38,44.5,41.75,0.8511,drone,38,39,37,60,27
image_BS1_3005_17_06_40.jpg,574.25,376.62,18.5,20.75,0.7871,drone,38,60,15,26,25
image_BS1_3011_17_06_41.jpg,573.75,376.5,18.5,20.5,0.7861,drone,38,37,60,15,25
image_BS1_3018_17_06_42.jpg,559.0,374.5,18.0,20.0,0.7661,drone,37,60,15,26,25
image_BS1_3019_17_06_42.jpg,555.75,374.38,18.5,20.75,0.7827,drone,37,34,60,15,25
image_BS1_3028_17_06_43.jpg,515.38,371.75,18.25,20.0,0.7861,drone,34,33,60,15,25
image_BS1_3032_17_06_43.jpg,495.38,370.25,18.25,20.5,0.7827,drone,32,33,60,15,25
image_BS1_3034_17_06_44.jpg,481.75,369.25,18.5,20.5,0.7739,drone,31,29,30,15,25
image_BS1_3041_17_06_45.jpg,451.62,367.88,18.75,20.75,0.7808,drone,29,28,26,25,24
image_BS1_3048_17_06_46.jpg,418.38,365.88,18.25,20.25,0.7622,drone,26,60,28,25,24
image_BS1_3053_17_06_47.jpg,393.0,364.5,18.0,20.0,0.7822,drone,23,60,28,26,25
image_BS1_3056_17_06_47.jpg,389.88,364.38,18.25,20.25,0.7734,drone,23,60,28,26,25
image_BS1_3059_17_06_48.jpg,388.62,364.38,18.75,20.75,0.7808,drone,23,60,28,26,25
image_BS1_3062_17_06_48.jpg,389.88,364.88,18.25,20.25,0.7778,drone,23,60,28,26,25
image_BS1_3065_17_06_48.jpg,392.75,365.38,18.0,20.25,0.7773,drone,23,60,28,26,25
image_BS1_3070_17_06_50.jpg,426.5,370.5,18.5,20.5,0.7705,drone,27,28,26,25,24
image_BS1_3071_17_06_51.jpg,428.25,371.0,18.5,20.5,0.7769,drone,27,28,26,25,24
image_BS1_3074_17_06_51.jpg,433.25,371.62,18.5,20.75,0.7827,drone,27,28,26,25,24
image_BS1_3080_17_06_52.jpg,441.25,373.38,18.5,20.75,0.792,drone,28,29,27,4,16
image_BS1_308_16_59_22.jpg,509.62,311.25,35.75,33.0,0.709,drone,34,33,60,15,25
image_BS1_3095_17_06_54.jpg,466.5,375.75,18.5,20.5,0.7754,drone,29,28,26,25,24
image_BS1_3096_17_06_54.jpg,468.25,375.88,18.5,20.75,0.7778,drone,29,28,26,25,24
image_BS1_3097_17_06_54.jpg,470.38,376.75,18.25,20.5,0.7773,drone,29,28,26,25,24
image_BS1_3098_17_06_54.jpg,473.0,376.88,18.0,20.25,0.7852,drone,29,28,26,25,24
image_BS1_3099_17_06_54.jpg,474.75,376.88,18.0,20.25,0.7725,drone,29,28,26,25,24
image_BS1_309_16_59_22.jpg,515.75,312.0,35.5,33.0,0.7104,drone,34,33,60,15,25
image_BS1_3101_17_06_55.jpg,480.88,377.62,18.25,20.25,0.7773,drone,29,31,15,26,25
image_BS1_3102_17_06_55.jpg,483.88,377.62,18.25,20.25,0.7734,drone,30,31,32,60,27
image_BS1_3104_17_06_55.jpg,491.62,378.88,18.25,20.25,0.7798,drone,32,31,60,15,25
image_BS1_3107_17_06_55.jpg,505.25,380.25,18.5,20.5,0.7871,drone,33,32,60,15,25
image_BS1_3109_17_06_56.jpg,516.25,381.5,18.5,20.5,0.7847,drone,34,33,60,15,25
image_BS1_3110_17_06_56.jpg,521.75,381.75,18.5,20.5,0.7788,drone,34,60,15,26,25
image_BS1_3111_17_06_56.jpg,525.75,381.88,18.5,20.75,0.7725,drone,34,60,15,26,25
image_BS1_3112_17_06_56.jpg,532.0,382.38,18.0,20.25,0.7241,drone,34,60,15,26,25
image_BS1_3113_17_06_56.jpg,538.0,382.88,18.0,20.25,0.7905,drone,34,60,15,26,25
image_BS1_3129_17_06_58.jpg,617.0,389.12,18.0,20.25,0.7969,drone,39,60,15,26,25
image_BS1_3130_17_06_58.jpg,618.5,389.0,18.0,20.0,0.7905,drone,39,60,15,26,25
image_BS1_3133_17_06_59.jpg,619.75,388.38,17.5,19.75,0.7905,drone,39,60,15,26,25
image_BS1_3134_17_06_59.jpg,619.25,388.0,17.5,20.0,0.7886,drone,39,60,15,26,25
image_BS1_3136_17_06_59.jpg,617.5,386.88,18.0,20.25,0.7886,drone,39,60,15,26,25
image_BS1_3138_17_07_00.jpg,615.0,385.75,18.0,20.5,0.7881,drone,39,60,15,26,25
image_BS1_3139_17_07_00.jpg,613.5,385.25,18.0,20.5,0.7812,drone,39,60,15,26,25
image_BS1_313_16_59_22.jpg,535.0,313.88,37.0,33.75,0.7656,drone,34,60,15,26,25
image_BS1_3140_17_07_00.jpg,611.25,384.25,18.5,20.5,0.7788,drone,39,60,15,26,25
image_BS1_3144_17_07_00.jpg,600.5,382.62,18.0,20.25,0.6592,drone,39,60,15,26,25
image_BS1_3147_17_07_01.jpg,571.0,378.0,18.0,20.0,0.7808,drone,38,37,60,15,25
image_BS1_3148_17_07_01.jpg,566.25,377.0,18.5,20.5,0.7808,drone,37,38,60,15,25
image_BS1_3154_17_07_02.jpg,529.0,373.75,18.0,20.5,0.7671,drone,34,60,15,26,25
image_BS1_3155_17_07_02.jpg,521.25,373.12,18.5,20.25,0.7925,drone,34,60,15,26,25
image_BS1_3156_17_07_02.jpg,513.88,372.38,18.25,20.25,0.7852,drone,33,34,60,15,25
image_BS1_3159_17_07_03.jpg,490.12,369.75,18.25,20.5,0.7773,drone,32,31,60,15,25
image_BS1_315_16_59_23.jpg,542.0,314.0,38.0,35.0,0.7744,drone,34,36,37,60,27
image_BS1_3161_17_07_03.jpg,475.12,368.25,18.75,21.0,0.7788,drone,29,28,26,25,24
image_BS1_3170_17_07_05.jpg,388.12,361.5,18.25,20.5,0.7798,drone,23,60,28,26,25
image_BS1_3174_17_07_05.jpg,373.0,360.25,18.0,20.0,0.7812,drone,22,23,60,28,26
image_BS1_3177_17_07_06.jpg,370.5,359.88,18.0,20.25,0.7773,drone,22,60,28,26,25
image_BS1_317_16_59_23.jpg,546.25,314.0,38.5,35.5,0.7607,drone,36,37,60,15,25
image_BS1_318_16_59_23.jpg,549.0,314.38,36.0,33.25,0.7563,drone,37,34,36,60,27
image_BS1_3191_17_07_09.jpg,455.38,364.0,18.25,20.5,0.7822,drone,29,28,26,25,24
image_BS1_3194_17_07_09.jpg,471.62,365.38,18.25,20.75,0.7661,drone,29,28,26,25,24
image_BS1_3195_17_07_10.jpg,476.25,365.38,18.5,20.75,0.7788,drone,29,28,26,25,24
image_BS1_3201_17_07_10.jpg,506.5,367.5,18.0,20.0,0.7861,drone,33,34,60,15,25
image_BS1_3202_17_07_10.jpg,510.25,367.62,18.5,20.75,0.793,drone,34,32,60,15,25
image_BS1_3207_17_07_11.jpg,522.25,367.75,18.5,20.5,0.7842,drone,34,60,15,26,25
image_BS1_3209_17_07_11.jpg,523.75,367.62,18.5,20.25,0.7852,drone,34,60,15,26,25
image_BS1_3210_17_07_12.jpg,524.75,367.25,17.5,20.0,0.7832,drone,34,60,15,26,25
image_BS1_3212_17_07_12.jpg,525.0,367.12,18.0,20.25,0.6899,drone,34,60,15,26,25
image_BS1_3215_17_07_12.jpg,526.75,366.75,17.5,20.0,0.6875,drone,34,60,15,26,25
image_BS1_3219_17_07_13.jpg,527.5,366.62,18.0,20.25,0.7139,drone,34,60,15,26,25
image_BS1_321_16_59_24.jpg,552.5,314.62,37.0,34.25,0.7676,drone,37,34,60,15,25
image_BS1_3220_17_07_13.jpg,527.5,366.5,18.0,20.0,0.709,drone,34,60,15,26,25
image_BS1_3225_17_07_14.jpg,528.5,366.62,18.0,19.75,0.4141,drone,34,60,15,26,25
image_BS1_3226_17_07_14.jpg,528.0,366.5,18.0,20.5,0.5908,drone,34,60,15,26,25
image_BS1_3228_17_07_14.jpg,528.75,366.5,17.5,20.0,0.6621,drone,34,60,15,26,25
image_BS1_3229_17_07_14.jpg,528.75,366.75,17.5,20.0,0.5537,drone,34,60,15,26,25
image_BS1_3237_17_07_15.jpg,544.5,367.88,18.0,20.25,0.7773,drone,34,37,60,15,25
image_BS1_3241_17_07_16.jpg,559.25,368.75,18.5,21.0,0.7886,drone,37,34,60,15,25
image_BS1_3243_17_07_16.jpg,568.25,369.25,18.5,20.5,0.7827,drone,37,38,60,15,25
image_BS1_3244_17_07_16.jpg,574.75,370.38,18.5,20.75,0.7852,drone,37,38,60,15,25
image_BS1_3245_17_07_16.jpg,579.75,370.38,18.5,20.25,0.7812,drone,38,39,60,15,25
image_BS1_3246_17_07_16.jpg,584.0,371.25,18.0,20.0,0.6406,drone,39,38,60,15,25
image_BS1_3247_17_07_16.jpg,588.5,371.75,18.0,20.0,0.791,drone,39,60,15,26,25
image_BS1_3248_17_07_17.jpg,593.0,372.25,18.0,20.0,0.79,drone,39,60,15,26,25
image_BS1_324_16_59_24.jpg,555.25,316.0,36.5,34.0,0.7549,drone,37,60,15,26,25
image_BS1_3251_17_07_17.jpg,603.0,372.88,18.0,20.25,0.792,drone,39,60,15,26,25
image_BS1_3252_17_07_17.jpg,605.75,373.0,18.5,20.5,0.7891,drone,39,60,15,26,25
image_BS1_3254_17_07_17.jpg,609.5,373.25,18.0,20.5,0.7847,drone,39,60,15,26,25
image_BS1_3261_17_07_18.jpg,614.75,371.75,18.5,20.5,0.792,drone,39,60,15,26,25
image_BS1_3265_17_07_19.jpg,614.75,371.0,18.5,20.5,0.7881,drone,39,60,15,26,25
image_BS1_3266_17_07_19.jpg,614.0,370.88,18.0,20.75,0.7861,drone,39,60,15,26,25
image_BS1_3270_17_07_20.jpg,610.5,369.62,18.0,20.25,0.7788,drone,39,60,15,26,25
image_BS1_3273_17_07_20.jpg,604.5,368.62,18.0,20.25,0.7847,drone,39,60,15,26,25
image_BS1_3274_17_07_20.jpg,601.5,368.25,18.0,20.0,0.79,drone,39,60,15,26,25
image_BS1_3280_17_07_21.jpg,578.0,364.5,18.0,20.5,0.7886,drone,39,38,60,15,25
image_BS1_3285_17_07_22.jpg,538.5,361.62,18.0,20.25,0.7788,drone,34,60,15,26,25
image_BS1_3286_17_07_22.jpg,532.25,361.25,18.5,20.5,0.7798,drone,34,60,15,26,25
image_BS1_3289_17_07_22.jpg,508.75,359.75,17.5,20.0,0.7925,drone,34,60,15,26,25
image_BS1_3294_17_07_23.jpg,469.25,357.62,18.0,20.25,0.7793,drone,29,28,26,25,24
image_BS1_3296_17_07_23.jpg,453.25,357.12,18.5,20.75,0.7866,drone,29,28,26,25,24
image_BS1_3299_17_07_24.jpg,428.38,356.0,18.25,20.5,0.7754,drone,27,28,26,25,24
image_BS1_329_16_59_25.jpg,556.75,331.0,36.5,33.5,0.7505,drone,37,36,60,15,25
image_BS1_3300_17_07_24.jpg,417.0,355.12,18.0,20.25,0.7744,drone,26,27,28,25,24
image_BS1_3302_17_07_25.jpg,356.75,352.5,17.5,19.5,0.7739,drone,22,60,28,26,25
image_BS1_3303_17_07_25.jpg,353.25,352.62,18.0,20.25,0.7725,drone,22,60,28,26,25
image_BS1_3304_17_07_26.jpg,350.38,352.12,18.25,20.25,0.791,drone,22,21,20,60,28
image_BS1_3306_17_07_26.jpg,345.88,352.25,17.75,20.0,0.7744,drone,21,22,60,28,26
image_BS1_3309_17_07_26.jpg,342.5,350.75,17.5,19.5,0.7051,drone,21,60,28,26,25
image_BS1_3310_17_07_26.jpg,341.75,350.62,18.0,20.25,0.7563,drone,21,60,28,26,25
image_BS1_3312_17_07_27.jpg,342.62,350.0,17.75,20.0,0.769,drone,21,60,28,26,25
image_BS1_331_16_59_25.jpg,553.0,337.62,34.0,31.75,0.7363,drone,34,37,60,15,25
image_BS1_3320_17_07_28.jpg,356.12,350.5,17.75,20.0,0.7671,drone,22,60,28,26,25
image_BS1_3321_17_07_28.jpg,359.0,350.62,17.5,19.75,0.7358,drone,22,60,28,26,25
image_BS1_332_16_59_25.jpg,549.25,341.0,35.5,33.0,0.7407,drone,34,37,60,15,25
image_BS1_3330_17_07_29.jpg,395.25,353.5,18.0,20.0,0.772,drone,23,26,22,60,28
image_BS1_3341_17_07_30.jpg,466.38,358.75,18.25,20.5,0.4766,drone,29,28,26,25,24
image_BS1_3345_17_07_31.jpg,490.62,360.0,18.75,21.0,0.7812,drone,32,31,60,15,25
image_BS1_3351_17_07_32.jpg,524.75,362.0,18.5,20.5,0.7808,drone,34,60,15,26,25
image_BS1_3353_17_07_32.jpg,535.5,362.38,18.0,20.75,0.7861,drone,34,60,15,26,25
image_BS1_3366_17_07_34.jpg,583.25,363.62,18.5,20.25,0.7871,drone,39,38,60,15,25
image_BS1_3368_17_07_34.jpg,588.25,363.88,18.5,20.25,0.7886,drone,39,60,15,26,25
image_BS1_336_16_59_26.jpg,525.5,349.62,35.0,32.75,0.7612,drone,34,60,15,26,25
image_BS1_3370_17_07_34.jpg,592.75,364.0,18.5,20.5,0.792,drone,39,60,15,26,25
image_BS1_3373_17_07_35.jpg,601.25,363.5,18.5,20.5,0.791,drone,39,60,15,26,25
image_BS1_3379_17_07_36.jpg,602.25,362.38,18.5,20.75,0.7866,drone,39,60,15,26,25
image_BS1_3381_17_07_36.jpg,602.0,362.12,18.0,20.75,0.7886,drone,39,60,15,26,25
image_BS1_3383_17_07_36.jpg,601.75,361.75,18.5,20.5,0.7886,drone,39,60,15,26,25
image_BS1_3385_17_07_37.jpg,601.5,361.75,18.0,20.5,0.7925,drone,39,60,15,26,25
image_BS1_3387_17_07_37.jpg,601.25,361.88,18.5,20.75,0.791,drone,39,60,15,26,25
image_BS1_338_16_59_26.jpg,507.0,352.62,35.0,32.25,0.7637,drone,33,34,32,60,27
image_BS1_3393_17_07_38.jpg,600.25,361.88,18.5,20.75,0.7871,drone,39,60,15,26,25
image_BS1_3399_17_07_38.jpg,588.5,357.75,18.0,20.0,0.7822,drone,39,60,15,26,25
image_BS1_339_16_59_26.jpg,496.62,353.88,34.75,32.25,0.7754,drone,32,33,60,15,25
image_BS1_33_16_58_46.jpg,569.5,395.75,45.0,42.5,0.8394,drone,37,39,60,15,25
image_BS1_3402_17_07_39.jpg,579.25,355.0,18.5,20.5,0.7847,drone,39,38,60,15,25
image_BS1_3405_17_07_39.jpg,566.25,352.5,18.5,20.5,0.7861,drone,37,60,15,26,25
image_BS1_3407_17_07_39.jpg,557.25,350.62,18.5,20.75,0.5039,drone,37,60,15,26,25
image_BS1_340_16_59_26.jpg,488.25,355.12,35.5,33.25,0.7827,drone,32,31,60,15,25
image_BS1_3410_17_07_41.jpg,490.12,343.38,18.25,20.25,0.7471,drone,32,31,60,15,25
image_BS1_3415_17_07_42.jpg,468.88,341.0,17.75,20.0,0.7832,drone,29,28,26,25,24
image_BS1_3417_17_07_42.jpg,462.88,340.75,18.25,20.5,0.7822,drone,29,28,26,25,24
image_BS1_3420_17_07_42.jpg,456.5,340.0,18.0,20.5,0.7793,drone,29,28,26,25,24
image_BS1_3424_17_07_43.jpg,450.75,339.62,17.5,20.25,0.7676,drone,29,28,26,25,24
image_BS1_3427_17_07_43.jpg,450.25,339.88,18.0,20.25,0.771,drone,29,28,26,25,24
image_BS1_342_16_59_26.jpg,463.88,357.0,35.75,33.5,0.791,drone,29,28,26,25,24
image_BS1_3432_17_07_44.jpg,454.62,341.0,18.25,20.5,0.7769,drone,29,28,26,25,24
image_BS1_3434_17_07_44.jpg,457.5,341.38,18.0,20.75,0.7866,drone,29,28,26,25,24
image_BS1_3438_17_07_45.jpg,462.12,342.12,18.25,20.25,0.7739,drone,29,28,26,25,24
image_BS1_3440_17_07_45.jpg,466.62,342.5,18.25,20.5,0.6323,drone,29,28,26,25,24
image_BS1_3444_17_07_46.jpg,473.25,343.88,18.5,20.75,0.7861,drone,29,28,26,25,24
image_BS1_3445_17_07_46.jpg,475.0,344.12,18.5,20.75,0.7808,drone,29,28,26,25,24
image_BS1_3447_17_07_46.jpg,478.62,344.62,18.25,20.25,0.791,drone,29,28,26,25,24
image_BS1_3452_17_07_47.jpg,486.38,346.12,18.75,21.25,0.7798,drone,32,29,31,15,25
image_BS1_3453_17_07_47.jpg,487.62,346.0,18.75,21.0,0.7778,drone,32,60,15,26,25
image_BS1_3456_17_07_47.jpg,490.75,346.25,18.0,20.5,0.7676,drone,32,30,60,15,25
image_BS1_3459_17_07_48.jpg,492.25,346.12,18.5,20.75,0.769,drone,32,60,15,26,25
image_BS1_3462_17_07_48.jpg,493.0,345.88,18.0,20.25,0.7744,drone,32,60,15,26,25
image_BS1_3463_17_07_48.jpg,493.38,345.75,18.25,20.5,0.7793,drone,32,60,15,26,25
image_BS1_3464_17_07_48.jpg,493.62,346.12,18.25,20.75,0.771,drone,32,60,15,26,25
image_BS1_3465_17_07_48.jpg,493.75,345.62,18.5,20.75,0.7759,drone,32,60,15,26,25
image_BS1_3466_17_07_49.jpg,493.88,345.88,18.25,20.75,0.7734,drone,32,60,15,26,25
image_BS1_3468_17_07_49.jpg,494.12,345.5,17.75,20.5,0.7739,drone,32,31,60,15,25
image_BS1_3476_17_07_51.jpg,521.25,347.25,17.5,20.0,0.79,drone,34,60,15,26,25
image_BS1_3479_17_07_51.jpg,533.75,348.12,18.5,20.75,0.7891,drone,34,60,15,26,25
image_BS1_347_16_59_27.jpg,413.12,359.25,33.25,31.0,0.7793,drone,26,60,28,25,24
image_BS1_3491_17_07_53.jpg,572.75,377.88,18.5,20.75,0.7798,drone,38,37,60,15,25
image_BS1_3492_17_07_53.jpg,575.25,385.88,18.5,20.75,0.7822,drone,38,60,15,26,25
image_BS1_3493_17_08_05.jpg,452.38,417.88,18.75,20.75,0.7637,drone,29,28,26,25,24
image_BS1_3495_17_08_05.jpg,463.12,411.62,18.75,20.75,0.7754,drone,29,28,26,25,24
image_BS1_34_16_58_46.jpg,566.75,393.25,44.5,42.0,0.8389,drone,37,39,60,15,25
image_BS1_3503_17_08_07.jpg,490.25,392.75,19.0,21.0,0.7793,drone,32,33,60,15,25
image_BS1_3504_17_08_07.jpg,491.0,392.88,18.5,20.75,0.7788,drone,32,33,60,15,25
image_BS1_3507_17_08_07.jpg,490.88,394.25,18.75,21.0,0.7808,drone,32,33,60,15,25
image_BS1_3511_17_08_08.jpg,487.38,399.25,19.25,21.0,0.7778,drone,31,32,60,15,25
image_BS1_351_16_59_28.jpg,393.0,360.25,35.0,32.5,0.791,drone,23,60,28,26,25
image_BS1_3522_17_08_10.jpg,442.62,439.62,18.75,20.75,0.7852,drone,28,29,27,4,16
image_BS1_3523_17_08_10.jpg,438.25,443.5,18.5,20.5,0.7725,drone,27,28,29,4,16
image_BS1_3524_17_08_10.jpg,433.0,447.38,19.0,20.75,0.7827,drone,27,26,28,25,24
image_BS1_3529_17_08_22.jpg,548.75,443.25,17.5,20.0,0.7734,drone,34,37,60,15,25
image_BS1_3535_17_08_22.jpg,533.5,432.75,18.0,20.0,0.7529,drone,34,60,15,26,25
image_BS1_3545_17_08_24.jpg,491.88,424.12,18.25,20.25,0.7822,drone,32,33,60,15,25
image_BS1_3547_17_08_24.jpg,480.88,422.5,18.75,20.5,0.5186,drone,29,31,30,15,25
image_BS1_3549_17_08_24.jpg,465.12,419.88,18.75,20.75,0.7852,drone,29,28,26,25,24
image_BS1_354_16_59_28.jpg,390.25,360.0,35.0,32.5,0.7871,drone,23,60,28,26,25
image_BS1_3550_17_08_25.jpg,461.0,419.5,19.0,21.0,0.7842,drone,29,28,26,25,24
image_BS1_3552_17_08_25.jpg,450.25,417.25,18.0,20.0,0.7725,drone,29,28,26,25,24
image_BS1_3553_17_08_25.jpg,446.75,417.0,18.5,20.5,0.769,drone,29,28,26,25,24
image_BS1_3555_17_08_25.jpg,444.0,415.62,18.0,20.25,0.7705,drone,28,29,26,25,24
image_BS1_3556_17_08_26.jpg,443.12,415.0,18.75,20.5,0.7661,drone,29,28,27,4,16
image_BS1_3557_17_08_26.jpg,442.25,414.25,18.5,20.5,0.604,drone,29,28,27,4,16
image_BS1_3559_17_08_27.jpg,438.75,412.75,18.5,20.5,0.7798,drone,29,28,27,4,16
image_BS1_355_16_59_28.jpg,391.38,359.38,35.25,32.75,0.7852,drone,23,60,28,26,25
image_BS1_3560_17_08_27.jpg,438.38,412.88,18.75,20.75,0.7832,drone,28,29,27,4,16
image_BS1_3565_17_08_27.jpg,442.5,413.0,19.0,21.0,0.7744,drone,29,28,27,4,16
image_BS1_3572_17_08_28.jpg,444.88,413.38,18.75,20.75,0.7725,drone,28,29,26,25,24
image_BS1_3581_17_08_31.jpg,445.75,414.38,18.5,20.25,0.709,drone,28,29,27,4,16
image_BS1_3583_17_08_32.jpg,446.0,415.0,18.5,20.5,0.7324,drone,28,29,27,4,16
image_BS1_3586_17_08_32.jpg,445.75,414.88,19.0,20.75,0.667,drone,29,28,27,4,16
image_BS1_3587_17_08_32.jpg,446.0,415.12,19.0,20.75,0.7852,drone,28,27,26,25,24
image_BS1_3597_17_08_33.jpg,446.12,415.5,18.75,20.5,0.7827,drone,28,27,29,4,16
image_BS1_3598_17_08_34.jpg,446.38,415.75,19.25,21.0,0.7773,drone,29,28,26,25,24
image_BS1_3599_17_08_34.jpg,446.25,415.75,19.0,21.0,0.7778,drone,29,28,27,4,16
image_BS1_359_16_59_29.jpg,402.38,361.5,36.75,33.5,0.7734,drone,26,60,28,25,24
image_BS1_35_16_58_46.jpg,563.75,392.25,43.5,40.5,0.8169,drone,37,60,15,26,25
image_BS1_3608_17_08_35.jpg,446.0,415.62,19.0,20.75,0.7798,drone,28,29,27,4,16
image_BS1_3609_17_08_35.jpg,446.38,415.5,18.75,20.5,0.7827,drone,29,28,26,25,24
image_BS1_360_16_59_29.jpg,406.38,361.62,35.75,33.25,0.792,drone,26,60,28,25,24
image_BS1_3611_17_08_35.jpg,446.12,415.5,18.75,21.0,0.7827,drone,28,27,29,4,16
image_BS1_3612_17_08_35.jpg,446.12,415.38,18.75,20.75,0.7827,drone,28,29,27,4,16
image_BS1_3617_17_08_36.jpg,446.0,415.12,19.0,20.75,0.7798,drone,28,27,26,25,24
image_BS1_3619_17_08_36.jpg,446.0,415.0,18.5,20.5,0.769,drone,28,29,27,4,16
image_BS1_361_16_59_29.jpg,410.5,362.38,35.5,33.25,0.7793,drone,26,23,60,28,25
image_BS1_3620_17_08_36.jpg,446.12,414.88,18.75,20.75,0.709,drone,28,29,27,4,16
image_BS1_3624_17_08_37.jpg,445.75,414.5,18.5,20.5,0.4971,drone,28,29,26,25,24
image_BS1_3625_17_08_37.jpg,445.75,414.25,18.5,20.5,0.7544,drone,28,29,26,25,24
image_BS1_3627_17_08_37.jpg,445.88,414.12,18.75,20.75,0.7642,drone,28,27,29,4,16
image_BS1_3628_17_08_37.jpg,446.0,413.75,18.5,20.5,0.7671,drone,28,29,27,4,16
image_BS1_3631_17_08_38.jpg,446.12,414.0,18.25,20.5,0.7686,drone,28,29,27,4,16
image_BS1_3634_17_08_38.jpg,446.0,414.0,18.5,20.5,0.7646,drone,28,29,27,4,16
image_BS1_3637_17_08_39.jpg,446.25,413.75,18.5,20.5,0.7642,drone,28,29,26,25,24
image_BS1_3638_17_08_39.jpg,446.0,414.0,18.5,20.5,0.7676,drone,28,29,27,4,16
image_BS1_3641_17_08_39.jpg,446.25,414.0,18.5,20.5,0.7676,drone,28,27,29,4,16
image_BS1_3644_17_08_40.jpg,446.0,414.25,18.5,20.5,0.6943,drone,28,27,26,25,24
image_BS1_3645_17_08_40.jpg,446.25,415.88,18.5,20.25,0.7759,drone,29,28,26,25,24
image_BS1_3647_17_08_40.jpg,445.75,416.38,18.5,20.25,0.7725,drone,29,28,26,25,24
image_BS1_3648_17_08_41.jpg,446.0,416.5,18.5,20.0,0.772,drone,29,28,26,25,24
image_BS1_364_16_59_29.jpg,426.5,365.0,36.5,34.0,0.7793,drone,27,26,28,25,24
image_BS1_3651_17_08_41.jpg,447.25,417.5,18.5,20.5,0.7744,drone,29,28,26,25,24
image_BS1_3653_17_08_41.jpg,448.62,418.0,18.25,20.0,0.7759,drone,29,28,26,25,24
image_BS1_3654_17_08_41.jpg,449.5,418.25,18.0,20.0,0.7705,drone,29,28,26,25,24
image_BS1_3658_17_08_42.jpg,453.75,420.0,18.5,20.5,0.7705,drone,28,29,26,25,24
image_BS1_3662_17_08_42.jpg,456.62,421.0,18.75,20.5,0.7939,drone,29,28,26,25,24
image_BS1_3668_17_08_45.jpg,465.75,424.0,19.0,21.0,0.791,drone,29,28,26,25,24
image_BS1_3678_17_08_47.jpg,466.12,424.12,19.25,21.25,0.7871,drone,29,28,26,25,24
image_BS1_3681_17_08_47.jpg,466.12,424.12,19.25,21.25,0.7866,drone,29,28,26,25,24
image_BS1_3685_17_08_48.jpg,466.12,424.38,19.25,21.25,0.7822,drone,29,28,26,25,24
image_BS1_368_16_59_30.jpg,459.25,368.75,35.0,32.5,0.7827,drone,29,28,26,25,24
image_BS1_3698_17_08_49.jpg,467.38,425.12,18.75,20.75,0.7793,drone,29,28,26,25,24
image_BS1_36_16_58_46.jpg,561.75,390.0,43.5,41.0,0.8237,drone,37,36,60,15,25
image_BS1_3701_17_08_50.jpg,466.88,424.75,18.75,20.5,0.7866,drone,29,28,26,25,24
image_BS1_3711_17_08_51.jpg,498.75,426.0,18.0,20.5,0.7739,drone,32,60,15,26,25
image_BS1_3716_17_08_52.jpg,514.12,425.88,17.75,20.25,0.7646,drone,33,34,60,15,25
image_BS1_3718_17_08_52.jpg,517.25,426.12,17.5,19.75,0.7627,drone,34,33,60,15,25
image_BS1_3720_17_08_52.jpg,518.0,425.5,18.0,20.0,0.7656,drone,34,33,60,15,25
image_BS1_3731_17_08_54.jpg,495.38,423.5,18.25,20.0,0.791,drone,32,31,60,15,25
image_BS1_3732_17_08_54.jpg,492.75,423.88,18.0,20.25,0.7866,drone,32,33,60,15,25
image_BS1_3733_17_08_54.jpg,491.25,423.38,18.0,20.25,0.7886,drone,32,33,31,60,27
image_BS1_3741_17_08_55.jpg,485.88,423.12,18.75,20.75,0.7939,drone,30,31,32,60,27
image_BS1_3742_17_08_55.jpg,485.62,423.75,18.25,20.5,0.7925,drone,30,31,32,60,27
image_BS1_3745_17_08_56.jpg,481.88,423.5,18.25,20.5,0.792,drone,29,31,30,15,25
image_BS1_3747_17_08_56.jpg,477.25,423.38,18.5,20.25,0.7974,drone,29,28,26,25,24
image_BS1_3751_17_08_56.jpg,464.5,421.38,19.0,20.75,0.7871,drone,29,28,26,25,24
image_BS1_3752_17_08_56.jpg,460.25,421.25,19.0,21.0,0.7847,drone,29,28,26,25,24
image_BS1_3753_17_08_57.jpg,455.75,420.88,19.0,20.75,0.7725,drone,29,28,26,25,24
image_BS1_3758_17_08_57.jpg,428.75,417.5,18.5,20.5,0.7744,drone,27,28,29,4,16
image_BS1_3760_17_08_58.jpg,417.0,416.88,18.5,20.25,0.7886,drone,26,27,28,25,24
image_BS1_3762_17_08_59.jpg,390.75,416.12,19.0,20.75,0.7905,drone,23,60,28,26,25
image_BS1_3767_17_08_59.jpg,388.12,416.25,18.75,20.5,0.7812,drone,23,60,28,26,25
image_BS1_376_16_59_31.jpg,487.5,367.25,36.0,33.5,0.7812,drone,32,31,60,15,25
image_BS1_3770_17_09_00.jpg,386.75,417.38,19.0,20.75,0.7788,drone,23,60,28,26,25
image_BS1_3771_17_09_00.jpg,386.88,417.38,18.75,20.75,0.7798,drone,23,60,28,26,25
image_BS1_3772_17_09_00.jpg,386.12,417.75,18.25,20.5,0.7847,drone,23,60,28,26,25
image_BS1_3774_17_09_00.jpg,385.62,418.38,18.25,20.25,0.7812,drone,23,22,60,28,26
image_BS1_377_16_59_31.jpg,486.5,367.38,36.0,33.75,0.7769,drone,31,29,32,30,27
image_BS1_3783_17_09_02.jpg,391.75,421.12,19.0,20.75,0.7847,drone,22,23,60,28,26
image_BS1_3784_17_09_03.jpg,391.5,421.38,19.0,20.75,0.79,drone,23,22,60,28,26
image_BS1_3789_17_09_03.jpg,392.38,421.12,18.75,20.75,0.749,drone,23,22,60,28,26
image_BS1_3792_17_09_04.jpg,393.0,421.0,19.0,20.5,0.7959,drone,23,22,60,28,26
image_BS1_3794_17_09_04.jpg,394.62,421.12,18.75,20.25,0.7891,drone,23,26,60,28,25
image_BS1_3797_17_09_04.jpg,397.75,421.38,18.0,19.75,0.7881,drone,23,26,60,28,25
image_BS1_3798_17_09_04.jpg,399.62,421.62,18.25,20.25,0.7871,drone,26,23,60,28,25
image_BS1_3804_17_09_05.jpg,419.88,422.75,18.25,20.0,0.7886,drone,26,39,60,15,25
image_BS1_3805_17_09_05.jpg,424.62,423.62,17.75,19.75,0.7773,drone,26,39,29,15,25
image_BS1_3806_17_09_06.jpg,438.75,425.38,18.0,20.25,0.7642,drone,27,28,29,4,16
image_BS1_3808_17_09_06.jpg,459.12,427.62,19.25,21.25,0.7788,drone,29,28,26,25,24
image_BS1_3810_17_09_06.jpg,469.5,428.88,19.0,20.75,0.7891,drone,29,28,26,25,24
image_BS1_3813_17_09_07.jpg,491.0,429.62,18.0,20.25,0.7759,drone,30,32,31,34,60
image_BS1_3815_17_09_07.jpg,500.62,429.5,17.75,20.0,0.7529,drone,32,34,39,60,27
image_BS1_3817_17_09_08.jpg,504.12,429.38,17.75,20.25,0.4397,drone,33,39,34,32,60
image_BS1_3818_17_09_08.jpg,507.0,428.5,18.0,20.5,0.7598,drone,34,33,60,15,25
image_BS1_3821_17_09_08.jpg,508.25,428.0,17.5,20.0,0.7622,drone,33,34,32,60,27
image_BS1_3822_17_09_08.jpg,509.0,428.12,18.0,20.25,0.7646,drone,33,32,60,15,25
image_BS1_3823_17_09_09.jpg,510.5,427.75,18.0,20.0,0.7676,drone,33,60,15,26,25
image_BS1_3826_17_09_10.jpg,514.0,426.62,18.0,20.25,0.7642,drone,33,60,15,26,25
image_BS1_382_16_59_32.jpg,480.0,374.38,35.5,33.25,0.7686,drone,29,31,15,26,25
image_BS1_3832_17_09_11.jpg,511.12,426.12,17.75,20.25,0.7661,drone,33,34,60,15,25
image_BS1_3834_17_09_12.jpg,510.5,426.0,18.0,20.0,0.769,drone,34,33,60,15,25
image_BS1_3835_17_09_12.jpg,510.12,425.88,17.75,20.25,0.7661,drone,34,33,60,15,25
image_BS1_3836_17_09_12.jpg,510.0,425.75,18.0,20.5,0.7676,drone,33,34,60,15,25
image_BS1_3837_17_09_12.jpg,510.0,425.88,18.0,20.25,0.7656,drone,33,34,60,15,25
image_BS1_3849_17_09_14.jpg,510.0,425.88,18.0,20.25,0.7671,drone,33,34,60,15,25
image_BS1_384_16_59_32.jpg,478.25,377.88,36.0,33.25,0.7476,drone,29,28,26,25,24
image_BS1_3850_17_09_14.jpg,510.12,426.0,17.75,20.5,0.769,drone,34,33,60,15,25
image_BS1_3859_17_09_15.jpg,510.38,426.0,18.25,20.5,0.769,drone,34,33,60,15,25
image_BS1_385_16_59_32.jpg,478.62,378.5,34.25,32.0,0.7607,drone,29,28,26,25,24
image_BS1_3862_17_09_15.jpg,510.0,426.25,18.0,20.5,0.769,drone,33,34,60,15,25
image_BS1_3864_17_09_16.jpg,510.0,426.38,18.0,20.25,0.7676,drone,33,60,15,26,25
image_BS1_3867_17_09_16.jpg,509.75,426.62,17.5,19.75,0.7705,drone,33,32,60,15,25
image_BS1_3872_17_09_17.jpg,509.62,426.5,17.75,20.0,0.769,drone,33,32,60,15,25
image_BS1_3876_17_09_17.jpg,509.5,426.62,18.0,20.25,0.7661,drone,33,34,60,15,25
image_BS1_3886_17_09_19.jpg,509.5,426.88,18.0,20.25,0.7686,drone,33,32,60,15,25
image_BS1_388_16_59_33.jpg,479.12,380.0,35.25,33.0,0.7822,drone,29,31,15,26,25
image_BS1_3894_17_09_20.jpg,509.5,426.38,18.0,20.25,0.769,drone,33,32,60,15,25
image_BS1_3896_17_09_20.jpg,509.62,426.5,17.75,20.5,0.7671,drone,33,32,60,15,25
image_BS1_3897_17_09_20.jpg,510.0,426.75,18.0,20.5,0.7676,drone,33,32,60,15,25
image_BS1_3898_17_09_20.jpg,510.0,426.62,18.0,20.25,0.7671,drone,33,32,60,15,25
image_BS1_389_16_59_33.jpg,479.25,380.62,37.0,34.25,0.7559,drone,29,28,26,25,24
image_BS1_38_16_58_46.jpg,556.75,386.0,44.5,41.5,0.8232,drone,37,60,15,26,25
image_BS1_3902_17_09_21.jpg,512.12,426.12,17.75,20.25,0.501,drone,33,34,60,15,25
image_BS1_3902_17_09_21.jpg,512.0,426.25,18.0,20.5,0.4609,drone,33,34,60,15,25
image_BS1_3905_17_09_21.jpg,516.62,426.38,17.75,19.75,0.7612,drone,34,33,60,15,25
image_BS1_390_16_59_33.jpg,480.5,380.0,35.5,33.0,0.7646,drone,29,31,15,26,25
image_BS1_3911_17_09_22.jpg,534.0,428.88,18.0,20.25,0.6875,drone,34,60,15,26,25
image_BS1_3919_17_09_23.jpg,567.25,434.12,18.5,20.75,0.7686,drone,37,38,39,60,27
image_BS1_3925_17_09_24.jpg,607.5,439.25,18.0,19.5,0.752,drone,39,60,15,26,25
image_BS1_396_16_59_34.jpg,484.12,379.0,35.25,33.0,0.7686,drone,30,31,29,32,27
image_BS1_398_16_59_34.jpg,483.5,379.5,35.0,33.0,0.7695,drone,30,31,29,15,25
image_BS1_401_16_59_34.jpg,480.5,383.38,35.5,33.25,0.7773,drone,29,32,31,15,25
image_BS1_403_16_59_35.jpg,478.5,389.12,36.5,34.25,0.7959,drone,29,30,15,26,25
image_BS1_406_16_59_35.jpg,472.5,403.62,36.0,33.75,0.7773,drone,29,28,26,25,24
image_BS1_410_16_59_36.jpg,461.62,420.12,35.75,33.25,0.7476,drone,29,28,26,25,24
image_BS1_412_16_59_36.jpg,456.0,424.62,34.5,31.75,0.7544,drone,29,28,26,25,24
image_BS1_413_16_59_36.jpg,453.38,424.75,34.75,32.0,0.7563,drone,29,28,26,25,24
image_BS1_419_16_59_37.jpg,440.62,404.38,34.75,32.75,0.7358,drone,27,29,3,4,26
image_BS1_421_16_59_37.jpg,439.38,395.62,35.75,33.25,0.7866,drone,27,28,29,4,16
image_BS1_427_16_59_38.jpg,437.75,374.0,36.0,34.0,0.7905,drone,27,29,3,4,26
image_BS1_428_16_59_38.jpg,437.38,372.38,35.75,33.25,0.79,drone,27,29,3,4,26
image_BS1_432_16_59_39.jpg,436.5,378.0,35.0,33.0,0.793,drone,27,28,26,25,24
image_BS1_433_16_59_39.jpg,435.88,382.0,35.25,33.0,0.7793,drone,28,27,26,25,24
image_BS1_435_16_59_39.jpg,434.75,392.75,35.5,33.0,0.7725,drone,27,29,3,4,26
image_BS1_440_16_59_40.jpg,431.25,411.38,35.0,32.75,0.7612,drone,27,28,26,25,24
image_BS1_443_16_59_40.jpg,429.88,412.25,35.25,32.5,0.7534,drone,27,28,26,25,24
image_BS1_444_16_59_40.jpg,429.62,411.38,34.75,32.25,0.7612,drone,27,28,26,25,24
image_BS1_445_16_59_40.jpg,430.0,409.0,34.5,32.0,0.7622,drone,27,28,26,25,24
image_BS1_450_16_59_41.jpg,436.62,387.0,34.75,32.5,0.7808,drone,27,28,29,4,16
image_BS1_4545_17_12_23.jpg,481.75,424.62,20.5,22.25,0.6104,drone,29,31,30,15,25
image_BS1_4565_17_12_25.jpg,494.5,355.38,49.0,46.75,0.5068,drone,32,60,15,26,25
image_BS1_456_16_59_42.jpg,463.88,357.12,35.25,33.25,0.7891,drone,29,28,26,25,24
image_BS1_4570_17_12_26.jpg,495.12,359.88,49.75,48.25,0.5596,drone,32,60,15,26,25
image_BS1_4572_17_12_26.jpg,492.88,361.75,49.25,48.0,0.5786,drone,32,60,15,26,25
image_BS1_457_16_59_42.jpg,468.88,353.5,35.25,32.5,0.7822,drone,29,28,26,25,24
image_BS1_4587_17_12_29.jpg,420.5,401.38,19.0,21.75,0.4312,drone,26,27,28,25,24
image_BS1_4588_17_12_29.jpg,410.12,405.38,18.75,21.75,0.4805,drone,26,27,28,25,24
image_BS1_458_16_59_42.jpg,473.88,351.12,35.25,32.75,0.7695,drone,29,28,26,25,24
image_BS1_4593_17_12_30.jpg,396.0,412.5,18.5,21.5,0.4534,drone,23,26,60,28,25
image_BS1_4611_17_12_34.jpg,546.25,411.38,52.5,50.25,0.8086,drone,34,60,15,26,25
image_BS1_4612_17_12_34.jpg,547.0,411.12,53.0,50.75,0.813,drone,34,60,15,26,25
image_BS1_4613_17_12_34.jpg,545.5,410.62,53.0,50.75,0.812,drone,34,60,15,26,25
image_BS1_4615_17_12_35.jpg,545.25,410.12,53.5,50.75,0.8125,drone,34,60,15,26,25
image_BS1_4616_17_12_35.jpg,544.0,410.5,53.0,50.5,0.8086,drone,34,60,15,26,25
image_BS1_4620_17_12_35.jpg,529.75,410.5,51.5,49.5,0.7344,drone,34,60,15,26,25
image_BS1_4622_17_12_36.jpg,514.62,410.12,48.75,46.75,0.4238,drone,34,32,33,60,27
image_BS1_4624_17_12_36.jpg,499.5,409.12,50.0,47.25,0.6631,drone,33,32,31,60,27
image_BS1_4628_17_12_37.jpg,466.5,406.62,52.5,49.75,0.7393,drone,29,28,26,25,24
image_BS1_462_16_59_43.jpg,485.5,346.38,35.5,32.75,0.7788,drone,29,31,32,15,25
image_BS1_4631_17_12_37.jpg,447.88,403.88,52.75,49.25,0.7046,drone,29,28,26,25,24
image_BS1_4632_17_12_37.jpg,442.62,403.88,52.25,48.75,0.624,drone,29,27,3,4,26
image_BS1_4635_17_12_37.jpg,421.62,404.25,53.25,50.0,0.5288,drone,26,27,28,25,24
image_BS1_4636_17_12_38.jpg,417.0,404.12,53.0,49.75,0.5024,drone,26,60,28,25,24
image_BS1_4637_17_12_38.jpg,411.88,404.5,52.25,49.0,0.5151,drone,26,27,28,25,24
image_BS1_4641_17_12_39.jpg,390.0,400.75,54.0,50.0,0.7012,drone,23,22,60,28,26
image_BS1_4644_17_12_39.jpg,384.0,398.62,53.5,49.75,0.6709,drone,23,22,60,28,26
image_BS1_4647_17_12_39.jpg,384.38,396.88,51.75,48.75,0.7207,drone,23,22,60,28,26
image_BS1_4648_17_12_39.jpg,385.75,396.12,52.5,49.25,0.7471,drone,23,22,60,28,26
image_BS1_4650_17_12_40.jpg,391.25,393.38,51.5,48.75,0.7085,drone,23,60,28,26,25
image_BS1_4651_17_12_40.jpg,393.88,392.38,51.75,48.75,0.6929,drone,23,26,60,28,25
image_BS1_4654_17_12_40.jpg,406.38,388.12,52.25,48.75,0.7031,drone,26,60,28,25,24
image_BS1_4655_17_12_40.jpg,411.5,386.38,52.0,48.25,0.6641,drone,26,60,28,25,24
image_BS1_4662_17_12_41.jpg,468.62,376.5,48.25,45.0,0.7388,drone,29,28,26,25,24
image_BS1_4663_17_12_41.jpg,479.25,374.62,50.5,47.25,0.7056,drone,29,31,15,26,25
image_BS1_4667_17_12_42.jpg,532.12,364.62,50.75,47.75,0.7871,drone,34,60,15,26,25
image_BS1_4668_17_12_43.jpg,560.75,360.88,53.5,50.75,0.8423,drone,37,38,60,15,25
image_BS1_4670_17_12_43.jpg,567.0,359.62,51.0,47.75,0.8193,drone,37,38,60,15,25
image_BS1_4687_17_12_48.jpg,573.75,519.5,49.5,41.0,0.6836,drone,39,34,37,60,27
image_BS1_4687_17_12_48.jpg,573.75,519.12,52.5,41.75,0.4604,drone,39,34,37,60,27
image_BS1_4689_17_12_51.jpg,336.75,450.62,51.5,47.75,0.8169,drone,20,21,60,28,26
image_BS1_4692_17_12_51.jpg,330.5,421.12,50.5,47.75,0.8218,drone,21,20,60,28,26
image_BS1_4693_17_12_52.jpg,330.25,411.88,51.5,48.25,0.8032,drone,20,21,60,28,26
image_BS1_4695_17_12_52.jpg,331.75,397.0,48.5,45.5,0.8018,drone,21,60,28,26,25
image_BS1_4697_17_12_52.jpg,335.25,379.62,46.5,43.25,0.8018,drone,21,19,22,60,28
image_BS1_4704_17_12_53.jpg,372.0,334.0,46.0,43.0,0.8013,drone,22,60,28,26,25
image_BS1_4709_17_12_54.jpg,421.75,313.25,47.0,44.0,0.8154,drone,26,27,28,25,24
image_BS1_4712_17_12_54.jpg,455.62,305.75,49.25,46.0,0.8242,drone,29,28,26,25,24
image_BS1_4715_17_12_54.jpg,491.62,306.0,48.75,45.5,0.8086,drone,34,33,60,15,25
image_BS1_4716_17_12_55.jpg,503.12,308.12,49.75,46.25,0.8188,drone,32,33,60,15,25
image_BS1_4718_17_12_55.jpg,523.75,315.5,50.5,47.5,0.7866,drone,34,60,15,26,25
image_BS1_4723_17_12_56.jpg,561.5,341.0,51.0,48.0,0.8057,drone,37,38,60,15,25
image_BS1_4729_17_12_56.jpg,583.75,361.88,52.5,49.25,0.7949,drone,39,60,15,26,25
image_BS1_472_16_59_44.jpg,498.5,376.62,35.0,32.75,0.7705,drone,32,33,60,15,25
image_BS1_4730_17_12_56.jpg,583.25,363.88,51.5,48.75,0.8184,drone,39,38,60,15,25
image_BS1_4732_17_12_57.jpg,581.0,366.38,53.0,50.25,0.7588,drone,39,38,60,15,25
image_BS1_4738_17_12_57.jpg,563.25,386.5,54.5,51.0,0.8062,drone,37,60,15,26,25
image_BS1_4741_17_12_58.jpg,555.75,400.5,54.5,51.5,0.8276,drone,37,60,15,26,25
image_BS1_4744_17_12_58.jpg,550.0,414.12,53.0,50.25,0.8491,drone,34,60,15,26,25
image_BS1_4745_17_12_58.jpg,548.75,416.88,53.5,50.75,0.8384,drone,34,60,15,26,25
image_BS1_4747_17_12_59.jpg,546.25,421.12,53.5,50.75,0.8447,drone,34,36,60,15,25
image_BS1_4750_17_12_59.jpg,543.0,432.75,53.0,50.0,0.8457,drone,34,60,15,26,25
image_BS1_4751_17_13_00.jpg,543.0,437.62,53.0,50.25,0.8413,drone,34,60,15,26,25
image_BS1_4752_17_13_00.jpg,543.25,444.25,52.5,49.5,0.8296,drone,34,60,15,26,25
image_BS1_4756_17_13_02.jpg,516.5,469.25,51.0,48.5,0.8174,drone,34,33,39,60,27
image_BS1_4759_17_13_04.jpg,395.62,446.38,51.75,48.25,0.8086,drone,26,23,60,28,25
image_BS1_4763_17_13_05.jpg,354.75,442.25,49.0,45.5,0.7944,drone,22,21,60,28,26
image_BS1_4764_17_13_05.jpg,349.62,440.75,49.25,45.5,0.8066,drone,22,21,60,28,26
image_BS1_4769_17_13_06.jpg,349.25,416.88,51.5,48.25,0.8003,drone,22,60,28,26,25
image_BS1_476_16_59_44.jpg,480.25,379.38,35.0,32.75,0.7891,drone,29,31,15,26,25
image_BS1_4771_17_13_07.jpg,359.0,408.38,51.0,47.75,0.8081,drone,22,21,60,28,26
image_BS1_4775_17_13_07.jpg,386.25,392.62,51.5,48.25,0.8013,drone,23,26,60,28,25
image_BS1_4777_17_13_07.jpg,399.5,385.75,51.5,48.0,0.8076,drone,26,60,28,25,24
image_BS1_477_16_59_45.jpg,473.5,378.88,35.0,32.75,0.7656,drone,29,28,26,25,24
image_BS1_4784_17_13_08.jpg,485.75,355.12,50.0,46.75,0.8013,drone,32,31,60,15,25
image_BS1_4791_17_13_09.jpg,619.5,321.5,50.0,46.0,0.6074,drone,39,40,60,15,25
image_BS1_4791_17_13_09.jpg,619.75,322.38,50.5,47.25,0.5908,drone,39,40,60,15,25
image_BS1_47_16_58_48.jpg,541.5,371.38,41.0,38.75,0.814,drone,34,37,60,15,25
image_BS1_4808_17_13_12.jpg,761.25,301.25,51.5,48.5,0.8184,drone,49,60,14,26,25
image_BS1_4810_17_13_12.jpg,758.0,306.12,52.0,48.75,0.856,drone,49,60,14,26,25
image_BS1_4816_17_13_13.jpg,734.5,331.5,54.0,51.0,0.7983,drone,49,48,60,14,25
image_BS1_4819_17_13_13.jpg,716.75,349.12,53.5,50.75,0.8203,drone,47,60,14,26,25
image_BS1_4820_17_13_13.jpg,708.25,355.88,54.5,50.75,0.8394,drone,46,47,60,14,25
image_BS1_4821_17_13_13.jpg,700.75,362.75,53.5,50.5,0.8345,drone,46,45,44,60,14
image_BS1_4824_17_13_14.jpg,665.5,390.62,54.0,50.75,0.8262,drone,43,60,26,25,24
image_BS1_4830_17_13_15.jpg,587.5,453.75,52.0,49.0,0.8188,drone,39,38,60,15,25
image_BS1_4832_17_13_15.jpg,562.25,474.75,50.5,47.5,0.8042,drone,38,34,60,15,25
image_BS1_4837_17_13_18.jpg,389.62,519.62,49.75,40.75,0.5288,drone,29,28,27,4,16
image_BS1_4837_17_13_18.jpg,389.0,520.75,44.0,38.5,0.46,drone,29,28,27,4,16
image_BS1_4839_17_13_19.jpg,344.75,506.0,48.5,45.0,0.7871,drone,38,21,22,20,60
image_BS1_4841_17_13_19.jpg,331.38,490.38,47.25,44.25,0.7773,drone,38,21,22,20,60
image_BS1_4842_17_13_19.jpg,326.75,470.0,49.5,46.0,0.7891,drone,21,20,22,60,28
image_BS1_4845_17_13_20.jpg,326.88,450.75,49.75,46.0,0.8018,drone,21,20,60,28,26
image_BS1_4848_17_13_20.jpg,333.0,431.38,50.0,46.75,0.8125,drone,20,17,21,22,60
image_BS1_484_16_59_46.jpg,416.75,374.62,35.0,32.75,0.7832,drone,26,27,28,25,24
image_BS1_4852_17_13_21.jpg,352.5,408.38,50.0,46.75,0.8076,drone,22,21,60,28,26
image_BS1_4855_17_13_21.jpg,372.62,396.62,50.25,47.25,0.8003,drone,22,23,60,28,26
image_BS1_4857_17_13_21.jpg,384.38,391.5,51.75,48.5,0.6978,drone,23,22,26,24,60
image_BS1_4857_17_13_21.jpg,384.62,391.5,52.25,49.0,0.5156,drone,23,26,22,24,60
image_BS1_485_16_59_46.jpg,411.5,373.75,34.5,32.0,0.7676,drone,26,25,60,28,24
image_BS1_4865_17_13_22.jpg,443.0,372.88,48.5,45.75,0.7881,drone,28,29,27,4,16
image_BS1_4872_17_13_23.jpg,522.62,358.12,51.75,48.75,0.8154,drone,34,60,15,26,25
image_BS1_4876_17_13_24.jpg,588.0,348.62,52.0,48.25,0.8008,drone,39,38,60,15,25
image_BS1_4876_17_13_24.jpg,586.75,348.5,51.5,48.5,0.5835,drone,39,38,60,15,25
image_BS1_4880_17_13_25.jpg,631.75,353.12,53.5,50.25,0.7085,drone,42,60,15,26,25
image_BS1_4883_17_13_25.jpg,649.5,362.0,53.0,49.0,0.7568,drone,42,43,60,25,24
image_BS1_4883_17_13_25.jpg,650.0,361.5,52.0,48.0,0.6226,drone,43,42,60,25,24
image_BS1_4889_17_13_26.jpg,659.75,377.75,52.5,49.0,0.8125,drone,43,44,42,25,24
image_BS1_488_16_59_46.jpg,402.62,370.88,35.25,32.75,0.7754,drone,26,23,60,28,25
image_BS1_4890_17_13_26.jpg,656.75,379.88,53.5,49.75,0.7217,drone,43,42,44,25,24
image_BS1_4893_17_13_26.jpg,642.0,386.12,55.0,51.25,0.7373,drone,42,60,15,26,25
image_BS1_4896_17_13_27.jpg,622.5,393.12,53.0,50.25,0.8472,drone,39,40,60,15,25
image_BS1_489_16_59_46.jpg,401.62,370.75,36.25,33.5,0.7891,drone,26,60,28,25,24
image_BS1_4904_17_13_28.jpg,525.12,420.62,51.75,49.25,0.835,drone,34,60,15,26,25
image_BS1_4907_17_13_29.jpg,512.12,423.12,51.75,49.75,0.8442,drone,33,34,60,15,25
image_BS1_4908_17_13_29.jpg,509.75,424.5,50.5,48.0,0.8403,drone,33,34,60,15,25
image_BS1_4910_17_13_29.jpg,500.25,426.62,51.5,49.25,0.8257,drone,32,33,60,15,25
image_BS1_4912_17_13_30.jpg,486.38,429.38,49.75,47.25,0.8403,drone,33,29,32,15,25
image_BS1_4915_17_13_30.jpg,459.0,435.5,51.5,49.0,0.813,drone,29,28,26,25,24
image_BS1_4919_17_13_31.jpg,423.5,444.62,51.0,47.25,0.6216,drone,26,27,28,25,24
image_BS1_491_16_59_46.jpg,399.5,369.12,36.5,33.75,0.7959,drone,26,23,60,28,25
image_BS1_4922_17_13_32.jpg,397.25,453.5,51.0,47.5,0.7988,drone,26,23,60,28,25
image_BS1_4925_17_13_33.jpg,403.12,455.5,48.75,45.5,0.7905,drone,26,23,60,28,25
image_BS1_4929_17_13_33.jpg,446.88,451.38,49.75,46.75,0.8115,drone,29,28,27,4,16
image_BS1_492_16_59_47.jpg,398.5,368.0,36.0,33.5,0.7881,drone,23,26,60,28,25
image_BS1_4930_17_13_34.jpg,455.88,450.5,49.75,47.0,0.8174,drone,29,28,26,25,24
image_BS1_4936_17_13_34.jpg,509.88,444.12,51.25,48.25,0.8428,drone,33,34,60,15,25
image_BS1_4938_17_13_35.jpg,529.75,442.38,52.5,49.25,0.8271,drone,34,60,15,26,25
image_BS1_493_16_59_47.jpg,398.38,367.38,37.25,34.25,0.793,drone,23,26,60,28,25
image_BS1_4940_17_13_35.jpg,548.25,440.0,51.5,49.0,0.835,drone,34,37,60,15,25
image_BS1_4942_17_13_35.jpg,561.75,437.88,52.5,49.75,0.833,drone,37,14,38,36,60
image_BS1_4946_17_13_36.jpg,600.0,431.75,52.0,48.5,0.8359,drone,39,60,15,26,25
image_BS1_4948_17_13_36.jpg,620.0,429.5,52.0,49.0,0.8398,drone,39,60,15,26,25
image_BS1_4951_17_13_36.jpg,666.5,419.75,53.0,50.0,0.832,drone,43,42,44,25,24
image_BS1_4955_17_13_37.jpg,703.5,409.12,52.0,49.75,0.8403,drone,46,45,60,14,25
image_BS1_4956_17_13_37.jpg,710.5,406.62,53.0,49.75,0.8574,drone,47,48,46,60,14
image_BS1_4967_17_13_39.jpg,715.25,394.38,51.5,49.25,0.8433,drone,47,48,60,14,25
image_BS1_4968_17_13_39.jpg,710.5,393.88,52.0,49.25,0.8564,drone,47,46,45,48,60
image_BS1_4971_17_13_39.jpg,685.0,392.88,53.0,50.25,0.8486,drone,44,45,13,25,24
image_BS1_4975_17_13_40.jpg,644.25,395.12,55.5,51.75,0.6665,drone,43,42,60,25,24
image_BS1_4975_17_13_40.jpg,644.5,395.12,55.0,51.25,0.4543,drone,43,42,60,25,24
image_BS1_4977_17_13_40.jpg,622.75,397.25,52.5,49.5,0.853,drone,39,40,60,15,25
image_BS1_497_16_59_47.jpg,400.62,364.5,33.75,31.5,0.7695,drone,26,23,60,28,25
image_BS1_4985_17_13_41.jpg,504.38,409.5,50.25,48.0,0.8169,drone,32,33,34,60,27
image_BS1_4988_17_13_41.jpg,449.5,416.12,50.5,47.75,0.8145,drone,29,28,26,25,24
image_BS1_4991_17_13_42.jpg,397.88,423.12,49.75,46.75,0.8208,drone,23,26,60,28,25
image_BS1_4996_17_13_42.jpg,322.88,433.88,47.75,44.25,0.7974,drone,17,20,60,28,26
image_BS1_499_16_59_47.jpg,407.62,363.88,34.75,32.25,0.7886,drone,26,23,60,28,25
image_BS1_5015_17_13_45.jpg,302.12,425.75,49.25,46.0,0.8062,drone,17,16,60,28,26
image_BS1_5016_17_13_45.jpg,309.25,424.0,48.0,45.0,0.8086,drone,17,19,16,60,28
image_BS1_5017_17_13_45.jpg,317.12,422.0,48.75,46.0,0.8018,drone,17,19,20,60,28
image_BS1_5028_17_13_47.jpg,513.5,377.5,49.0,47.0,0.8237,drone,34,33,60,15,25
image_BS1_5034_17_13_49.jpg,726.25,346.62,51.5,48.75,0.853,drone,49,47,48,60,14
image_BS1_5038_17_13_50.jpg,733.75,354.62,53.5,50.25,0.8486,drone,48,47,49,60,14
image_BS1_5040_17_13_50.jpg,728.5,357.0,53.0,50.0,0.8198,drone,48,47,60,14,25
image_BS1_5045_17_13_51.jpg,701.0,360.38,52.0,49.25,0.8525,drone,46,45,44,47,60
image_BS1_5046_17_13_51.jpg,695.25,361.38,52.5,49.25,0.8521,drone,45,44,13,25,24
image_BS1_504_16_59_48.jpg,434.25,363.0,35.5,33.0,0.7905,drone,27,28,26,25,24
image_BS1_5053_17_13_52.jpg,623.5,371.75,54.0,50.5,0.6108,drone,39,40,60,15,25
image_BS1_5053_17_13_52.jpg,624.0,371.38,54.0,50.25,0.5747,drone,39,40,60,15,25
image_BS1_5055_17_13_52.jpg,599.25,375.25,50.5,47.0,0.7656,drone,39,60,15,26,25
image_BS1_5059_17_13_53.jpg,539.25,387.5,51.5,49.0,0.814,drone,34,60,15,26,25
image_BS1_5062_17_13_53.jpg,491.25,396.88,49.5,47.25,0.8237,drone,32,60,15,26,25
image_BS1_5067_17_13_54.jpg,398.5,412.75,50.0,46.5,0.8252,drone,23,26,60,28,25
image_BS1_506_16_59_48.jpg,444.88,362.88,35.75,33.25,0.7866,drone,27,28,29,4,16
image_BS1_5070_17_13_54.jpg,359.88,420.88,49.25,46.25,0.4358,drone,22,60,28,26,25
image_BS1_5073_17_13_55.jpg,315.0,429.25,50.0,46.5,0.8027,drone,17,16,19,60,28
image_BS1_5077_17_13_56.jpg,303.62,412.0,47.25,44.0,0.8086,drone,17,60,28,26,25
image_BS1_5082_17_13_57.jpg,319.25,387.25,48.5,45.0,0.8042,drone,20,21,17,60,28
image_BS1_5085_17_13_57.jpg,333.62,365.75,45.75,42.5,0.8057,drone,21,20,22,60,28
image_BS1_5087_17_13_57.jpg,345.5,350.25,45.5,42.5,0.8115,drone,21,60,28,26,25
image_BS1_5088_17_13_57.jpg,350.0,344.25,45.5,42.5,0.8174,drone,22,21,60,28,26
image_BS1_508_16_59_49.jpg,457.25,363.12,34.5,32.25,0.79,drone,29,28,26,25,24
image_BS1_5090_17_13_58.jpg,357.0,333.62,47.0,43.75,0.8101,drone,22,60,28,26,25
image_BS1_5092_17_13_58.jpg,363.0,324.25,47.5,44.5,0.7993,drone,22,60,28,26,25
image_BS1_5093_17_13_58.jpg,365.75,321.0,47.0,44.0,0.8193,drone,22,60,28,26,25
image_BS1_5098_17_13_59.jpg,377.75,316.75,45.5,43.0,0.8066,drone,22,60,28,26,25
image_BS1_5099_17_13_59.jpg,381.25,319.5,46.0,43.0,0.8188,drone,22,23,60,28,26
image_BS1_50_16_58_48.jpg,536.5,367.25,40.0,37.5,0.7974,drone,34,60,15,26,25
image_BS1_5104_17_14_00.jpg,407.12,338.5,46.75,43.5,0.7969,drone,26,60,28,25,24
image_BS1_5109_17_14_00.jpg,479.0,368.5,48.5,45.5,0.8188,drone,29,30,31,15,25
image_BS1_5113_17_14_03.jpg,719.75,407.75,49.5,47.0,0.8237,drone,47,49,60,14,25
image_BS1_5118_17_14_04.jpg,733.25,400.88,50.5,47.75,0.8408,drone,48,47,60,14,25
image_BS1_5122_17_14_05.jpg,712.5,395.0,50.0,48.0,0.8369,drone,47,48,46,60,14
image_BS1_5123_17_14_05.jpg,705.0,393.62,52.0,49.75,0.8364,drone,45,46,47,60,14
image_BS1_5129_17_14_05.jpg,648.75,389.5,52.5,49.5,0.8252,drone,43,42,60,25,24
image_BS1_5131_17_14_06.jpg,625.25,390.25,54.5,51.5,0.8384,drone,40,39,42,60,27
image_BS1_5134_17_14_06.jpg,589.0,392.0,51.0,48.5,0.8315,drone,39,37,60,15,25
image_BS1_513_16_59_49.jpg,485.25,363.5,35.5,33.0,0.7739,drone,31,32,60,15,25
image_BS1_5143_17_14_07.jpg,510.12,399.75,51.75,49.5,0.8403,drone,33,34,60,15,25
image_BS1_5145_17_14_08.jpg,484.75,405.38,51.0,48.75,0.8423,drone,31,32,60,15,25
image_BS1_5146_17_14_08.jpg,474.75,407.5,52.0,49.5,0.8184,drone,29,30,15,26,25
image_BS1_5147_17_14_08.jpg,465.25,409.75,50.5,48.5,0.8203,drone,29,28,26,25,24
image_BS1_5148_17_14_08.jpg,454.0,411.88,52.0,49.25,0.8223,drone,29,28,26,25,24
image_BS1_5152_17_14_09.jpg,413.0,420.62,51.0,47.75,0.8042,drone,39,26,27,15,25
image_BS1_5153_17_14_09.jpg,404.62,421.62,51.25,48.25,0.8169,drone,26,27,28,25,24
image_BS1_5161_17_14_10.jpg,338.75,432.62,49.5,46.25,0.8101,drone,22,20,21,60,28
image_BS1_5163_17_14_10.jpg,321.25,430.88,50.0,46.25,0.8169,drone,17,20,60,28,26
image_BS1_5169_17_14_11.jpg,303.38,411.12,49.75,46.75,0.8198,drone,17,60,28,26,25
image_BS1_5171_17_14_11.jpg,301.0,405.62,46.5,43.75,0.7964,drone,17,60,28,26,25
image_BS1_5172_17_14_12.jpg,300.5,404.75,49.5,46.5,0.8052,drone,17,60,28,26,25
image_BS1_5174_17_14_12.jpg,301.88,401.38,50.25,46.75,0.8076,drone,17,60,28,26,25
image_BS1_5176_17_14_12.jpg,307.75,397.12,49.0,45.75,0.8115,drone,17,19,60,28,26
image_BS1_5179_17_14_12.jpg,320.5,394.5,47.5,44.5,0.8184,drone,21,20,17,60,28
image_BS1_5184_17_14_13.jpg,351.25,391.25,50.0,47.0,0.8125,drone,21,22,60,28,26
image_BS1_5187_17_14_13.jpg,371.12,390.0,48.75,46.0,0.8125,drone,22,23,60,28,26
image_BS1_518_16_59_50.jpg,512.88,364.25,35.25,33.0,0.7612,drone,34,60,15,26,25
image_BS1_5191_17_14_14.jpg,389.88,389.12,49.25,46.25,0.8232,drone,23,60,28,26,25
image_BS1_5192_17_14_14.jpg,393.75,388.62,50.5,47.75,0.811,drone,26,23,60,28,25
image_BS1_5194_17_14_14.jpg,398.75,387.88,51.0,47.75,0.8174,drone,26,60,28,25,24
image_BS1_5197_17_14_15.jpg,405.62,385.0,48.75,46.0,0.8237,drone,26,60,28,25,24
image_BS1_5200_17_14_16.jpg,409.5,385.62,50.0,47.25,0.8066,drone,26,60,28,25,24
image_BS1_5204_17_14_16.jpg,427.5,385.5,47.0,44.5,0.8125,drone,27,28,26,25,24
image_BS1_5208_17_14_17.jpg,464.88,384.12,51.25,48.75,0.8271,drone,29,28,26,25,24
image_BS1_5210_17_14_18.jpg,605.25,357.38,49.5,45.75,0.7754,drone,39,60,15,26,25
image_BS1_5212_17_14_19.jpg,596.0,345.88,49.0,45.75,0.8042,drone,39,60,15,26,25
image_BS1_5215_17_14_20.jpg,577.0,340.38,52.0,49.25,0.7104,drone,39,38,60,15,25
image_BS1_5215_17_14_20.jpg,577.0,340.38,52.0,48.25,0.606,drone,39,38,60,15,25
image_BS1_5216_17_14_20.jpg,569.25,339.5,52.5,49.0,0.6807,drone,38,37,39,60,27
image_BS1_5216_17_14_20.jpg,569.5,339.25,53.0,49.5,0.4248,drone,38,37,39,60,27
image_BS1_5218_17_14_20.jpg,550.0,337.62,52.0,48.25,0.8433,drone,37,34,60,15,25
image_BS1_5221_17_14_20.jpg,517.5,336.62,51.0,47.75,0.8301,drone,34,60,15,26,25
image_BS1_5222_17_14_21.jpg,505.5,336.88,49.0,46.25,0.8135,drone,34,33,60,15,25
image_BS1_5223_17_14_21.jpg,492.5,336.5,50.0,47.0,0.8101,drone,32,60,15,26,25
image_BS1_5225_17_14_21.jpg,466.25,337.0,48.5,45.5,0.814,drone,29,28,26,25,24
image_BS1_522_16_59_50.jpg,539.25,366.75,36.5,34.0,0.7593,drone,34,60,15,26,25
image_BS1_5235_17_14_22.jpg,390.5,340.25,45.5,42.5,0.8105,drone,23,60,28,26,25
image_BS1_5238_17_14_23.jpg,378.88,343.75,44.75,42.0,0.8101,drone,22,23,60,28,26
image_BS1_5247_17_14_24.jpg,388.25,385.5,49.0,46.0,0.8091,drone,23,60,28,26,25
image_BS1_524_16_59_51.jpg,555.0,368.5,36.0,33.5,0.7515,drone,37,60,15,26,25
image_BS1_5253_17_14_25.jpg,434.25,416.62,50.5,46.75,0.8032,drone,29,28,27,26,4
image_BS1_5255_17_14_25.jpg,453.75,419.5,50.5,47.5,0.8228,drone,29,28,26,25,24
image_BS1_5257_17_14_25.jpg,473.88,417.5,50.25,47.5,0.8232,drone,29,28,26,25,24
image_BS1_5259_17_14_25.jpg,497.5,410.75,49.0,47.0,0.8311,drone,33,32,31,60,27
image_BS1_5261_17_14_26.jpg,517.88,404.62,51.25,48.75,0.8364,drone,34,60,15,26,25
image_BS1_5266_17_14_26.jpg,577.5,390.75,51.0,48.5,0.8242,drone,38,39,60,15,25
image_BS1_5269_17_14_27.jpg,598.0,396.12,50.0,47.75,0.832,drone,39,60,15,26,25
image_BS1_5271_17_14_27.jpg,609.25,403.0,52.5,49.5,0.8203,drone,39,60,15,26,25
image_BS1_5274_17_14_28.jpg,607.25,411.5,52.5,49.5,0.8442,drone,39,60,15,26,25
image_BS1_527_16_59_51.jpg,581.0,370.88,36.0,33.25,0.7339,drone,38,39,60,15,25
image_BS1_5280_17_14_29.jpg,566.75,410.75,52.5,50.0,0.8447,drone,37,60,15,26,25
image_BS1_5284_17_14_29.jpg,526.62,407.0,51.75,50.0,0.854,drone,34,60,15,26,25
image_BS1_5287_17_14_30.jpg,492.25,411.62,51.5,49.25,0.835,drone,29,33,32,15,25
image_BS1_5288_17_14_30.jpg,480.75,415.12,50.5,48.25,0.8633,drone,30,29,33,15,25
image_BS1_5291_17_14_30.jpg,431.38,438.75,51.25,48.0,0.8135,drone,27,26,28,29,5
image_BS1_5298_17_14_32.jpg,327.75,443.62,48.5,44.75,0.813,drone,21,20,17,60,28
image_BS1_529_16_59_51.jpg,598.5,372.62,35.0,32.75,0.7544,drone,39,60,15,26,25
image_BS1_5302_17_14_32.jpg,304.88,414.88,47.25,44.25,0.8184,drone,17,60,28,26,25
image_BS1_5306_17_14_33.jpg,297.62,381.12,46.25,43.25,0.8105,drone,17,19,20,60,28
image_BS1_5307_17_14_33.jpg,297.5,372.5,45.5,42.5,0.8052,drone,17,19,20,60,28
image_BS1_5308_17_14_33.jpg,298.0,366.25,45.0,42.0,0.7939,drone,17,60,28,26,25
image_BS1_5310_17_14_33.jpg,303.25,348.25,44.5,41.5,0.8101,drone,17,60,28,26,25
image_BS1_5313_17_14_34.jpg,314.62,330.75,43.75,41.0,0.8057,drone,19,20,17,60,28
image_BS1_5314_17_14_34.jpg,319.25,325.25,45.0,42.0,0.8159,drone,20,17,60,28,26
image_BS1_5318_17_14_35.jpg,367.0,313.0,46.0,43.0,0.8159,drone,22,60,28,26,25
image_BS1_5333_17_14_37.jpg,566.0,401.88,54.0,50.75,0.6826,drone,37,60,15,26,25
image_BS1_5340_17_14_38.jpg,602.75,406.25,54.5,51.5,0.8037,drone,39,60,15,26,25
image_BS1_5342_17_14_38.jpg,604.25,406.0,52.5,49.5,0.8315,drone,39,60,15,26,25
image_BS1_5344_17_14_38.jpg,602.75,405.38,53.5,50.25,0.8501,drone,39,60,15,26,25
image_BS1_5345_17_14_39.jpg,599.5,405.25,52.0,49.5,0.8535,drone,39,60,15,26,25
image_BS1_5347_17_14_39.jpg,591.25,405.25,50.5,48.5,0.8486,drone,39,60,15,26,25
image_BS1_5348_17_14_39.jpg,583.25,405.5,52.5,49.5,0.6968,drone,38,39,60,15,25
image_BS1_5350_17_14_39.jpg,572.0,405.12,53.0,50.25,0.8262,drone,37,39,60,15,25
image_BS1_5353_17_14_42.jpg,486.38,401.12,50.75,48.25,0.8408,drone,31,32,60,15,25
image_BS1_5354_17_14_42.jpg,485.62,401.25,50.25,48.0,0.8403,drone,31,30,60,15,25
image_BS1_5355_17_14_42.jpg,484.88,401.38,50.75,48.25,0.8389,drone,30,31,60,15,25
image_BS1_5356_17_14_43.jpg,485.38,401.88,49.75,47.25,0.8398,drone,30,31,60,15,25
image_BS1_5357_17_14_43.jpg,484.88,401.5,50.75,48.5,0.8428,drone,30,31,60,15,25
image_BS1_5359_17_14_43.jpg,484.38,402.0,51.75,49.5,0.8364,drone,30,31,60,15,25
image_BS1_5361_17_14_43.jpg,484.25,402.75,51.5,49.0,0.8394,drone,30,31,60,15,25
image_BS1_5365_17_14_44.jpg,484.75,403.25,50.5,48.0,0.8398,drone,31,30,60,15,25
image_BS1_5366_17_14_44.jpg,484.62,403.25,51.25,49.0,0.835,drone,31,30,60,15,25
image_BS1_5369_17_14_44.jpg,485.5,403.5,50.5,48.0,0.8472,drone,31,60,15,26,25
image_BS1_5370_17_14_44.jpg,485.75,403.38,51.5,48.75,0.8413,drone,31,60,15,26,25
image_BS1_5372_17_14_45.jpg,486.0,403.12,52.0,49.25,0.8398,drone,31,60,15,26,25
image_BS1_5374_17_14_45.jpg,486.25,403.0,52.5,49.5,0.8403,drone,31,30,60,15,25
image_BS1_5376_17_14_45.jpg,486.0,403.0,52.0,49.5,0.8428,drone,31,60,15,26,25
image_BS1_537_16_59_52.jpg,640.5,375.62,33.0,30.75,0.7393,drone,42,60,15,26,25
image_BS1_5383_17_14_46.jpg,487.25,402.38,51.5,48.75,0.8472,drone,31,32,60,15,25
image_BS1_5392_17_14_47.jpg,487.62,401.75,50.75,48.5,0.8423,drone,31,32,60,15,25
image_BS1_5393_17_14_47.jpg,487.62,401.75,50.75,48.0,0.8433,drone,31,32,60,15,25
image_BS1_5396_17_14_48.jpg,484.5,401.88,50.5,48.25,0.8418,drone,30,31,60,15,25
image_BS1_5398_17_14_48.jpg,478.88,402.12,51.25,48.75,0.8403,drone,29,30,15,26,25
image_BS1_539_16_59_53.jpg,637.25,373.88,34.5,32.25,0.7349,drone,42,60,15,26,25
image_BS1_53_16_58_48.jpg,532.25,363.88,40.5,37.75,0.8052,drone,34,60,15,26,25
image_BS1_5400_17_14_48.jpg,465.62,401.25,51.25,49.0,0.8184,drone,29,28,26,25,24
image_BS1_5408_17_14_49.jpg,381.88,412.5,50.25,47.0,0.8232,drone,23,22,60,28,26
image_BS1_540_16_59_53.jpg,635.25,373.12,35.5,32.75,0.7339,drone,42,60,15,26,25
image_BS1_5411_17_14_50.jpg,347.25,416.12,48.0,44.75,0.8057,drone,22,21,60,28,26
image_BS1_5413_17_14_50.jpg,328.5,412.12,48.5,45.25,0.8086,drone,20,21,60,28,26
image_BS1_5414_17_14_50.jpg,320.62,408.75,48.25,45.0,0.8062,drone,20,21,60,28,26
image_BS1_5416_17_14_51.jpg,304.62,395.12,45.75,42.75,0.6396,drone,19,17,60,28,26
image_BS1_5416_17_14_51.jpg,304.75,395.38,46.5,43.25,0.4844,drone,19,17,60,28,26
image_BS1_5421_17_14_51.jpg,300.75,364.38,44.0,41.25,0.792,drone,17,60,28,26,25
image_BS1_5424_17_14_52.jpg,314.38,336.0,43.75,41.0,0.8086,drone,19,17,60,28,26
image_BS1_5426_17_14_52.jpg,326.0,324.38,45.0,42.25,0.8125,drone,20,17,60,28,26
image_BS1_5430_17_14_53.jpg,354.38,310.5,46.75,44.0,0.8086,drone,22,21,60,28,26
image_BS1_5431_17_14_53.jpg,363.88,309.12,45.25,42.25,0.8086,drone,22,60,28,26,25
image_BS1_5432_17_14_53.jpg,373.25,308.25,46.5,43.5,0.8164,drone,22,23,60,28,26
image_BS1_5442_17_14_56.jpg,584.5,365.12,49.0,45.75,0.7637,drone,39,60,15,26,25
image_BS1_5445_17_14_57.jpg,587.0,364.62,50.0,46.25,0.564,drone,39,60,15,26,25
image_BS1_5446_17_14_57.jpg,586.5,364.88,51.0,47.75,0.7939,drone,39,60,15,26,25
image_BS1_5449_17_14_57.jpg,590.25,364.38,49.5,45.75,0.6782,drone,39,60,15,26,25
image_BS1_5452_17_14_57.jpg,590.0,364.38,50.0,46.75,0.708,drone,39,60,15,26,25
image_BS1_5453_17_14_58.jpg,589.25,364.38,49.5,45.75,0.4207,drone,39,60,15,26,25
image_BS1_5455_17_14_58.jpg,585.25,363.25,49.5,47.0,0.6499,drone,39,60,15,26,25
image_BS1_5455_17_14_58.jpg,585.75,363.38,49.5,45.75,0.6333,drone,39,60,15,26,25
image_BS1_5456_17_14_58.jpg,582.0,363.0,49.0,45.5,0.7485,drone,39,38,60,15,25
image_BS1_5457_17_14_58.jpg,574.25,361.12,52.5,49.25,0.8247,drone,38,39,60,15,25
image_BS1_5457_17_14_58.jpg,575.25,361.5,51.5,47.5,0.407,drone,38,60,15,26,25
image_BS1_5459_17_14_58.jpg,563.5,356.88,51.0,47.75,0.811,drone,37,38,60,15,25
image_BS1_5465_17_14_59.jpg,511.25,341.88,46.5,44.25,0.8335,drone,33,34,32,60,27
image_BS1_5470_17_15_00.jpg,469.5,356.75,47.5,44.5,0.8062,drone,29,28,26,25,24
image_BS1_5473_17_15_00.jpg,453.62,377.0,50.25,47.5,0.7993,drone,29,28,26,25,24
image_BS1_547_16_59_54.jpg,629.0,370.25,34.0,32.0,0.7456,drone,40,42,60,15,25
image_BS1_5480_17_15_01.jpg,423.0,404.25,51.0,47.5,0.7905,drone,27,26,28,25,24
image_BS1_5483_17_15_01.jpg,401.12,399.5,49.25,46.0,0.8218,drone,23,26,60,28,25
image_BS1_5486_17_15_02.jpg,377.88,388.12,48.25,45.25,0.8081,drone,23,22,60,28,26
image_BS1_5487_17_15_02.jpg,368.0,382.0,47.5,44.5,0.8066,drone,22,23,60,28,26
image_BS1_5490_17_15_02.jpg,342.25,365.0,45.5,42.5,0.8052,drone,21,22,60,28,26
image_BS1_5496_17_15_03.jpg,303.5,354.12,43.0,39.75,0.8027,drone,17,60,28,26,25
image_BS1_5498_17_15_03.jpg,300.88,356.12,43.25,40.75,0.7925,drone,17,60,28,26,25
image_BS1_5502_17_15_04.jpg,306.88,360.12,43.75,40.75,0.8066,drone,17,20,19,60,28
image_BS1_5509_17_15_05.jpg,350.88,365.12,44.75,41.75,0.8125,drone,22,21,60,28,26
image_BS1_550_16_59_54.jpg,630.75,370.12,34.5,32.25,0.7607,drone,42,40,60,15,25
image_BS1_5513_17_15_05.jpg,392.38,367.62,45.75,42.75,0.8013,drone,23,60,28,26,25
image_BS1_551_16_59_54.jpg,631.25,370.12,34.5,32.25,0.7656,drone,42,40,60,15,25
image_BS1_5529_17_15_08.jpg,627.25,375.62,51.5,48.25,0.7432,drone,42,39,40,60,27
image_BS1_5531_17_15_08.jpg,641.0,374.5,51.0,48.0,0.7842,drone,42,60,15,26,25
image_BS1_5536_17_15_08.jpg,653.25,369.62,53.5,49.25,0.8125,drone,43,44,25,24,23
image_BS1_5540_17_15_09.jpg,658.75,364.75,51.5,48.0,0.8286,drone,43,44,25,24,23
image_BS1_5543_17_15_10.jpg,662.75,361.62,50.5,47.25,0.8408,drone,43,60,26,25,24
image_BS1_5546_17_15_10.jpg,660.5,359.5,50.0,46.5,0.7705,drone,43,60,26,25,24
image_BS1_5547_17_15_10.jpg,657.25,358.62,50.5,46.75,0.7642,drone,43,60,26,25,24
image_BS1_5548_17_15_10.jpg,653.5,358.12,53.0,49.25,0.8096,drone,43,42,60,25,24
image_BS1_5550_17_15_11.jpg,616.75,352.88,50.5,46.75,0.7637,drone,39,40,60,15,25
image_BS1_5560_17_15_13.jpg,497.75,396.38,50.5,48.75,0.8374,drone,32,33,34,60,27
image_BS1_5562_17_15_13.jpg,497.25,404.25,50.5,48.5,0.8311,drone,32,33,31,60,27
image_BS1_5570_17_15_17.jpg,461.25,455.0,49.0,46.0,0.8154,drone,29,28,26,25,24
image_BS1_5580_17_15_18.jpg,448.38,384.38,47.25,44.75,0.8052,drone,29,27,3,4,26
image_BS1_5586_17_15_19.jpg,410.0,359.38,48.5,45.25,0.7793,drone,26,60,28,25,24
image_BS1_5587_17_15_19.jpg,400.12,356.25,45.75,43.0,0.8169,drone,26,23,60,28,25
image_BS1_5588_17_15_19.jpg,393.0,352.75,46.0,43.0,0.8164,drone,23,22,26,60,28
image_BS1_5589_17_15_20.jpg,380.0,348.75,45.5,42.5,0.7788,drone,23,22,60,28,26
image_BS1_5591_17_15_20.jpg,361.5,343.12,44.0,41.25,0.7983,drone,22,60,28,26,25
image_BS1_5597_17_15_21.jpg,344.75,326.12,44.5,41.75,0.8125,drone,21,60,28,26,25
image_BS1_5599_17_15_21.jpg,349.88,320.12,44.75,41.75,0.8169,drone,22,21,60,28,26
image_BS1_5600_17_15_21.jpg,354.0,317.62,44.0,41.25,0.7974,drone,22,21,60,28,26
image_BS1_5601_17_15_21.jpg,360.0,316.25,44.5,41.5,0.8154,drone,22,60,28,26,25
image_BS1_5604_17_15_22.jpg,381.62,310.25,45.25,42.5,0.8101,drone,23,22,60,28,26
image_BS1_5606_17_15_22.jpg,394.75,308.62,44.5,41.75,0.7847,drone,26,23,60,28,25
image_BS1_5607_17_15_22.jpg,407.75,306.88,45.0,41.75,0.8081,drone,26,60,28,25,24
image_BS1_5612_17_15_23.jpg,481.0,302.25,46.5,43.5,0.8188,drone,29,31,32,15,25
image_BS1_5613_17_15_23.jpg,495.5,302.25,48.0,45.0,0.8218,drone,32,60,15,26,25
image_BS1_5617_17_15_23.jpg,544.0,302.62,46.0,42.75,0.8105,drone,34,60,15,26,25
image_BS1_5620_17_15_24.jpg,567.75,302.38,47.5,44.75,0.8203,drone,37,39,38,60,27
image_BS1_5621_17_15_24.jpg,575.25,301.88,48.5,45.25,0.8315,drone,39,38,37,60,27
image_BS1_5623_17_15_24.jpg,582.25,300.38,50.5,47.75,0.7979,drone,39,38,60,15,25
image_BS1_5624_17_15_24.jpg,583.25,299.62,46.5,43.25,0.8145,drone,39,38,60,15,25
image_BS1_5625_17_15_24.jpg,581.75,299.0,47.5,44.0,0.7852,drone,39,38,60,15,25
image_BS1_5628_17_15_25.jpg,572.5,295.75,47.0,43.5,0.7847,drone,38,39,37,60,27
image_BS1_5631_17_15_26.jpg,561.5,292.25,47.0,44.0,0.8086,drone,37,60,15,26,25
image_BS1_5636_17_15_26.jpg,552.0,290.12,48.0,44.75,0.8125,drone,37,34,60,15,25
image_BS1_5641_17_15_27.jpg,529.62,287.25,46.75,44.0,0.8125,drone,34,60,15,26,25
image_BS1_5645_17_15_28.jpg,508.88,295.88,46.25,43.25,0.814,drone,34,33,60,15,25
image_BS1_5646_17_15_28.jpg,499.75,303.0,46.5,43.5,0.8145,drone,32,33,60,15,25
image_BS1_5650_17_15_30.jpg,478.5,309.25,47.5,44.5,0.4863,drone,29,30,15,26,25
image_BS1_5657_17_15_31.jpg,463.0,325.25,46.0,43.0,0.811,drone,29,28,26,25,24
image_BS1_5658_17_15_31.jpg,458.5,331.88,47.0,44.25,0.7969,drone,29,28,26,25,24
image_BS1_565_16_59_58.jpg,502.88,475.0,35.25,32.5,0.7256,drone,33,34,32,60,27
image_BS1_5661_17_15_32.jpg,450.25,348.75,46.5,43.5,0.7861,drone,29,28,26,25,24
image_BS1_5662_17_15_32.jpg,448.0,355.75,46.5,43.5,0.8154,drone,29,28,26,25,24
image_BS1_5663_17_15_32.jpg,445.88,362.75,46.25,43.0,0.8091,drone,27,28,29,4,16
image_BS1_5666_17_15_32.jpg,442.88,379.88,46.75,43.75,0.7622,drone,27,29,28,3,16
image_BS1_5668_17_15_32.jpg,445.5,390.62,49.0,45.75,0.8076,drone,28,29,26,25,24
image_BS1_5671_17_15_33.jpg,452.12,403.75,50.25,47.5,0.8032,drone,29,28,26,25,24
image_BS1_5674_17_15_33.jpg,457.88,415.25,51.25,48.5,0.8291,drone,29,28,26,25,24
image_BS1_5675_17_15_33.jpg,459.5,417.62,51.0,48.25,0.8311,drone,29,28,26,25,24
image_BS1_5683_17_15_34.jpg,466.88,408.5,51.25,49.0,0.8306,drone,29,28,26,25,24
image_BS1_5684_17_15_35.jpg,468.0,407.12,51.0,48.75,0.835,drone,29,28,26,25,24
image_BS1_5686_17_15_35.jpg,469.38,404.75,50.75,48.0,0.833,drone,29,28,26,25,24
image_BS1_5688_17_15_35.jpg,471.0,401.88,51.5,48.75,0.832,drone,29,28,26,25,24
image_BS1_568_17_00_00.jpg,494.62,425.5,35.75,33.5,0.7515,drone,32,33,60,15,25
image_BS1_5693_17_15_36.jpg,477.12,390.62,49.75,47.25,0.8271,drone,29,30,15,26,25
image_BS1_5699_17_15_37.jpg,480.88,386.12,49.25,47.25,0.8276,drone,31,29,32,30,27
image_BS1_5706_17_15_38.jpg,537.0,365.38,50.0,47.25,0.8252,drone,34,60,15,26,25
image_BS1_5712_17_15_39.jpg,624.75,349.5,51.5,48.5,0.4373,drone,40,42,39,60,27
image_BS1_5714_17_15_39.jpg,646.5,345.0,50.0,46.5,0.814,drone,42,44,43,25,24
image_BS1_5715_17_15_40.jpg,654.25,343.38,48.5,44.75,0.7959,drone,44,42,43,25,24
image_BS1_5716_17_15_40.jpg,660.0,339.25,51.0,47.0,0.8018,drone,44,43,42,25,24
image_BS1_5725_17_15_43.jpg,446.12,319.25,46.25,43.0,0.811,drone,29,28,27,4,16
image_BS1_5729_17_15_44.jpg,432.5,329.62,47.0,43.75,0.7861,drone,27,28,26,25,24
image_BS1_5730_17_15_44.jpg,429.88,334.38,46.75,43.75,0.8184,drone,27,28,26,25,24
image_BS1_5731_17_15_44.jpg,427.38,339.38,46.75,43.75,0.8032,drone,27,28,26,25,24
image_BS1_573_17_00_01.jpg,494.12,398.88,35.25,33.25,0.7598,drone,32,31,60,15,25
image_BS1_5740_17_15_45.jpg,384.38,364.62,45.75,43.25,0.7612,drone,23,60,28,26,25
image_BS1_5742_17_15_46.jpg,367.38,368.25,47.25,44.5,0.8145,drone,22,23,60,28,26
image_BS1_5745_17_15_46.jpg,338.0,370.75,46.0,43.0,0.8237,drone,21,60,28,26,25
image_BS1_5752_17_15_47.jpg,249.19,377.25,44.12,41.5,0.8135,drone,14,17,28,26,25
image_BS1_5755_17_15_47.jpg,239.94,376.38,45.62,42.75,0.8081,drone,14,17,15,28,26
image_BS1_5763_17_15_48.jpg,260.56,369.38,44.38,41.75,0.8032,drone,14,16,17,28,26
image_BS1_5769_17_15_50.jpg,350.38,359.75,44.75,42.0,0.8018,drone,21,22,20,60,28
image_BS1_576_17_00_01.jpg,488.75,400.25,35.0,32.5,0.7627,drone,31,32,60,15,25
image_BS1_5770_17_15_50.jpg,364.5,358.25,45.0,42.0,0.7866,drone,22,60,28,26,25
image_BS1_5772_17_15_50.jpg,413.38,354.0,47.25,44.0,0.7871,drone,26,60,28,25,24
image_BS1_5773_17_15_50.jpg,429.0,352.62,46.0,43.25,0.7974,drone,27,28,26,25,24
image_BS1_5774_17_15_51.jpg,445.75,351.0,47.5,44.5,0.8154,drone,28,27,26,25,24
image_BS1_5775_17_15_51.jpg,463.0,349.62,47.0,44.25,0.8296,drone,29,28,26,25,24
image_BS1_5777_17_15_51.jpg,496.75,346.75,48.5,46.0,0.8145,drone,32,60,15,26,25
image_BS1_5780_17_15_51.jpg,540.25,343.25,48.5,46.0,0.8076,drone,34,60,15,26,25
image_BS1_5781_17_15_51.jpg,554.0,341.62,48.0,45.25,0.7686,drone,37,34,60,15,25
image_BS1_5786_17_15_52.jpg,605.0,336.5,48.0,44.5,0.6826,drone,39,60,15,26,25
image_BS1_5786_17_15_52.jpg,605.25,337.0,50.5,46.0,0.4087,drone,39,60,15,26,25
image_BS1_5790_17_15_53.jpg,607.75,333.75,47.5,44.5,0.8188,drone,39,60,15,26,25
image_BS1_5799_17_15_54.jpg,512.5,323.38,48.0,45.25,0.8203,drone,34,33,60,15,25
image_BS1_579_17_00_02.jpg,473.12,401.25,35.75,33.5,0.7485,drone,29,28,26,25,24
image_BS1_5803_17_15_55.jpg,448.0,315.0,47.0,44.0,0.811,drone,29,27,28,26,3
image_BS1_580_17_00_02.jpg,464.62,401.25,34.75,32.5,0.7725,drone,29,28,26,25,24
image_BS1_5810_17_15_56.jpg,334.5,294.38,45.0,42.25,0.7886,drone,21,60,28,26,25
image_BS1_5814_17_15_57.jpg,293.12,284.12,44.75,42.25,0.7949,drone,17,16,60,28,26
image_BS1_5818_17_15_58.jpg,296.0,283.0,47.5,44.5,0.8145,drone,17,16,60,28,26
image_BS1_5821_17_15_58.jpg,328.75,289.38,47.0,44.25,0.8193,drone,17,20,21,60,28
image_BS1_5822_17_15_59.jpg,387.75,299.75,46.0,43.0,0.7949,drone,23,60,28,26,25
image_BS1_5823_17_15_59.jpg,397.25,301.5,46.0,43.0,0.8013,drone,23,60,28,26,25
image_BS1_5829_17_16_00.jpg,485.25,325.5,47.5,44.5,0.8188,drone,31,32,60,15,25
image_BS1_5832_17_16_00.jpg,528.5,353.25,49.0,46.5,0.8296,drone,34,60,15,26,25
image_BS1_5833_17_16_01.jpg,539.25,364.62,50.5,47.75,0.7827,drone,34,60,15,26,25
image_BS1_5838_17_16_01.jpg,566.0,419.38,54.0,51.25,0.8159,drone,37,60,15,26,25
image_BS1_5841_17_16_02.jpg,561.5,451.75,51.0,48.5,0.8232,drone,14,38,37,34,60
image_BS1_5842_17_16_02.jpg,557.25,458.25,52.5,49.0,0.791,drone,38,34,14,37,60
image_BS1_5845_17_16_06.jpg,194.12,420.0,46.75,43.5,0.793,drone,11,14,13,15,26
image_BS1_5846_17_16_06.jpg,194.62,416.88,46.75,43.25,0.7852,drone,11,14,13,15,26
image_BS1_5847_17_16_06.jpg,196.12,413.0,47.25,44.0,0.791,drone,11,14,15,26,25
image_BS1_5850_17_16_07.jpg,204.75,400.5,46.0,43.0,0.7964,drone,11,13,14,15,26
image_BS1_5854_17_16_07.jpg,224.81,379.0,44.88,42.0,0.6733,drone,14,28,26,25,24
image_BS1_5854_17_16_07.jpg,224.88,378.75,44.75,41.5,0.4226,drone,14,28,26,25,24
image_BS1_5856_17_16_08.jpg,237.94,366.5,44.62,41.5,0.792,drone,14,28,26,25,24
image_BS1_585_17_00_02.jpg,410.75,400.75,36.0,33.5,0.7769,drone,26,60,28,25,24
image_BS1_5860_17_16_08.jpg,270.62,341.25,44.75,41.5,0.8105,drone,17,16,14,28,26
image_BS1_5864_17_16_09.jpg,333.62,313.0,45.75,43.0,0.8115,drone,20,21,60,28,26
image_BS1_5870_17_16_10.jpg,435.25,327.0,45.5,42.5,0.7881,drone,27,28,26,25,24
image_BS1_5871_17_16_11.jpg,425.25,323.62,46.5,43.25,0.7988,drone,27,26,28,25,24
image_BS1_5879_17_16_12.jpg,378.38,322.38,45.75,42.75,0.793,drone,22,23,60,28,26
image_BS1_587_17_00_03.jpg,381.12,400.38,37.25,34.75,0.7793,drone,23,60,28,26,25
image_BS1_5881_17_16_12.jpg,377.25,331.25,44.5,41.5,0.8042,drone,22,60,28,26,25
image_BS1_5884_17_16_13.jpg,384.38,342.5,45.25,42.5,0.6558,drone,23,22,60,28,26
image_BS1_5884_17_16_13.jpg,384.62,342.5,45.25,42.0,0.4016,drone,23,22,60,28,26
image_BS1_5885_17_16_13.jpg,389.5,346.5,46.0,42.5,0.7773,drone,23,22,60,28,26
image_BS1_5886_17_16_13.jpg,395.62,350.38,45.75,42.25,0.7925,drone,23,26,60,28,25
image_BS1_5887_17_16_13.jpg,402.12,352.62,45.75,42.25,0.7827,drone,26,23,60,28,25
image_BS1_588_17_00_03.jpg,366.75,400.62,37.0,34.25,0.7866,drone,22,60,28,26,25
image_BS1_5892_17_16_14.jpg,429.62,355.88,47.75,44.75,0.7974,drone,27,26,28,25,24
image_BS1_5895_17_16_14.jpg,430.88,351.25,47.75,44.5,0.8052,drone,27,28,26,25,24
image_BS1_5896_17_16_14.jpg,428.38,348.75,46.75,43.5,0.7695,drone,27,28,26,25,24
image_BS1_590_17_00_03.jpg,341.5,400.38,37.0,34.25,0.7559,drone,21,20,60,28,26
image_BS1_5911_17_16_16.jpg,451.38,349.12,47.75,44.75,0.8081,drone,29,28,26,25,24
image_BS1_5914_17_16_17.jpg,473.88,354.5,48.25,45.0,0.79,drone,29,31,15,26,25
image_BS1_5915_17_16_17.jpg,479.0,356.0,48.5,45.5,0.814,drone,29,28,26,25,24
image_BS1_5918_17_16_17.jpg,486.75,356.5,49.0,46.0,0.8154,drone,32,31,60,15,25
image_BS1_591_17_00_03.jpg,328.62,400.0,36.75,34.0,0.7593,drone,21,20,60,28,26
image_BS1_5920_17_16_17.jpg,489.0,356.5,50.0,47.0,0.8174,drone,32,31,60,15,25
image_BS1_5926_17_16_18.jpg,491.12,355.88,49.75,46.75,0.8052,drone,32,60,15,26,25
image_BS1_5928_17_16_19.jpg,492.12,356.0,49.75,46.5,0.7964,drone,32,60,15,26,25
image_BS1_5931_17_16_19.jpg,493.0,356.0,50.0,47.0,0.8057,drone,32,60,15,26,25
image_BS1_5932_17_16_19.jpg,493.12,356.38,50.75,47.25,0.7891,drone,32,60,15,26,25
image_BS1_5934_17_16_20.jpg,492.75,356.38,50.5,47.25,0.7925,drone,32,60,15,26,25
image_BS1_5939_17_16_20.jpg,492.12,356.5,50.75,47.5,0.8101,drone,32,60,15,26,25
image_BS1_5942_17_16_21.jpg,491.5,356.5,50.0,47.0,0.8062,drone,32,60,15,26,25
image_BS1_5943_17_16_21.jpg,491.62,356.5,48.75,46.0,0.8052,drone,32,60,15,26,25
image_BS1_5947_17_16_21.jpg,490.88,356.75,50.25,47.0,0.8086,drone,32,60,15,26,25
image_BS1_5948_17_16_22.jpg,491.88,356.62,50.25,46.75,0.7988,drone,32,60,15,26,25
image_BS1_5951_17_16_22.jpg,492.0,357.5,49.0,46.0,0.8188,drone,32,60,15,26,25
image_BS1_5952_17_16_22.jpg,491.75,358.25,49.5,46.5,0.813,drone,32,31,60,15,25
image_BS1_5959_17_16_24.jpg,486.75,379.38,50.5,48.25,0.8193,drone,30,32,33,60,27
image_BS1_5960_17_16_24.jpg,486.38,382.12,50.25,47.75,0.855,drone,32,31,33,60,27
image_BS1_5962_17_16_24.jpg,485.5,389.0,50.5,48.0,0.8242,drone,30,31,32,29,27
image_BS1_5969_17_16_25.jpg,496.5,415.62,52.0,49.75,0.8467,drone,32,31,60,15,25
image_BS1_5974_17_16_26.jpg,503.25,421.88,51.5,49.25,0.8496,drone,33,45,60,14,25
image_BS1_5978_17_16_26.jpg,498.25,424.38,51.5,49.75,0.8276,drone,32,33,31,60,27
image_BS1_5980_17_16_27.jpg,479.12,422.12,52.25,49.75,0.8452,drone,29,30,15,26,25
image_BS1_5981_17_16_29.jpg,494.75,396.0,50.5,48.0,0.8501,drone,32,33,60,15,25
image_BS1_5985_17_16_30.jpg,499.0,388.5,51.0,48.5,0.8389,drone,33,32,60,15,25
image_BS1_5987_17_16_30.jpg,498.88,388.0,51.25,48.5,0.8101,drone,32,33,34,60,27
image_BS1_598_17_00_04.jpg,278.88,397.88,35.25,32.75,0.7544,drone,17,60,28,26,25
image_BS1_5990_17_16_30.jpg,498.62,388.12,50.75,48.75,0.833,drone,32,34,33,60,27
image_BS1_5991_17_16_30.jpg,498.38,388.12,51.25,48.75,0.8184,drone,32,34,33,60,27
image_BS1_5992_17_16_31.jpg,498.5,388.38,51.0,48.75,0.8301,drone,32,34,60,15,25
image_BS1_5994_17_16_31.jpg,498.25,388.75,51.5,49.0,0.8203,drone,32,60,15,26,25
image_BS1_5997_17_16_31.jpg,498.12,389.12,50.75,48.25,0.8115,drone,32,60,15,26,25
image_BS1_5999_17_16_31.jpg,498.0,389.38,52.0,49.75,0.8228,drone,32,60,15,26,25
image_BS1_59_16_58_49.jpg,529.75,358.88,38.5,36.25,0.8027,drone,34,60,15,26,25
image_BS1_6004_17_16_32.jpg,498.12,390.12,50.75,48.25,0.8457,drone,32,60,15,26,25
image_BS1_6005_17_16_32.jpg,498.5,390.25,51.0,48.5,0.8438,drone,32,60,15,26,25
image_BS1_6008_17_16_33.jpg,497.5,390.38,50.0,47.75,0.8291,drone,32,60,15,26,25
image_BS1_6011_17_16_33.jpg,494.5,390.38,50.0,47.25,0.8237,drone,32,33,29,15,25
image_BS1_6020_17_16_34.jpg,428.0,378.12,48.0,44.75,0.7661,drone,27,26,28,25,24
image_BS1_6025_17_16_35.jpg,399.5,374.25,44.0,41.0,0.7593,drone,23,26,60,28,25
image_BS1_6026_17_16_35.jpg,396.38,373.75,45.75,42.5,0.7642,drone,23,60,28,26,25
image_BS1_6035_17_16_36.jpg,417.38,380.0,45.75,43.0,0.709,drone,26,27,28,25,24
image_BS1_6037_17_16_36.jpg,425.12,382.88,47.75,44.75,0.7266,drone,27,26,28,25,24
image_BS1_6038_17_16_37.jpg,427.88,385.62,50.25,47.25,0.7988,drone,27,28,26,25,24
image_BS1_6039_17_16_37.jpg,431.5,388.0,50.0,47.0,0.8242,drone,27,29,3,4,26
image_BS1_6044_17_16_38.jpg,448.88,395.5,49.75,47.0,0.6768,drone,29,28,27,4,16
image_BS1_6045_17_16_38.jpg,451.88,396.5,50.25,48.5,0.7485,drone,29,28,26,25,24
image_BS1_6045_17_16_38.jpg,451.75,395.88,47.5,44.75,0.4883,drone,29,28,26,25,24
image_BS1_6051_17_16_38.jpg,469.0,400.0,52.0,49.0,0.8003,drone,29,28,26,25,24
image_BS1_6059_17_16_40.jpg,491.75,405.62,51.5,48.75,0.7778,drone,32,33,60,15,25
image_BS1_6060_17_16_41.jpg,506.62,414.12,52.75,50.25,0.8354,drone,33,34,32,60,27
image_BS1_6066_17_16_43.jpg,523.62,427.12,53.75,51.25,0.8354,drone,34,33,60,15,25
image_BS1_6068_17_16_43.jpg,525.0,429.0,55.0,52.0,0.8413,drone,33,34,60,15,25
image_BS1_6069_17_16_43.jpg,525.25,430.62,54.5,51.25,0.7852,drone,34,33,60,15,25
image_BS1_606_17_00_05.jpg,291.0,389.38,36.0,33.25,0.7446,drone,17,60,28,26,25
image_BS1_6072_17_16_44.jpg,527.0,434.5,56.0,53.0,0.8511,drone,34,33,60,15,25
image_BS1_6074_17_16_44.jpg,527.38,437.0,55.25,52.0,0.8594,drone,34,60,15,26,25
image_BS1_6075_17_16_44.jpg,527.88,438.75,55.25,52.0,0.8506,drone,34,33,60,15,25
image_BS1_607_17_00_05.jpg,295.12,388.5,35.75,33.0,0.7534,drone,17,60,28,26,25
image_BS1_6081_17_16_45.jpg,529.5,446.75,55.0,52.0,0.8364,drone,34,60,15,26,25
image_BS1_6082_17_16_45.jpg,528.88,447.88,55.25,52.25,0.8535,drone,34,60,15,26,25
image_BS1_6083_17_16_45.jpg,529.88,448.75,56.25,53.5,0.8701,drone,34,60,15,26,25
image_BS1_6084_17_16_45.jpg,529.62,449.75,56.75,53.5,0.7671,drone,34,60,15,26,25
image_BS1_6086_17_16_46.jpg,529.62,453.0,55.75,53.0,0.8169,drone,34,60,15,26,25
image_BS1_6088_17_16_46.jpg,530.12,456.38,56.75,53.75,0.8608,drone,34,60,15,26,25
image_BS1_608_17_00_05.jpg,299.25,388.0,36.5,33.5,0.7471,drone,17,60,28,26,25
image_BS1_6091_17_16_46.jpg,529.5,464.62,57.0,54.25,0.8423,drone,34,60,15,26,25
image_BS1_6094_17_16_47.jpg,528.88,474.38,57.25,54.75,0.79,drone,34,39,60,15,25
image_BS1_6096_17_16_47.jpg,526.25,493.25,57.5,54.5,0.8257,drone,34,38,39,60,27
image_BS1_609_17_00_05.jpg,304.0,387.5,36.5,33.5,0.7671,drone,17,19,60,28,26
image_BS1_6100_17_16_48.jpg,524.0,513.5,60.0,53.0,0.748,drone,34,60,15,26,25
image_BS1_6100_17_16_48.jpg,523.62,514.0,58.75,52.0,0.4292,drone,34,60,15,26,25
image_BS1_6101_17_16_48.jpg,526.62,516.5,58.75,47.0,0.7852,drone,34,60,15,26,25
image_BS1_6102_17_16_49.jpg,528.75,521.62,59.5,36.75,0.689,drone,34,60,15,26,25
image_BS1_6106_17_44_33.jpg,628.0,334.12,54.0,50.25,0.8584,drone,42,60,15,26,25
image_BS1_6107_17_44_33.jpg,627.75,334.5,53.5,50.0,0.8608,drone,42,60,15,26,25
image_BS1_6108_17_44_33.jpg,628.25,334.25,53.5,50.0,0.8647,drone,42,60,15,26,25
image_BS1_6111_17_44_33.jpg,628.5,335.12,53.0,49.25,0.8472,drone,42,60,15,26,25
image_BS1_6114_17_44_34.jpg,629.5,335.38,54.0,50.25,0.8657,drone,42,60,15,26,25
image_BS1_611_17_00_06.jpg,318.0,385.75,35.5,32.5,0.7593,drone,20,17,21,60,28
image_BS1_6122_17_44_35.jpg,630.25,335.88,54.5,50.75,0.8706,drone,42,60,15,26,25
image_BS1_6124_17_44_35.jpg,630.5,336.25,54.0,50.0,0.8745,drone,42,60,15,26,25
image_BS1_6131_17_44_36.jpg,630.75,337.12,53.5,49.75,0.8618,drone,42,60,15,26,25
image_BS1_6137_17_44_37.jpg,628.5,336.88,53.0,49.25,0.856,drone,42,40,60,15,25
image_BS1_6144_17_44_38.jpg,619.0,337.75,52.0,48.5,0.8335,drone,39,40,60,15,25
image_BS1_6150_17_44_39.jpg,600.5,345.12,53.0,49.25,0.8301,drone,39,60,15,26,25
image_BS1_6151_17_44_39.jpg,593.75,346.62,52.5,48.75,0.8311,drone,39,60,15,26,25
image_BS1_6159_17_44_40.jpg,539.25,352.12,53.5,49.75,0.6616,drone,34,36,37,60,27
image_BS1_615_17_00_06.jpg,355.88,383.75,35.75,33.5,0.7642,drone,22,21,60,28,26
image_BS1_6161_17_44_40.jpg,529.38,350.38,54.25,49.75,0.8198,drone,34,60,15,26,25
image_BS1_6163_17_44_40.jpg,519.38,348.88,53.25,49.75,0.7329,drone,34,60,15,26,25
image_BS1_6166_17_44_41.jpg,512.12,348.5,53.75,50.5,0.8398,drone,34,60,15,26,25
image_BS1_6174_17_44_42.jpg,493.62,355.5,53.75,50.0,0.8184,drone,32,60,15,26,25
image_BS1_6175_17_44_42.jpg,491.12,357.0,53.75,50.0,0.7881,drone,32,60,15,26,25
image_BS1_6177_17_44_42.jpg,486.25,358.88,53.5,49.75,0.7734,drone,31,32,29,15,25
image_BS1_6179_17_44_43.jpg,480.88,360.88,53.75,50.25,0.8154,drone,29,33,31,30,27
image_BS1_617_17_00_06.jpg,376.12,382.5,35.75,33.0,0.769,drone,23,22,60,28,26
image_BS1_6182_17_44_43.jpg,468.88,364.25,52.75,50.0,0.8281,drone,29,28,26,25,24
image_BS1_6185_17_44_44.jpg,462.62,364.88,52.75,49.75,0.7954,drone,29,28,26,25,24
image_BS1_6187_17_44_44.jpg,458.0,365.38,53.0,49.25,0.771,drone,29,28,26,25,24
image_BS1_6192_17_44_44.jpg,454.62,363.25,53.75,50.0,0.8208,drone,29,28,26,25,24
image_BS1_6196_17_44_45.jpg,458.25,360.38,54.5,50.75,0.7998,drone,29,28,26,25,24
image_BS1_6198_17_44_45.jpg,464.12,356.88,53.25,50.25,0.8149,drone,29,28,26,25,24
image_BS1_6202_17_44_46.jpg,480.5,353.75,54.0,50.5,0.8247,drone,29,30,15,26,25
image_BS1_6205_17_44_46.jpg,498.0,350.88,54.0,51.25,0.7744,drone,32,33,60,15,25
image_BS1_6207_17_44_46.jpg,507.0,348.62,54.0,51.75,0.7949,drone,34,33,60,15,25
image_BS1_6211_17_44_47.jpg,528.12,344.75,53.75,50.0,0.5181,drone,34,39,60,15,25
image_BS1_6213_17_44_47.jpg,549.5,341.12,20.0,22.75,0.7256,drone,34,37,60,15,25
image_BS1_6217_17_44_48.jpg,574.5,334.25,19.0,21.0,0.7139,drone,38,39,60,15,25
image_BS1_6218_17_44_48.jpg,579.0,333.5,18.0,20.5,0.6533,drone,38,39,60,15,25
image_BS1_621_17_00_07.jpg,429.88,380.38,35.25,33.25,0.7705,drone,27,28,26,25,24
image_BS1_6224_17_44_49.jpg,607.25,329.38,44.5,42.75,0.4072,drone,39,60,15,26,25
image_BS1_6226_17_44_49.jpg,612.0,329.62,46.0,44.25,0.5625,drone,39,60,15,26,25
image_BS1_6228_17_44_49.jpg,613.5,329.0,45.0,43.5,0.5049,drone,39,60,15,26,25
image_BS1_6231_17_44_50.jpg,611.75,328.75,44.5,43.0,0.4312,drone,39,60,15,26,25
image_BS1_6236_17_44_50.jpg,592.25,328.75,46.5,43.5,0.4358,drone,39,60,15,26,25
image_BS1_6237_17_44_50.jpg,590.25,328.75,17.5,20.0,0.5571,drone,39,60,15,26,25
image_BS1_6238_17_44_51.jpg,587.25,329.0,17.5,20.0,0.6772,drone,39,38,60,15,25
image_BS1_6241_17_44_51.jpg,571.25,331.0,51.5,49.0,0.5,drone,38,39,37,60,27
image_BS1_6243_17_44_51.jpg,565.5,331.5,17.0,20.0,0.4814,drone,37,38,60,15,25
image_BS1_6244_17_44_51.jpg,561.25,331.12,18.5,20.75,0.7471,drone,37,36,60,15,25
image_BS1_6249_17_44_52.jpg,535.0,333.0,19.0,21.5,0.749,drone,34,60,15,26,25
image_BS1_6252_17_44_53.jpg,513.5,337.25,51.0,49.5,0.4253,drone,34,33,60,15,25
image_BS1_6255_17_44_53.jpg,507.75,340.38,19.5,22.25,0.7065,drone,33,32,34,60,27
image_BS1_625_17_00_07.jpg,490.0,379.5,36.5,34.0,0.7627,drone,32,31,60,15,25
image_BS1_6260_17_44_54.jpg,485.0,345.38,19.0,21.75,0.5137,drone,32,31,29,15,25
image_BS1_6266_17_44_54.jpg,460.12,352.25,53.25,50.0,0.4609,drone,29,28,26,25,24
image_BS1_6267_17_44_55.jpg,458.88,353.62,53.25,50.25,0.5107,drone,29,28,26,25,24
image_BS1_6268_17_44_55.jpg,456.5,354.25,53.5,50.5,0.5005,drone,29,28,26,25,24
image_BS1_6273_17_44_55.jpg,451.75,350.75,17.5,20.5,0.6929,drone,29,28,26,25,24
image_BS1_6275_17_44_56.jpg,451.12,350.62,18.25,21.25,0.6992,drone,29,28,26,25,24
image_BS1_6276_17_44_56.jpg,451.38,350.75,16.75,20.5,0.4775,drone,29,28,26,25,24
image_BS1_6279_17_44_56.jpg,450.62,350.38,17.75,21.25,0.6704,drone,29,28,26,25,24
image_BS1_6280_17_44_56.jpg,450.75,350.5,17.0,21.0,0.5166,drone,29,28,26,25,24
image_BS1_6286_17_44_57.jpg,450.5,350.0,17.5,21.5,0.605,drone,29,28,26,25,24
image_BS1_6287_17_44_57.jpg,450.62,350.0,16.75,21.0,0.5991,drone,29,28,26,25,24
image_BS1_6290_17_44_58.jpg,451.12,349.75,16.75,21.0,0.5991,drone,29,28,26,25,24
image_BS1_6293_17_44_58.jpg,451.5,348.25,17.0,21.0,0.5918,drone,29,28,26,25,24
image_BS1_6295_17_44_58.jpg,451.75,345.88,17.5,21.25,0.5767,drone,29,28,26,25,24
image_BS1_6298_17_44_59.jpg,452.12,339.62,17.25,21.25,0.6953,drone,29,28,26,25,24
image_BS1_6299_17_44_59.jpg,452.38,337.0,17.25,21.5,0.6792,drone,29,28,26,25,24
image_BS1_6301_17_44_59.jpg,452.75,331.5,17.0,21.0,0.606,drone,29,28,26,25,24
image_BS1_6309_17_45_00.jpg,455.25,310.75,52.5,50.0,0.4575,drone,29,28,26,25,24
image_BS1_630_17_00_08.jpg,576.25,379.0,36.5,34.0,0.7456,drone,38,60,15,26,25
image_BS1_6314_17_45_01.jpg,457.25,301.25,52.0,49.5,0.5068,drone,29,28,26,25,24
image_BS1_6315_17_45_01.jpg,458.12,300.25,50.25,48.5,0.5317,drone,29,28,26,25,24
image_BS1_6320_17_45_02.jpg,458.38,296.88,18.25,21.25,0.5166,drone,29,28,26,25,24
image_BS1_6325_17_45_02.jpg,462.88,293.75,45.25,44.5,0.4302,drone,29,28,26,25,24
image_BS1_6327_17_45_03.jpg,461.62,293.5,17.75,20.0,0.7041,drone,29,28,26,25,24
image_BS1_6332_17_45_03.jpg,468.5,291.38,51.0,49.25,0.4436,drone,29,28,26,25,24
image_BS1_633_17_00_09.jpg,626.75,377.5,33.5,31.5,0.7393,drone,42,40,39,60,27
image_BS1_6345_17_45_05.jpg,487.0,286.88,16.5,20.75,0.4648,drone,31,32,60,15,25
image_BS1_6355_17_45_07.jpg,491.12,295.12,16.25,20.75,0.5361,drone,32,60,15,26,25
image_BS1_6360_17_45_07.jpg,488.0,313.75,55.0,52.5,0.6719,drone,31,32,33,60,27
image_BS1_6362_17_45_08.jpg,488.25,317.62,55.5,52.75,0.7612,drone,33,32,30,60,27
image_BS1_6366_17_45_08.jpg,488.62,323.12,55.75,52.75,0.7275,drone,32,31,30,29,27
image_BS1_6367_17_45_08.jpg,488.75,323.62,55.5,52.75,0.7236,drone,32,31,60,15,25
image_BS1_6368_17_45_08.jpg,489.38,324.12,55.25,52.25,0.748,drone,32,31,60,15,25
image_BS1_6370_17_45_09.jpg,489.88,324.88,55.25,52.25,0.7554,drone,32,31,60,15,25
image_BS1_6371_17_45_09.jpg,489.75,325.62,54.5,51.75,0.7427,drone,32,31,60,15,25
image_BS1_6372_17_45_09.jpg,490.62,326.5,54.75,52.0,0.7524,drone,32,33,31,60,27
image_BS1_6374_17_45_09.jpg,492.38,326.62,55.25,51.75,0.8354,drone,32,31,33,60,27
image_BS1_6376_17_45_09.jpg,492.25,327.62,54.5,51.75,0.4932,drone,32,33,60,15,25
image_BS1_6378_17_45_10.jpg,492.5,328.25,55.0,52.0,0.8457,drone,32,33,60,15,25
image_BS1_6381_17_45_10.jpg,492.12,329.38,54.75,51.75,0.7695,drone,32,60,15,26,25
image_BS1_6382_17_45_10.jpg,492.38,329.38,55.25,52.25,0.8101,drone,32,60,15,26,25
image_BS1_6384_17_45_11.jpg,493.38,329.0,55.25,52.0,0.8438,drone,32,33,60,15,25
image_BS1_6385_17_45_11.jpg,492.75,329.75,55.5,52.5,0.8491,drone,32,60,15,26,25
image_BS1_6387_17_45_11.jpg,494.12,329.5,53.75,51.0,0.8516,drone,32,33,60,15,25
image_BS1_6388_17_45_11.jpg,493.88,330.0,54.25,51.5,0.8604,drone,32,60,15,26,25
image_BS1_6389_17_45_11.jpg,493.75,330.12,54.5,52.25,0.8564,drone,32,60,15,26,25
image_BS1_6391_17_45_11.jpg,494.12,330.5,54.75,52.0,0.8594,drone,32,60,15,26,25
image_BS1_6393_17_45_12.jpg,493.12,331.25,54.75,52.0,0.855,drone,32,60,15,26,25
image_BS1_6396_17_45_12.jpg,494.12,331.62,54.75,51.75,0.8594,drone,32,60,15,26,25
image_BS1_639_17_00_09.jpg,709.0,382.0,38.0,35.0,0.7349,drone,46,45,47,60,14
image_BS1_6401_17_45_13.jpg,494.38,333.88,54.25,51.25,0.8643,drone,32,34,60,15,25
image_BS1_6402_17_45_13.jpg,493.25,334.75,55.5,52.0,0.8452,drone,32,60,15,26,25
image_BS1_6404_17_45_13.jpg,494.12,338.25,54.75,51.5,0.8579,drone,32,33,60,15,25
image_BS1_640_17_00_09.jpg,718.0,383.25,38.0,35.5,0.7534,drone,47,48,46,60,14
image_BS1_6410_17_45_14.jpg,492.62,352.0,54.75,51.5,0.6221,drone,32,31,60,15,25
image_BS1_6416_17_45_15.jpg,488.62,367.25,52.75,49.5,0.8208,drone,31,32,30,60,27
image_BS1_6417_17_45_15.jpg,488.5,368.38,53.0,49.25,0.8257,drone,32,31,60,15,25
image_BS1_6418_17_45_15.jpg,487.75,371.12,53.5,49.75,0.8296,drone,32,31,29,15,25
image_BS1_6423_17_45_16.jpg,487.0,375.38,54.0,50.25,0.8125,drone,32,31,60,15,25
image_BS1_6438_17_45_18.jpg,484.88,387.75,54.25,50.5,0.8311,drone,32,31,30,60,27
image_BS1_6439_17_45_18.jpg,484.5,387.62,54.5,50.75,0.8218,drone,32,31,30,60,27
image_BS1_643_17_00_10.jpg,733.5,384.5,40.0,37.0,0.7534,drone,48,49,60,14,25
image_BS1_6441_17_45_18.jpg,484.62,388.62,54.25,50.25,0.8242,drone,31,30,32,29,27
image_BS1_6442_17_45_19.jpg,483.62,389.62,54.75,50.75,0.8208,drone,31,32,30,29,27
image_BS1_6443_17_45_19.jpg,484.12,390.25,54.25,50.5,0.8271,drone,29,31,32,15,25
image_BS1_6447_17_45_19.jpg,482.12,391.5,53.75,50.0,0.8286,drone,31,29,15,26,25
image_BS1_6452_17_45_20.jpg,477.25,392.88,54.0,50.25,0.8447,drone,29,30,15,26,25
image_BS1_6457_17_45_21.jpg,473.88,392.38,53.75,50.25,0.8096,drone,29,28,26,25,24
image_BS1_6458_17_45_21.jpg,473.62,389.0,53.25,50.0,0.8042,drone,29,28,26,25,24
image_BS1_6459_17_45_21.jpg,473.12,385.25,52.25,49.0,0.8198,drone,29,28,26,25,24
image_BS1_6461_17_45_21.jpg,470.88,375.38,53.75,50.25,0.8271,drone,29,28,26,25,24
image_BS1_6464_17_45_22.jpg,469.38,363.75,53.25,50.5,0.8477,drone,29,28,26,25,24
image_BS1_6467_17_45_22.jpg,467.62,353.62,54.25,50.75,0.8403,drone,29,28,26,25,24
image_BS1_6468_17_45_22.jpg,467.88,351.88,54.25,51.25,0.8462,drone,29,28,26,25,24
image_BS1_6477_17_45_23.jpg,465.88,338.88,54.75,51.25,0.8574,drone,29,28,26,25,24
image_BS1_6483_17_45_24.jpg,464.75,333.25,54.5,51.5,0.8779,drone,29,28,26,25,24
image_BS1_6484_17_45_24.jpg,464.75,332.62,54.5,51.75,0.8877,drone,29,28,26,25,24
image_BS1_6488_17_45_25.jpg,464.12,332.38,54.25,51.25,0.8271,drone,29,28,26,25,24
image_BS1_6489_17_45_25.jpg,464.75,332.38,53.5,50.75,0.8789,drone,29,28,26,25,24
image_BS1_6490_17_45_25.jpg,464.38,332.0,53.75,51.0,0.8706,drone,29,28,26,25,24
image_BS1_6491_17_45_25.jpg,464.62,332.25,54.25,51.5,0.8779,drone,29,28,26,25,24
image_BS1_6493_17_45_26.jpg,464.12,332.12,54.25,51.25,0.8779,drone,29,28,26,25,24
image_BS1_6495_17_45_26.jpg,464.25,332.75,54.5,51.5,0.8901,drone,29,28,26,25,24
image_BS1_6496_17_45_26.jpg,464.25,332.5,53.5,50.5,0.5132,drone,29,28,26,25,24
image_BS1_649_17_00_11.jpg,741.75,386.5,40.5,37.5,0.7725,drone,48,49,60,14,25
image_BS1_6500_17_45_27.jpg,463.38,333.38,54.25,51.25,0.8843,drone,29,28,26,25,24
image_BS1_6503_17_45_27.jpg,463.38,333.38,54.25,51.25,0.8843,drone,29,28,26,25,24
image_BS1_6504_17_45_27.jpg,463.12,333.62,54.25,51.25,0.8857,drone,29,28,26,25,24
image_BS1_6506_17_45_28.jpg,463.25,333.88,54.5,51.25,0.8813,drone,29,28,26,25,24
image_BS1_650_17_00_11.jpg,741.5,386.5,41.0,38.0,0.7705,drone,48,49,60,14,25
image_BS1_6512_17_45_28.jpg,463.75,333.25,54.5,51.5,0.8823,drone,29,28,26,25,24
image_BS1_6518_17_45_29.jpg,463.88,334.0,54.75,51.5,0.8813,drone,29,28,26,25,24
image_BS1_6519_17_45_29.jpg,464.38,334.5,54.25,51.0,0.8779,drone,29,28,26,25,24
image_BS1_6520_17_45_30.jpg,464.0,333.75,54.5,51.5,0.8799,drone,29,28,26,25,24
image_BS1_6527_17_45_31.jpg,465.38,334.12,54.25,51.25,0.8784,drone,29,28,26,25,24
image_BS1_6529_17_45_31.jpg,465.25,333.88,55.0,51.75,0.874,drone,29,28,26,25,24
image_BS1_6530_17_45_31.jpg,465.0,334.0,54.0,51.0,0.8706,drone,29,28,26,25,24
image_BS1_6531_17_45_31.jpg,465.0,333.62,54.5,51.25,0.8765,drone,29,28,26,25,24
image_BS1_6537_17_45_32.jpg,465.25,334.0,54.0,51.0,0.8784,drone,29,28,26,25,24
image_BS1_653_17_00_11.jpg,739.0,387.25,42.0,39.0,0.7637,drone,49,48,60,14,25
image_BS1_6544_17_45_33.jpg,465.12,333.38,54.25,51.25,0.8789,drone,29,28,26,25,24
image_BS1_6545_17_45_33.jpg,465.12,333.38,54.25,51.25,0.8755,drone,29,28,26,25,24
image_BS1_6548_17_45_34.jpg,465.0,333.12,54.0,51.25,0.8804,drone,29,28,26,25,24
image_BS1_6552_17_45_34.jpg,464.88,333.38,54.75,51.75,0.8784,drone,29,28,26,25,24
image_BS1_6557_17_45_35.jpg,465.0,332.88,54.0,51.25,0.8882,drone,29,28,26,25,24
image_BS1_655_17_00_11.jpg,740.0,387.5,42.0,38.5,0.7686,drone,48,49,60,14,25
image_BS1_6560_17_45_35.jpg,464.62,332.88,53.75,51.25,0.8867,drone,29,28,26,25,24
image_BS1_6561_17_45_36.jpg,465.5,332.88,53.5,50.75,0.8867,drone,29,28,26,25,24
image_BS1_6565_17_45_36.jpg,465.12,332.0,53.75,51.0,0.875,drone,29,28,26,25,24
image_BS1_6566_17_45_36.jpg,465.5,332.25,54.0,51.0,0.7974,drone,29,28,26,25,24
image_BS1_6569_17_45_37.jpg,465.75,332.0,53.5,51.0,0.8716,drone,29,28,26,25,24
image_BS1_6570_17_45_37.jpg,465.38,332.25,53.75,51.0,0.6982,drone,29,28,26,25,24
image_BS1_6574_17_45_37.jpg,465.5,332.62,54.0,51.25,0.8682,drone,29,28,26,25,24
image_BS1_6576_17_45_38.jpg,466.0,333.0,54.0,51.0,0.8867,drone,29,28,26,25,24
image_BS1_657_17_00_12.jpg,745.75,387.5,42.5,39.0,0.7686,drone,48,49,60,14,25
image_BS1_6580_17_45_38.jpg,465.88,332.75,53.75,51.0,0.8804,drone,29,28,26,25,24
image_BS1_6594_17_45_40.jpg,465.5,333.0,54.0,51.0,0.8755,drone,29,28,26,25,24
image_BS1_6599_17_45_41.jpg,465.38,333.12,54.75,51.75,0.8813,drone,29,28,26,25,24
image_BS1_6600_17_45_41.jpg,465.12,333.12,54.25,51.25,0.8804,drone,29,28,26,25,24
image_BS1_6602_17_45_41.jpg,464.75,333.38,54.5,51.75,0.8794,drone,29,28,26,25,24
image_BS1_6603_17_45_41.jpg,464.88,333.75,53.75,50.5,0.8779,drone,29,28,26,25,24
image_BS1_6604_17_45_41.jpg,465.0,334.0,54.0,51.0,0.875,drone,29,28,26,25,24
image_BS1_6607_17_45_42.jpg,464.62,333.62,53.75,50.75,0.8823,drone,29,28,26,25,24
image_BS1_6609_17_45_42.jpg,464.62,335.0,54.25,51.0,0.8696,drone,29,28,26,25,24
image_BS1_660_17_00_12.jpg,765.25,387.38,42.5,39.25,0.7778,drone,49,51,52,60,14
image_BS1_6612_17_45_42.jpg,465.5,338.62,54.5,51.25,0.8545,drone,29,28,26,25,24
image_BS1_6615_17_45_43.jpg,464.62,347.0,53.75,51.0,0.856,drone,29,28,26,25,24
image_BS1_6618_17_45_43.jpg,464.75,358.12,54.5,51.25,0.8438,drone,29,28,26,25,24
image_BS1_6621_17_45_44.jpg,465.62,369.25,52.75,49.5,0.8232,drone,29,28,26,25,24
image_BS1_6622_17_45_44.jpg,465.88,372.75,52.75,49.5,0.813,drone,29,28,26,25,24
image_BS1_6624_17_45_44.jpg,465.5,376.88,53.0,49.75,0.8232,drone,29,28,26,25,24
image_BS1_6627_17_45_45.jpg,465.5,380.5,53.0,50.0,0.8569,drone,29,28,26,25,24
image_BS1_6628_17_45_45.jpg,465.88,380.62,52.75,49.75,0.856,drone,29,28,26,25,24
image_BS1_6630_17_45_45.jpg,465.25,380.0,52.5,50.0,0.7896,drone,29,28,26,25,24
image_BS1_6636_17_45_46.jpg,464.12,373.12,52.75,49.25,0.8218,drone,29,28,26,25,24
image_BS1_6639_17_45_46.jpg,465.38,372.62,52.75,49.25,0.8232,drone,29,28,26,25,24
image_BS1_6644_17_45_47.jpg,478.12,371.75,53.75,49.5,0.8423,drone,29,30,15,26,25
image_BS1_6654_17_45_48.jpg,495.38,370.25,54.25,50.5,0.8188,drone,32,33,60,15,25
image_BS1_6659_17_45_49.jpg,497.5,370.12,55.0,50.75,0.8237,drone,32,34,33,60,27
image_BS1_6664_17_45_50.jpg,498.0,366.25,54.0,50.5,0.8213,drone,32,33,60,15,25
image_BS1_6667_17_45_50.jpg,499.25,358.62,55.5,51.25,0.8374,drone,33,32,60,15,25
image_BS1_6669_17_45_50.jpg,500.0,355.75,54.0,50.5,0.834,drone,33,32,34,60,27
image_BS1_666_17_00_13.jpg,910.0,383.5,44.0,40.5,0.7056,drone,58,55,59,57,60
image_BS1_6674_17_45_51.jpg,499.75,367.38,54.5,50.25,0.8281,drone,32,33,60,15,25
image_BS1_6676_17_45_51.jpg,499.88,375.0,54.25,50.5,0.8223,drone,32,33,60,15,25
image_BS1_6682_17_45_52.jpg,498.75,400.12,54.5,50.75,0.79,drone,34,32,33,60,27
image_BS1_6683_17_45_52.jpg,498.88,401.25,54.25,50.5,0.7891,drone,34,32,33,60,27
image_BS1_6685_17_45_53.jpg,498.75,402.0,54.5,50.5,0.7466,drone,34,32,33,60,27
image_BS1_6688_17_45_53.jpg,499.75,403.38,54.5,50.25,0.7422,drone,34,33,32,60,27
image_BS1_6690_17_45_53.jpg,499.75,403.62,54.5,50.75,0.7822,drone,34,33,32,60,27
image_BS1_6692_17_45_54.jpg,499.88,404.38,55.25,51.25,0.7769,drone,33,34,32,60,27
image_BS1_6693_17_45_54.jpg,499.88,404.5,55.25,51.5,0.77,drone,33,34,32,60,27
image_BS1_6696_17_45_54.jpg,499.75,404.25,55.5,51.5,0.7695,drone,33,34,32,60,27
image_BS1_6699_17_45_55.jpg,499.88,402.12,55.25,51.25,0.7598,drone,34,32,33,60,27
image_BS1_6704_17_45_55.jpg,501.0,388.25,55.0,51.0,0.7422,drone,32,33,60,15,25
image_BS1_6706_17_45_56.jpg,501.75,378.5,54.5,50.5,0.8096,drone,33,32,60,15,25
image_BS1_6709_17_45_56.jpg,499.75,366.5,54.5,51.0,0.8384,drone,32,33,60,15,25
image_BS1_6713_17_45_56.jpg,493.5,356.62,55.0,51.25,0.8643,drone,32,60,15,26,25
image_BS1_6715_17_45_57.jpg,490.62,352.38,54.75,51.25,0.8442,drone,32,31,60,15,25
image_BS1_6718_17_45_57.jpg,488.12,346.75,53.75,51.0,0.8374,drone,32,60,15,26,25
image_BS1_6719_17_45_57.jpg,488.5,344.88,54.0,51.25,0.8423,drone,32,60,15,26,25
image_BS1_6722_17_45_58.jpg,486.88,343.25,53.25,50.0,0.8198,drone,32,60,15,26,25
image_BS1_6727_17_45_59.jpg,485.75,344.12,54.5,51.25,0.8506,drone,32,31,60,15,25
image_BS1_672_17_00_19.jpg,833.75,381.5,41.5,39.0,0.708,drone,54,52,60,14,25
image_BS1_6730_17_45_59.jpg,485.12,345.0,53.75,51.0,0.8408,drone,32,31,29,15,25
image_BS1_6733_17_45_59.jpg,485.25,345.5,54.5,51.5,0.8442,drone,32,31,29,15,25
image_BS1_6735_17_46_00.jpg,486.5,345.75,54.0,51.0,0.8472,drone,31,32,29,15,25
image_BS1_6738_17_46_00.jpg,486.5,346.75,54.0,51.0,0.8457,drone,29,32,31,15,25
image_BS1_6746_17_46_01.jpg,490.5,353.62,55.0,51.25,0.8384,drone,31,32,60,15,25
image_BS1_6750_17_46_02.jpg,493.38,358.38,55.25,51.75,0.8564,drone,32,60,15,26,25
image_BS1_6752_17_46_02.jpg,494.25,360.0,54.5,51.5,0.8599,drone,32,60,15,26,25
image_BS1_6755_17_46_02.jpg,494.5,363.5,55.0,52.0,0.8677,drone,32,60,15,26,25
image_BS1_6759_17_46_03.jpg,494.38,367.75,55.25,51.5,0.8608,drone,32,60,15,26,25
image_BS1_6761_17_46_03.jpg,493.88,370.38,55.25,51.75,0.8457,drone,32,60,15,26,25
image_BS1_6764_17_46_04.jpg,493.75,374.12,55.5,51.75,0.8433,drone,31,32,29,15,25
image_BS1_6766_17_46_04.jpg,492.88,376.62,55.25,51.25,0.5605,drone,32,60,15,26,25
image_BS1_6766_17_46_04.jpg,492.75,376.88,55.5,51.75,0.4392,drone,32,60,15,26,25
image_BS1_6767_17_46_04.jpg,492.25,379.12,55.5,51.25,0.8232,drone,32,31,60,15,25
image_BS1_6771_17_46_05.jpg,491.5,387.0,56.0,52.0,0.8301,drone,32,31,60,15,25
image_BS1_6773_17_46_05.jpg,492.12,391.75,55.75,52.0,0.7983,drone,32,33,29,15,25
image_BS1_6774_17_46_05.jpg,491.88,393.75,56.25,52.5,0.8281,drone,33,32,31,60,27
image_BS1_6775_17_46_05.jpg,492.25,397.62,56.5,52.75,0.8203,drone,32,60,15,26,25
image_BS1_6783_17_46_06.jpg,494.25,446.5,56.5,53.5,0.7695,drone,31,32,29,15,25
image_BS1_6784_17_46_06.jpg,494.5,455.75,56.0,53.0,0.8184,drone,31,33,32,60,27
image_BS1_6786_17_46_07.jpg,493.62,473.75,55.75,53.0,0.813,drone,33,32,34,60,27
image_BS1_6787_17_46_16.jpg,823.75,505.75,56.5,53.5,0.7803,drone,52,51,60,14,25
image_BS1_6793_17_46_17.jpg,826.25,486.62,56.5,52.75,0.7896,drone,52,60,14,26,25
image_BS1_6797_17_46_18.jpg,825.5,479.12,56.0,52.75,0.8223,drone,52,60,14,26,25
image_BS1_6798_17_46_18.jpg,824.25,477.0,55.5,52.0,0.8408,drone,52,60,14,26,25
image_BS1_6803_17_46_19.jpg,812.75,465.25,56.5,53.0,0.8174,drone,52,51,60,14,25
image_BS1_6806_17_46_19.jpg,802.25,458.38,55.5,52.75,0.8101,drone,52,51,60,14,25
image_BS1_6809_17_46_19.jpg,789.5,451.38,57.0,53.75,0.8105,drone,51,52,49,60,14
image_BS1_6810_17_46_19.jpg,784.5,449.38,57.0,53.75,0.8213,drone,49,52,51,60,14
image_BS1_6811_17_46_20.jpg,779.25,447.12,57.5,53.75,0.8213,drone,49,51,52,60,14
image_BS1_6814_17_46_20.jpg,761.25,440.75,57.5,54.0,0.8179,drone,49,51,48,60,14
image_BS1_6815_17_46_20.jpg,757.25,440.0,57.5,54.0,0.8213,drone,49,48,51,60,14
image_BS1_6816_17_46_20.jpg,751.75,438.38,57.5,54.25,0.8389,drone,49,48,60,14,25
image_BS1_6817_17_46_21.jpg,741.5,436.12,57.0,53.25,0.812,drone,48,47,49,60,14
image_BS1_6819_17_46_21.jpg,729.75,433.5,56.5,53.0,0.8022,drone,48,47,49,46,60
image_BS1_6821_17_46_21.jpg,717.75,432.12,57.5,54.25,0.8647,drone,46,47,48,45,60
image_BS1_6828_17_46_22.jpg,672.0,427.12,57.0,53.75,0.8447,drone,43,44,25,24,23
image_BS1_6833_17_46_23.jpg,635.5,425.75,57.0,53.5,0.8213,drone,42,39,44,60,25
image_BS1_6837_17_46_23.jpg,605.5,425.62,57.0,53.75,0.8564,drone,39,60,15,26,25
image_BS1_6839_17_46_23.jpg,592.0,426.0,57.0,54.0,0.8525,drone,39,38,60,15,25
image_BS1_683_17_00_21.jpg,510.12,391.62,37.75,35.25,0.7471,drone,33,34,60,15,25
image_BS1_6850_17_46_25.jpg,504.38,428.25,57.25,54.5,0.8701,drone,33,34,39,60,27
image_BS1_6858_17_46_26.jpg,433.5,426.62,56.0,53.25,0.8354,drone,28,29,39,27,5
image_BS1_6861_17_46_27.jpg,406.75,424.12,56.5,53.25,0.8154,drone,26,27,39,15,25
image_BS1_6863_17_46_27.jpg,390.25,423.25,56.0,53.0,0.8242,drone,23,22,60,28,26
image_BS1_6865_17_46_27.jpg,376.12,422.75,55.75,53.0,0.708,drone,23,22,60,28,26
image_BS1_6865_17_46_27.jpg,376.25,423.12,55.5,52.25,0.5889,drone,23,22,60,28,26
image_BS1_6868_17_46_27.jpg,361.0,421.75,56.0,53.0,0.8052,drone,22,60,28,26,25
image_BS1_6871_17_46_28.jpg,353.88,421.75,55.75,53.0,0.7837,drone,22,60,28,26,25
image_BS1_6874_17_46_28.jpg,353.25,422.5,56.5,53.5,0.8325,drone,22,60,28,26,25
image_BS1_6878_17_46_29.jpg,359.75,423.5,55.5,52.5,0.7881,drone,22,60,28,26,25
image_BS1_6882_17_46_29.jpg,372.88,425.88,55.25,52.75,0.8101,drone,23,22,60,28,26
image_BS1_6882_17_46_29.jpg,373.12,426.0,54.75,51.5,0.4873,drone,23,22,60,28,26
image_BS1_6892_17_46_31.jpg,406.75,440.75,56.0,53.0,0.8159,drone,26,60,28,25,24
image_BS1_6893_17_46_31.jpg,407.5,442.0,56.5,53.5,0.8384,drone,26,60,28,25,24
image_BS1_6895_17_46_31.jpg,410.25,445.12,57.5,54.25,0.8457,drone,26,60,28,25,24
image_BS1_6899_17_46_32.jpg,413.12,452.5,57.75,55.0,0.7861,drone,26,27,28,25,24
image_BS1_68_16_58_50.jpg,538.5,352.75,37.0,34.5,0.769,drone,34,36,60,15,25
image_BS1_6909_17_46_33.jpg,426.12,522.62,57.25,34.75,0.5049,drone,29,26,28,25,24
image_BS1_6913_17_46_34.jpg,439.88,520.12,58.75,39.75,0.6997,drone,29,26,28,25,24
image_BS1_6914_17_46_35.jpg,440.75,515.0,59.5,50.0,0.7637,drone,29,26,28,25,24
image_BS1_6914_17_46_35.jpg,440.0,515.25,58.0,49.5,0.6978,drone,29,26,28,25,24
image_BS1_6918_17_46_35.jpg,447.12,465.25,58.75,55.5,0.8584,drone,29,27,3,4,26
image_BS1_6919_17_46_36.jpg,451.25,431.75,59.5,56.5,0.8745,drone,29,28,26,25,24
image_BS1_6923_17_46_36.jpg,456.38,378.25,59.25,56.5,0.8423,drone,29,28,26,25,24
image_BS1_6928_17_46_37.jpg,463.88,346.5,58.25,56.0,0.5098,drone,29,28,26,25,24
image_BS1_6929_17_46_37.jpg,464.0,347.75,58.5,56.0,0.7246,drone,29,28,26,25,24
image_BS1_6938_17_46_38.jpg,462.88,443.5,59.75,57.0,0.8701,drone,29,28,26,25,24
image_BS1_6942_17_46_39.jpg,462.38,514.75,59.25,50.5,0.7881,drone,29,39,15,26,25
image_BS1_6942_17_46_39.jpg,461.62,514.5,58.75,51.0,0.6748,drone,29,39,15,26,25
image_BS1_6947_17_46_46.jpg,658.0,388.5,60.0,56.5,0.8628,drone,43,60,26,25,24
image_BS1_6948_17_46_46.jpg,654.25,378.62,59.5,56.25,0.8516,drone,43,42,60,25,24
image_BS1_694_17_00_22.jpg,248.88,399.38,35.75,33.25,0.7593,drone,14,17,28,26,25
image_BS1_6952_17_46_47.jpg,628.75,329.88,58.5,55.75,0.8115,drone,42,60,15,26,25
image_BS1_6953_17_46_47.jpg,624.25,321.5,59.5,56.5,0.5591,drone,39,42,40,60,27
image_BS1_6957_17_46_47.jpg,601.0,291.75,60.0,56.5,0.8599,drone,39,38,60,15,25
image_BS1_6958_17_46_47.jpg,596.25,288.62,60.5,57.25,0.8745,drone,39,38,60,15,25
image_BS1_6959_17_46_48.jpg,590.75,283.25,61.5,58.0,0.8789,drone,38,37,39,60,27
image_BS1_6960_17_46_48.jpg,582.5,277.56,60.0,56.38,0.8691,drone,38,37,39,60,27
image_BS1_6963_17_46_48.jpg,567.5,275.25,60.0,56.5,0.8735,drone,37,38,60,15,25
image_BS1_6969_17_46_49.jpg,543.75,297.0,58.5,56.0,0.6953,drone,34,60,15,26,25
image_BS1_6970_17_46_49.jpg,539.5,303.38,60.0,56.75,0.8623,drone,34,60,15,26,25
image_BS1_6973_17_46_49.jpg,530.25,320.12,59.5,56.25,0.8853,drone,34,60,15,26,25
image_BS1_6976_17_46_50.jpg,523.75,329.62,58.5,55.25,0.7671,drone,34,60,15,26,25
image_BS1_6981_17_46_51.jpg,514.5,335.38,60.0,57.25,0.8755,drone,34,33,60,15,25
image_BS1_6982_17_46_51.jpg,513.12,336.0,59.75,57.0,0.666,drone,34,33,60,15,25
image_BS1_6987_17_46_51.jpg,505.0,336.75,60.0,57.0,0.8521,drone,34,33,60,15,25
image_BS1_6988_17_46_51.jpg,504.38,337.12,60.25,57.25,0.8545,drone,34,33,60,15,25
image_BS1_6989_17_46_52.jpg,502.62,337.38,59.75,56.75,0.8359,drone,34,33,60,15,25
image_BS1_6990_17_46_52.jpg,500.62,337.88,59.75,57.25,0.8657,drone,32,33,34,60,27
image_BS1_6991_17_46_52.jpg,499.62,338.12,59.75,56.75,0.856,drone,32,33,60,15,25
image_BS1_6993_17_46_52.jpg,498.38,338.12,60.25,57.25,0.8672,drone,32,60,15,26,25
image_BS1_6996_17_46_53.jpg,499.0,341.0,60.0,57.0,0.8599,drone,32,34,33,60,27
image_BS1_6_16_58_42.jpg,637.25,476.38,67.5,61.75,0.7314,drone,39,60,15,26,25
image_BS1_7002_17_46_53.jpg,501.62,349.75,59.75,57.0,0.8804,drone,33,32,60,15,25
image_BS1_7016_17_46_55.jpg,507.62,348.88,59.75,56.25,0.7251,drone,34,33,60,15,25
image_BS1_7023_17_46_56.jpg,512.62,311.5,58.75,56.0,0.7407,drone,34,33,60,15,25
image_BS1_7029_17_46_57.jpg,513.5,326.25,61.0,57.5,0.8721,drone,34,33,32,60,27
image_BS1_7033_17_46_58.jpg,512.75,355.62,61.5,58.25,0.877,drone,34,33,60,15,25
image_BS1_7035_17_46_58.jpg,511.75,378.12,61.5,58.25,0.8677,drone,34,33,60,15,25
image_BS1_7037_17_46_58.jpg,512.38,408.25,64.25,60.5,0.8862,drone,33,34,32,60,27
image_BS1_7038_17_46_58.jpg,512.38,423.5,63.25,60.0,0.8853,drone,33,34,60,15,25
image_BS1_7040_17_46_59.jpg,510.62,465.38,63.75,60.25,0.8779,drone,34,33,39,60,27
image_BS1_7041_17_46_59.jpg,510.0,485.62,63.0,59.75,0.874,drone,33,34,39,32,60
image_BS1_7047_17_47_02.jpg,530.0,508.62,62.0,56.75,0.8291,drone,34,60,15,26,25
image_BS1_704_17_00_23.jpg,160.06,396.12,35.38,33.25,0.7563,drone,11,60,15,26,25
image_BS1_7050_17_47_03.jpg,536.62,427.5,62.75,59.0,0.8867,drone,34,60,15,26,25
image_BS1_7056_17_47_04.jpg,546.5,315.12,63.0,59.75,0.8975,drone,34,36,37,60,27
image_BS1_7057_17_47_04.jpg,548.0,294.62,62.0,58.75,0.8804,drone,34,60,15,26,25
image_BS1_7058_17_47_04.jpg,550.25,276.06,62.5,58.88,0.876,drone,37,60,15,26,25
image_BS1_7060_17_47_04.jpg,553.75,229.94,62.5,59.12,0.8633,drone,36,37,34,60,27
image_BS1_7068_17_47_06.jpg,565.75,66.64,62.5,58.84,0.8433,drone,37,38,33,34,60
image_BS1_7069_17_47_07.jpg,561.25,112.44,62.5,58.88,0.7559,drone,37,38,33,60,27
image_BS1_7069_17_47_07.jpg,562.25,111.81,60.5,57.12,0.6826,drone,37,38,33,60,27
image_BS1_7072_17_47_08.jpg,556.5,174.12,63.0,59.0,0.5649,drone,37,34,60,15,25
image_BS1_7072_17_47_08.jpg,557.0,173.38,63.0,59.0,0.5571,drone,37,34,60,15,25
image_BS1_7077_17_47_08.jpg,547.0,308.38,63.0,59.25,0.8804,drone,37,36,34,60,27
image_BS1_7085_17_47_09.jpg,539.62,435.25,60.75,57.0,0.856,drone,34,60,15,26,25
image_BS1_7086_17_47_10.jpg,540.0,439.0,62.0,58.0,0.8633,drone,34,60,15,26,25
image_BS1_7087_17_47_10.jpg,539.12,442.5,61.75,58.0,0.8647,drone,34,60,15,26,25
image_BS1_7089_17_47_10.jpg,538.62,443.88,62.75,58.75,0.8652,drone,34,60,15,26,25
image_BS1_7090_17_47_10.jpg,539.25,445.88,62.5,58.25,0.8682,drone,34,60,15,26,25
image_BS1_7096_17_47_11.jpg,545.0,423.12,61.0,57.75,0.8794,drone,34,36,60,15,25
image_BS1_709_17_00_24.jpg,165.75,391.25,36.0,33.0,0.7407,drone,11,60,15,26,25
image_BS1_7100_17_47_12.jpg,549.75,393.88,60.5,57.75,0.876,drone,37,36,60,15,25
image_BS1_7102_17_47_12.jpg,552.25,377.38,62.5,59.25,0.874,drone,37,60,15,26,25
image_BS1_7106_17_47_13.jpg,557.75,351.12,62.5,58.75,0.5986,drone,37,60,15,26,25
image_BS1_7106_17_47_13.jpg,558.0,351.5,62.0,59.0,0.479,drone,37,60,15,26,25
image_BS1_7110_17_47_13.jpg,567.25,333.0,62.5,59.0,0.8823,drone,37,38,60,15,25
image_BS1_7113_17_47_13.jpg,582.25,322.12,62.5,58.75,0.8604,drone,38,39,60,15,25
image_BS1_7114_17_47_14.jpg,586.5,320.12,63.0,59.25,0.854,drone,39,38,60,15,25
image_BS1_7119_17_47_14.jpg,618.0,310.62,63.0,59.25,0.8618,drone,39,40,60,15,25
image_BS1_7122_17_47_15.jpg,637.5,305.88,63.0,59.25,0.8735,drone,42,40,60,15,25
image_BS1_7126_17_47_15.jpg,665.5,301.38,63.0,59.25,0.8882,drone,43,45,44,13,25
image_BS1_7129_17_47_16.jpg,688.5,297.88,63.0,59.75,0.8911,drone,46,45,44,43,13
image_BS1_712_17_00_24.jpg,179.75,388.75,36.0,33.5,0.7485,drone,11,60,15,26,25
image_BS1_7131_17_47_16.jpg,704.25,295.5,62.5,59.5,0.8906,drone,46,47,48,45,60
image_BS1_7133_17_47_16.jpg,716.5,294.0,63.0,59.0,0.8677,drone,48,47,60,14,25
image_BS1_7136_17_47_17.jpg,737.0,290.75,62.0,58.5,0.8789,drone,49,48,60,14,25
image_BS1_713_17_00_25.jpg,186.62,387.12,35.25,32.75,0.7378,drone,11,13,60,15,26
image_BS1_7140_17_47_17.jpg,747.75,287.5,61.5,58.0,0.8721,drone,48,49,60,14,25
image_BS1_7145_17_47_18.jpg,732.5,278.5,62.0,58.5,0.8696,drone,48,49,47,60,14
image_BS1_7148_17_47_18.jpg,709.0,273.25,63.0,59.5,0.8774,drone,46,47,60,14,25
image_BS1_7151_17_47_18.jpg,681.0,267.88,63.0,59.75,0.8643,drone,44,46,42,60,25
image_BS1_7154_17_47_19.jpg,656.0,263.56,62.0,58.88,0.7354,drone,42,44,43,25,24
image_BS1_7158_17_47_19.jpg,614.75,256.12,62.5,58.75,0.8711,drone,39,42,60,15,25
image_BS1_7159_17_47_20.jpg,602.0,255.25,64.0,60.5,0.8735,drone,39,38,37,60,27
image_BS1_7162_17_47_20.jpg,563.75,249.0,62.5,59.0,0.8877,drone,37,39,60,15,25
image_BS1_7163_17_47_20.jpg,547.0,247.0,62.0,59.0,0.8096,drone,37,34,60,15,25
image_BS1_7163_17_47_20.jpg,547.75,246.94,61.5,58.62,0.5591,drone,37,34,60,15,25
image_BS1_7167_17_47_21.jpg,492.0,239.19,63.0,59.12,0.8735,drone,32,60,15,26,25
image_BS1_7168_17_47_21.jpg,476.25,238.12,62.5,59.25,0.8628,drone,29,28,26,25,24
image_BS1_717_17_00_25.jpg,218.38,384.5,35.75,33.0,0.7559,drone,14,28,26,25,24
image_BS1_7181_17_47_22.jpg,312.88,287.75,62.25,59.0,0.8682,drone,17,19,60,28,26
image_BS1_7182_17_47_23.jpg,303.88,301.38,61.75,58.75,0.8804,drone,17,19,60,28,26
image_BS1_7188_17_47_23.jpg,248.88,395.38,63.25,59.75,0.877,drone,14,17,28,26,25
image_BS1_7192_17_47_24.jpg,171.44,449.0,63.38,59.0,0.8589,drone,11,10,60,15,26
image_BS1_7196_17_47_24.jpg,55.58,475.62,62.34,57.25,0.8638,drone,6,5,7,60,16
image_BS1_7197_17_47_25.jpg,29.59,475.88,55.56,53.75,0.5903,drone,6,5,7,60,16
image_BS1_7203_17_47_39.jpg,223.56,380.62,61.12,57.75,0.6118,drone,14,28,26,25,24
image_BS1_7203_17_47_39.jpg,223.5,380.75,60.5,57.5,0.4509,drone,14,28,26,25,24
image_BS1_7204_17_47_39.jpg,205.0,368.88,61.75,57.75,0.8394,drone,13,11,60,15,26
image_BS1_7205_17_47_40.jpg,185.44,357.38,60.62,57.25,0.8501,drone,11,60,15,26,25
image_BS1_7206_17_47_40.jpg,172.56,350.5,60.12,57.0,0.8022,drone,11,8,60,15,26
image_BS1_7209_17_47_40.jpg,127.81,323.0,59.62,57.5,0.8726,drone,7,6,8,60,16
image_BS1_7211_17_47_40.jpg,105.78,311.5,59.69,56.5,0.8506,drone,6,7,60,15,26
image_BS1_7212_17_47_40.jpg,96.25,305.5,60.75,58.0,0.874,drone,6,60,15,26,25
image_BS1_7222_17_47_42.jpg,68.77,284.75,59.72,57.0,0.8647,drone,4,6,60,15,26
image_BS1_7229_17_47_43.jpg,108.75,285.12,60.0,56.75,0.7007,drone,7,6,60,15,26
image_BS1_722_17_00_26.jpg,279.75,378.38,35.5,32.75,0.7549,drone,17,16,60,28,26
image_BS1_7232_17_47_43.jpg,141.06,287.75,60.12,56.5,0.8418,drone,7,8,60,15,26
image_BS1_7233_17_47_43.jpg,154.41,289.25,60.44,57.5,0.8481,drone,7,8,60,15,26
image_BS1_7234_17_47_43.jpg,163.88,290.25,59.75,57.0,0.8608,drone,7,11,60,15,26
image_BS1_7237_17_47_44.jpg,208.12,295.88,60.75,57.75,0.8828,drone,11,60,15,26,25
image_BS1_7238_17_47_44.jpg,224.06,297.62,60.12,57.25,0.876,drone,13,14,11,15,26
image_BS1_7239_17_47_44.jpg,240.12,300.0,60.75,58.0,0.8477,drone,16,14,13,15,26
image_BS1_7240_17_47_44.jpg,257.0,303.0,61.0,58.0,0.8857,drone,14,15,28,26,25
image_BS1_7247_17_47_45.jpg,383.88,320.12,60.25,57.25,0.8613,drone,23,22,60,28,26
image_BS1_7250_17_47_46.jpg,447.75,331.12,60.5,57.75,0.8364,drone,29,28,26,25,24
image_BS1_7254_17_47_46.jpg,532.38,343.12,62.25,58.75,0.8633,drone,34,60,15,26,25
image_BS1_7256_17_47_46.jpg,585.0,351.75,62.0,58.5,0.8682,drone,39,38,60,15,25
image_BS1_725_17_00_26.jpg,323.12,374.38,35.25,32.25,0.7349,drone,20,21,19,60,28
image_BS1_7261_17_47_47.jpg,695.5,367.12,61.0,57.75,0.8696,drone,45,44,46,60,14
image_BS1_7262_17_47_47.jpg,718.5,370.25,60.0,57.5,0.874,drone,47,60,14,26,25
image_BS1_7264_17_47_47.jpg,756.5,375.62,59.0,56.25,0.8452,drone,49,48,60,14,25
image_BS1_7266_17_47_48.jpg,785.0,378.75,59.0,56.5,0.8677,drone,51,52,49,60,14
image_BS1_7269_17_47_48.jpg,808.5,381.5,60.0,57.0,0.8623,drone,52,54,60,14,25
image_BS1_7271_17_47_48.jpg,815.5,380.88,61.0,57.75,0.8618,drone,54,52,60,14,25
image_BS1_7272_17_47_48.jpg,816.5,381.0,61.0,57.5,0.8823,drone,54,52,60,14,25
image_BS1_7278_17_47_49.jpg,803.75,376.62,62.5,58.75,0.8701,drone,52,51,60,14,25
image_BS1_727_17_00_26.jpg,359.62,371.12,35.25,32.75,0.7598,drone,22,60,28,26,25
image_BS1_7282_17_47_50.jpg,783.5,375.75,62.0,58.5,0.8794,drone,51,52,49,60,14
image_BS1_7285_17_47_50.jpg,761.5,374.5,62.0,58.5,0.8638,drone,49,51,60,14,25
image_BS1_7290_17_47_51.jpg,714.5,373.38,62.0,58.25,0.8643,drone,47,46,48,60,14
image_BS1_7294_17_47_51.jpg,674.5,373.0,62.0,59.0,0.8745,drone,44,45,43,13,25
image_BS1_7299_17_47_52.jpg,612.75,371.38,61.5,57.75,0.8501,drone,39,60,15,26,25
image_BS1_7307_17_47_53.jpg,512.75,368.0,62.5,59.0,0.8662,drone,34,33,60,15,25
image_BS1_7308_17_47_53.jpg,498.88,368.12,62.25,59.25,0.8677,drone,32,33,60,15,25
image_BS1_7312_17_47_54.jpg,444.88,368.25,62.25,58.5,0.8491,drone,29,28,27,4,16
image_BS1_7313_17_47_54.jpg,432.38,367.62,61.75,58.25,0.8564,drone,27,28,26,25,24
image_BS1_7318_17_47_55.jpg,367.38,366.88,62.25,58.75,0.8882,drone,22,23,60,28,26
image_BS1_731_17_00_27.jpg,437.0,362.38,35.0,32.25,0.7725,drone,27,28,26,25,24
image_BS1_7320_17_47_55.jpg,341.5,366.75,62.0,58.5,0.8643,drone,21,22,60,28,26
image_BS1_7321_17_47_55.jpg,332.75,366.38,62.5,58.75,0.8618,drone,21,20,22,60,28
image_BS1_7333_17_47_57.jpg,246.38,369.75,60.25,57.5,0.8379,drone,14,15,28,26,25
image_BS1_7340_17_47_57.jpg,262.81,380.5,61.38,58.5,0.877,drone,17,14,28,26,25
image_BS1_7342_17_47_58.jpg,274.19,383.75,61.62,58.5,0.8643,drone,17,14,16,28,26
image_BS1_7346_17_47_58.jpg,295.0,391.12,62.5,58.75,0.8638,drone,17,60,28,26,25
image_BS1_7350_17_47_59.jpg,306.25,396.0,62.5,59.0,0.8569,drone,19,17,60,28,26
image_BS1_7351_17_47_59.jpg,308.12,397.0,61.75,58.5,0.8779,drone,17,19,60,28,26
image_BS1_7352_17_47_59.jpg,309.75,397.38,62.0,58.75,0.8647,drone,17,19,60,28,26
image_BS1_7353_17_47_59.jpg,310.5,398.38,63.0,59.75,0.8706,drone,19,17,60,28,26
image_BS1_7354_17_47_59.jpg,311.75,399.5,63.0,59.5,0.8696,drone,19,17,60,28,26
image_BS1_735_17_00_27.jpg,527.0,352.5,36.0,33.0,0.7739,drone,34,60,15,26,25
image_BS1_7361_17_48_00.jpg,317.12,402.25,62.25,58.5,0.8179,drone,19,17,60,28,26
image_BS1_7370_17_48_01.jpg,326.5,368.0,62.0,58.5,0.8506,drone,20,19,60,28,26
image_BS1_7381_17_48_03.jpg,341.38,300.38,61.75,58.75,0.8774,drone,21,60,28,26,25
image_BS1_7384_17_48_03.jpg,343.75,294.88,62.0,58.75,0.8604,drone,21,60,28,26,25
image_BS1_7387_17_48_04.jpg,345.38,293.38,62.25,58.75,0.856,drone,21,60,28,26,25
image_BS1_7388_17_48_04.jpg,345.5,293.75,62.5,59.0,0.8516,drone,21,60,28,26,25
image_BS1_7390_17_48_04.jpg,346.88,294.25,61.75,58.5,0.8398,drone,21,60,28,26,25
image_BS1_7392_17_48_04.jpg,347.12,293.5,62.75,59.0,0.8633,drone,21,60,28,26,25
image_BS1_7398_17_48_05.jpg,348.75,295.38,63.0,59.25,0.8633,drone,21,60,28,26,25
image_BS1_7400_17_48_06.jpg,349.88,295.75,62.25,59.0,0.8755,drone,21,60,28,26,25
image_BS1_7401_17_48_06.jpg,350.12,296.25,61.75,58.5,0.8628,drone,21,60,28,26,25
image_BS1_7403_17_48_06.jpg,351.62,295.75,50.25,47.0,0.8013,drone,21,60,28,26,25
image_BS1_7404_17_48_06.jpg,351.75,296.25,56.5,53.5,0.75,drone,21,60,28,26,25
image_BS1_7405_17_48_06.jpg,349.62,296.88,61.25,58.25,0.8091,drone,21,60,28,26,25
image_BS1_7409_17_48_07.jpg,350.12,298.25,62.25,59.0,0.8623,drone,21,60,28,26,25
image_BS1_740_17_00_28.jpg,670.0,336.5,37.0,34.5,0.7417,drone,43,44,25,24,23
image_BS1_7419_17_48_08.jpg,348.62,301.38,61.75,58.25,0.8398,drone,21,60,28,26,25
image_BS1_7425_17_48_09.jpg,348.5,302.0,61.0,57.5,0.8027,drone,21,60,28,26,25
image_BS1_7436_17_48_10.jpg,350.62,301.88,60.75,57.75,0.833,drone,21,22,60,28,26
image_BS1_7439_17_48_11.jpg,352.38,302.38,61.75,58.75,0.8682,drone,21,22,60,28,26
image_BS1_7441_17_48_11.jpg,352.75,302.0,60.5,57.5,0.8491,drone,21,22,60,28,26
image_BS1_7446_17_48_12.jpg,353.62,296.75,60.75,57.5,0.8765,drone,21,22,60,28,26
image_BS1_7448_17_48_12.jpg,355.12,288.75,61.75,58.5,0.8706,drone,22,21,60,28,26
image_BS1_7450_17_48_12.jpg,355.88,278.62,60.25,57.25,0.8564,drone,21,22,60,28,26
image_BS1_7458_17_48_13.jpg,416.12,255.19,58.75,56.12,0.8218,drone,26,23,60,28,25
image_BS1_7460_17_48_14.jpg,455.62,254.94,60.25,57.12,0.79,drone,29,28,26,25,24
image_BS1_7461_17_48_14.jpg,475.5,255.56,61.0,57.88,0.7808,drone,29,28,26,25,24
image_BS1_7461_17_48_14.jpg,475.38,255.5,61.25,58.0,0.4331,drone,29,28,26,25,24
image_BS1_7462_17_48_14.jpg,496.25,255.5,62.5,59.5,0.8955,drone,32,33,60,15,25
image_BS1_7463_17_48_14.jpg,518.0,256.75,62.0,58.5,0.8706,drone,33,32,34,60,27
image_BS1_7468_17_48_15.jpg,626.25,264.19,59.5,56.62,0.6636,drone,39,42,40,60,27
image_BS1_7468_17_48_15.jpg,626.5,264.19,60.0,57.12,0.5244,drone,39,42,40,60,27
image_BS1_7471_17_48_15.jpg,652.0,264.81,60.0,57.38,0.8057,drone,42,43,60,25,24
image_BS1_7479_17_48_17.jpg,653.75,262.94,60.5,57.62,0.8525,drone,42,43,60,25,24
image_BS1_7480_17_48_17.jpg,647.5,262.06,60.0,57.38,0.8281,drone,42,40,60,15,25
image_BS1_7483_17_48_17.jpg,624.25,261.62,61.5,58.25,0.8452,drone,39,42,40,60,27
image_BS1_7484_17_48_17.jpg,612.75,259.81,61.5,58.38,0.8604,drone,39,42,60,15,25
image_BS1_7485_17_48_17.jpg,603.75,259.56,60.5,57.38,0.7612,drone,39,37,38,60,27
image_BS1_7485_17_48_17.jpg,604.25,259.5,58.5,55.5,0.5332,drone,39,37,38,60,27
image_BS1_7486_17_48_18.jpg,593.25,258.06,54.5,50.88,0.7798,drone,39,37,38,60,27
image_BS1_7489_17_48_18.jpg,554.25,255.44,56.5,52.62,0.709,drone,37,39,34,60,27
image_BS1_7489_17_48_18.jpg,553.25,255.94,59.5,56.12,0.6694,drone,37,39,34,60,27
image_BS1_7491_17_48_18.jpg,529.25,256.0,61.5,58.5,0.7891,drone,34,33,37,60,27
image_BS1_7497_17_48_19.jpg,495.38,256.56,62.25,58.88,0.8916,drone,32,33,60,15,25
image_BS1_7500_17_48_19.jpg,484.12,257.0,61.75,59.0,0.8765,drone,29,28,26,25,24
image_BS1_7503_17_48_20.jpg,473.75,258.5,51.5,48.5,0.7925,drone,29,28,26,25,24
image_BS1_7508_17_48_21.jpg,460.0,261.94,61.0,57.62,0.8047,drone,29,28,26,25,24
image_BS1_7509_17_48_21.jpg,458.5,262.69,62.0,58.62,0.8652,drone,29,28,26,25,24
image_BS1_750_17_00_29.jpg,881.25,315.25,43.5,41.0,0.7461,drone,55,59,14,26,25
image_BS1_7514_17_48_21.jpg,454.12,266.31,61.25,58.38,0.8804,drone,29,28,26,25,24
image_BS1_7515_17_48_22.jpg,453.62,266.62,60.75,57.75,0.8745,drone,29,28,26,25,24
image_BS1_7516_17_48_22.jpg,453.25,267.44,61.5,58.62,0.8735,drone,29,28,26,25,24
image_BS1_7522_17_48_23.jpg,439.0,269.81,59.5,56.88,0.7974,drone,27,28,26,25,24
image_BS1_752_17_00_30.jpg,912.0,312.0,45.0,42.0,0.7754,drone,59,58,14,26,25
image_BS1_7530_17_48_24.jpg,399.5,271.19,56.0,53.12,0.8013,drone,23,60,28,26,25
image_BS1_7533_17_48_24.jpg,391.12,272.12,54.25,51.25,0.8101,drone,23,60,28,26,25
image_BS1_7535_17_48_24.jpg,389.12,273.25,52.75,49.5,0.8052,drone,23,60,28,26,25
image_BS1_7537_17_48_24.jpg,388.75,275.75,59.5,56.5,0.792,drone,23,60,28,26,25
image_BS1_7540_17_48_25.jpg,388.88,277.81,60.25,56.88,0.8398,drone,23,60,28,26,25
image_BS1_7550_17_48_27.jpg,409.88,288.5,60.25,57.0,0.8374,drone,26,25,60,28,24
image_BS1_7551_17_48_27.jpg,412.75,288.88,61.5,57.75,0.8501,drone,26,27,28,25,24
image_BS1_7552_17_48_27.jpg,414.88,290.25,60.75,57.5,0.8203,drone,26,27,28,25,24
image_BS1_7552_17_48_27.jpg,414.25,290.0,59.5,56.5,0.4912,drone,26,27,28,25,24
image_BS1_7555_17_48_27.jpg,419.25,293.0,60.5,57.5,0.8594,drone,26,27,28,25,24
image_BS1_7559_17_48_28.jpg,423.25,295.88,59.5,56.25,0.8145,drone,26,27,28,25,24
image_BS1_755_17_00_32.jpg,938.25,294.38,43.5,42.25,0.7168,drone,59,60,3,16,27
image_BS1_755_17_00_32.jpg,938.75,293.5,42.5,46.0,0.5425,drone,59,60,3,16,27
image_BS1_7568_17_48_29.jpg,459.12,303.0,54.25,51.0,0.8359,drone,29,28,26,25,24
image_BS1_756_17_00_32.jpg,931.25,294.88,45.5,42.25,0.7578,drone,59,60,58,15,26
image_BS1_7573_17_48_30.jpg,528.88,314.25,54.25,51.5,0.7378,drone,34,60,15,26,25
image_BS1_7575_17_48_30.jpg,564.0,318.88,57.0,53.75,0.7529,drone,37,60,15,26,25
image_BS1_7576_17_48_30.jpg,582.5,321.25,56.0,52.5,0.7188,drone,38,39,60,15,25
image_BS1_7577_17_48_30.jpg,601.0,324.0,57.0,53.0,0.6782,drone,39,60,15,26,25
image_BS1_7577_17_48_30.jpg,600.5,324.25,59.0,56.0,0.4868,drone,39,60,15,26,25
image_BS1_7580_17_48_31.jpg,648.5,331.12,57.0,54.75,0.583,drone,42,43,44,25,24
image_BS1_7581_17_48_31.jpg,660.25,333.25,57.5,54.0,0.8262,drone,43,44,42,25,24
image_BS1_7583_17_48_31.jpg,674.5,335.62,58.0,54.25,0.7607,drone,43,44,25,24,23
image_BS1_7584_17_48_31.jpg,679.0,337.0,60.0,57.5,0.8516,drone,44,43,45,13,25
image_BS1_7585_17_48_31.jpg,683.0,337.25,61.0,57.5,0.8462,drone,44,45,13,25,24
image_BS1_758_17_00_32.jpg,913.0,297.5,45.0,42.5,0.7646,drone,59,58,14,26,25
image_BS1_7592_17_48_32.jpg,687.75,338.75,56.5,53.5,0.7759,drone,45,44,13,25,24
image_BS1_7597_17_48_33.jpg,662.5,337.0,58.0,54.5,0.6689,drone,44,43,25,24,23
image_BS1_7597_17_48_33.jpg,661.5,336.88,59.0,56.25,0.4514,drone,44,43,42,25,24
image_BS1_75_16_58_51.jpg,554.0,351.12,36.0,33.25,0.7461,drone,37,60,15,26,25
image_BS1_7601_17_48_33.jpg,630.5,334.88,60.0,57.25,0.7661,drone,42,60,15,26,25
image_BS1_7601_17_48_33.jpg,631.0,335.0,59.0,56.0,0.4805,drone,42,60,15,26,25
image_BS1_7602_17_48_33.jpg,622.0,334.12,59.0,55.25,0.6909,drone,40,42,60,15,25
image_BS1_7605_17_48_34.jpg,596.75,333.75,60.5,57.5,0.8174,drone,39,60,15,26,25
image_BS1_7607_17_48_34.jpg,578.75,333.0,58.5,54.5,0.6196,drone,38,39,60,15,25
image_BS1_7607_17_48_34.jpg,578.25,333.12,60.5,57.25,0.5532,drone,38,39,60,15,25
image_BS1_7608_17_48_34.jpg,573.0,332.62,58.0,54.25,0.6943,drone,38,39,60,15,25
image_BS1_7608_17_48_34.jpg,572.5,333.12,60.0,56.75,0.4272,drone,38,37,39,60,27
image_BS1_7613_17_48_35.jpg,552.5,334.5,60.0,57.0,0.7559,drone,37,34,60,15,25
image_BS1_7618_17_48_36.jpg,546.5,337.62,60.0,57.25,0.748,drone,34,37,60,15,25
image_BS1_7618_17_48_36.jpg,547.0,337.25,57.0,53.5,0.5908,drone,34,37,60,15,25
image_BS1_7619_17_48_36.jpg,546.25,337.5,53.5,50.0,0.8066,drone,34,37,60,15,25
image_BS1_7620_17_48_36.jpg,542.75,338.38,61.5,57.75,0.8535,drone,34,36,37,60,27
image_BS1_7621_17_48_36.jpg,540.75,337.62,60.5,57.25,0.7144,drone,34,36,60,15,25
image_BS1_7621_17_48_36.jpg,541.5,337.88,58.0,54.75,0.4514,drone,34,36,60,15,25
image_BS1_7622_17_48_36.jpg,538.0,337.88,60.0,56.75,0.7021,drone,34,60,15,26,25
image_BS1_7622_17_48_36.jpg,539.0,337.88,57.0,53.75,0.4121,drone,34,60,15,26,25
image_BS1_7624_17_48_36.jpg,531.25,339.0,55.5,52.0,0.6611,drone,34,60,15,26,25
image_BS1_7624_17_48_36.jpg,530.5,339.12,59.0,56.25,0.6055,drone,34,60,15,26,25
image_BS1_7627_17_48_37.jpg,517.25,339.25,59.5,56.5,0.6831,drone,34,33,60,15,25
image_BS1_7627_17_48_37.jpg,518.25,339.25,56.5,53.5,0.5669,drone,34,60,15,26,25
image_BS1_7629_17_48_37.jpg,511.88,340.38,60.25,56.75,0.6914,drone,34,33,60,15,25
image_BS1_7632_17_48_38.jpg,507.38,340.88,57.25,53.75,0.6772,drone,33,32,34,60,27
image_BS1_7643_17_48_39.jpg,505.12,346.12,53.75,51.25,0.8091,drone,33,32,60,15,25
image_BS1_7648_17_48_40.jpg,504.62,348.88,53.75,50.75,0.7969,drone,34,32,33,60,27
image_BS1_7650_17_48_40.jpg,504.62,349.75,53.75,50.5,0.7983,drone,33,34,32,60,27
image_BS1_7652_17_48_40.jpg,505.25,350.75,51.5,48.5,0.8066,drone,33,32,60,15,25
image_BS1_7654_17_48_40.jpg,507.5,352.0,51.0,47.5,0.8018,drone,33,34,32,60,27
image_BS1_7657_17_48_41.jpg,516.25,354.62,49.5,46.75,0.7827,drone,34,33,60,15,25
image_BS1_765_17_00_33.jpg,809.5,320.0,42.0,39.0,0.7563,drone,54,51,55,52,60
image_BS1_7660_17_48_41.jpg,536.25,356.5,54.5,51.0,0.769,drone,34,36,60,15,25
image_BS1_7665_17_48_42.jpg,597.0,365.75,60.0,57.0,0.7524,drone,39,60,15,26,25
image_BS1_7665_17_48_42.jpg,597.25,365.25,58.5,55.0,0.6816,drone,39,60,15,26,25
image_BS1_7666_17_48_42.jpg,612.5,367.0,62.0,58.0,0.8452,drone,39,60,15,26,25
image_BS1_7667_17_48_42.jpg,629.25,369.88,61.5,57.75,0.834,drone,40,42,60,15,25
image_BS1_7670_17_48_43.jpg,676.25,376.62,59.5,56.75,0.8584,drone,44,43,45,13,25
image_BS1_7673_17_48_43.jpg,711.5,381.88,60.0,56.75,0.8501,drone,46,47,45,60,14
image_BS1_7675_17_48_43.jpg,725.0,384.38,60.0,56.75,0.8447,drone,47,48,49,60,14
image_BS1_7679_17_48_44.jpg,739.0,388.12,60.0,57.25,0.8447,drone,49,48,60,14,25
image_BS1_767_17_00_33.jpg,784.75,326.75,41.5,38.5,0.769,drone,51,54,49,60,14
image_BS1_7680_17_48_44.jpg,739.0,388.0,60.0,57.0,0.8535,drone,49,48,60,14,25
image_BS1_7685_17_48_45.jpg,726.0,388.25,53.0,50.0,0.7759,drone,47,48,49,60,14
image_BS1_7689_17_48_45.jpg,684.5,384.5,60.0,56.5,0.8452,drone,45,44,43,13,25
image_BS1_768_17_00_33.jpg,770.5,330.38,42.0,38.75,0.7725,drone,51,49,60,14,25
image_BS1_7690_17_48_45.jpg,670.25,382.75,60.5,57.0,0.8716,drone,43,44,25,24,23
image_BS1_7692_17_48_45.jpg,641.25,379.62,59.5,56.75,0.8623,drone,42,60,15,26,25
image_BS1_7695_17_48_46.jpg,579.0,374.12,60.0,56.75,0.8496,drone,38,39,60,15,25
image_BS1_7699_17_48_46.jpg,488.25,365.62,60.5,57.25,0.7676,drone,32,31,30,60,27
image_BS1_76_16_58_51.jpg,550.75,350.88,35.5,33.25,0.7568,drone,37,60,15,26,25
image_BS1_7703_17_48_47.jpg,395.75,358.25,60.5,57.0,0.8149,drone,23,26,60,28,25
image_BS1_7704_17_48_47.jpg,373.25,356.62,60.5,57.25,0.8408,drone,22,23,60,28,26
image_BS1_7706_17_48_47.jpg,326.38,353.88,61.25,57.75,0.8423,drone,20,60,28,26,25
image_BS1_7708_17_48_48.jpg,286.62,351.12,60.25,57.25,0.8623,drone,17,60,28,26,25
image_BS1_7711_17_48_48.jpg,227.75,348.12,57.0,53.75,0.7104,drone,13,14,15,26,25
image_BS1_7715_17_48_48.jpg,178.69,344.75,58.88,56.5,0.8521,drone,11,60,15,26,25
image_BS1_7716_17_48_49.jpg,169.88,344.5,57.75,55.0,0.8047,drone,11,8,60,15,26
image_BS1_7717_17_48_49.jpg,163.31,344.25,59.62,57.0,0.8652,drone,11,8,9,60,16
image_BS1_7718_17_48_49.jpg,157.88,343.88,59.25,56.75,0.8433,drone,11,9,8,60,16
image_BS1_7723_17_48_50.jpg,145.19,343.75,59.62,57.0,0.8594,drone,9,8,11,60,16
image_BS1_7728_17_48_50.jpg,154.47,345.88,60.56,57.25,0.8506,drone,9,11,8,60,16
image_BS1_7730_17_48_50.jpg,160.31,347.62,59.62,56.75,0.8286,drone,8,11,9,60,16
image_BS1_7732_17_48_51.jpg,172.5,350.62,60.5,56.75,0.8311,drone,11,8,60,15,26
image_BS1_7734_17_48_51.jpg,184.12,352.25,60.25,57.0,0.8335,drone,11,60,15,26,25
image_BS1_7740_17_48_52.jpg,223.94,359.25,59.38,56.5,0.8525,drone,13,14,15,26,25
image_BS1_7747_17_48_53.jpg,292.88,370.12,60.25,57.25,0.8438,drone,17,60,28,26,25
image_BS1_7748_17_48_53.jpg,305.75,372.38,61.0,57.75,0.8521,drone,17,20,60,28,26
image_BS1_7753_17_48_54.jpg,353.25,378.25,60.0,57.0,0.855,drone,22,21,60,28,26
image_BS1_7754_17_48_54.jpg,362.12,379.12,59.25,56.25,0.8394,drone,22,60,28,26,25
image_BS1_7760_17_48_55.jpg,406.62,357.12,59.25,55.75,0.7979,drone,26,23,60,28,25
image_BS1_7762_17_48_55.jpg,419.38,341.0,56.25,52.5,0.7671,drone,26,27,28,25,24
image_BS1_7763_17_48_55.jpg,424.75,332.5,60.5,57.5,0.8745,drone,27,26,28,25,24
image_BS1_7764_17_48_55.jpg,430.0,322.75,61.0,58.0,0.8818,drone,27,28,26,25,24
image_BS1_7766_17_48_55.jpg,441.5,300.25,61.0,58.0,0.8569,drone,29,27,3,4,26
image_BS1_7776_17_48_57.jpg,450.62,226.12,60.25,57.25,0.8398,drone,27,29,28,3,16
image_BS1_7781_17_48_57.jpg,401.88,203.62,61.75,58.5,0.8599,drone,26,22,23,60,28
image_BS1_7783_17_48_58.jpg,375.25,195.31,62.0,58.62,0.8555,drone,22,21,20,26,60
image_BS1_7788_17_48_58.jpg,310.12,180.38,59.25,56.5,0.6323,drone,17,19,20,60,28
image_BS1_7789_17_48_59.jpg,299.88,178.5,60.25,57.25,0.6831,drone,17,19,60,28,26
image_BS1_7789_17_48_59.jpg,300.38,178.12,59.25,56.5,0.5708,drone,17,19,60,28,26
image_BS1_778_17_00_35.jpg,648.25,366.0,35.5,33.5,0.7544,drone,43,42,60,25,24
image_BS1_7794_17_48_59.jpg,266.12,176.12,62.25,58.75,0.8457,drone,17,14,28,26,25
image_BS1_7795_17_48_59.jpg,262.12,178.69,62.25,58.88,0.8569,drone,14,17,28,26,25
image_BS1_7797_17_49_00.jpg,254.75,187.06,62.0,58.88,0.8447,drone,14,17,28,26,25
image_BS1_7798_17_49_00.jpg,250.5,193.69,62.0,58.38,0.8545,drone,14,28,26,25,24
image_BS1_7803_17_49_01.jpg,233.75,243.12,63.0,59.25,0.8584,drone,13,14,15,26,25
image_BS1_7805_17_49_01.jpg,227.69,269.94,61.62,58.62,0.8936,drone,14,13,15,26,25
image_BS1_7806_17_49_01.jpg,225.69,284.25,62.12,59.5,0.7993,drone,14,13,11,15,26
image_BS1_7808_17_49_01.jpg,222.38,314.12,60.75,58.25,0.8535,drone,14,11,13,12,16
image_BS1_7812_17_49_02.jpg,232.81,387.62,60.88,57.25,0.8379,drone,14,28,26,25,24
image_BS1_7814_17_49_02.jpg,242.44,413.62,61.12,57.75,0.877,drone,14,16,28,26,25
image_BS1_7828_17_49_04.jpg,284.25,386.5,60.5,56.5,0.8291,drone,17,60,28,26,25
image_BS1_7831_17_49_04.jpg,287.88,339.12,60.75,57.25,0.8647,drone,17,60,28,26,25
image_BS1_7832_17_49_05.jpg,289.25,322.88,60.5,57.25,0.8643,drone,17,60,28,26,25
image_BS1_7839_17_49_06.jpg,302.75,208.31,58.5,55.88,0.7734,drone,17,14,19,28,26
image_BS1_7842_17_49_06.jpg,324.88,173.5,58.75,55.5,0.6978,drone,20,19,21,17,60
image_BS1_7842_17_49_06.jpg,324.38,174.06,58.75,56.12,0.5879,drone,20,19,21,17,60
image_BS1_7845_17_49_06.jpg,364.12,155.88,57.25,54.25,0.7866,drone,23,21,22,26,60
image_BS1_7851_17_49_07.jpg,466.38,178.12,60.25,56.75,0.8101,drone,29,32,28,33,27
image_BS1_785_17_00_36.jpg,581.5,379.25,34.0,31.5,0.7271,drone,39,60,15,26,25
image_BS1_7860_17_49_08.jpg,573.75,341.62,61.5,58.25,0.8604,drone,38,39,60,15,25
image_BS1_7861_17_49_08.jpg,581.25,364.0,59.5,56.5,0.8369,drone,38,39,60,15,25
image_BS1_7863_17_49_09.jpg,604.25,441.75,59.5,55.5,0.8149,drone,39,60,15,26,25
image_BS1_7864_17_49_09.jpg,609.25,455.0,59.5,55.5,0.8589,drone,39,60,15,26,25
image_BS1_7868_17_49_10.jpg,619.75,484.0,60.5,56.0,0.8379,drone,39,60,15,26,25
image_BS1_7869_17_49_10.jpg,623.5,487.5,60.0,56.0,0.853,drone,39,60,15,26,25
image_BS1_7870_17_49_10.jpg,627.0,490.0,60.0,56.0,0.8501,drone,39,60,15,26,25
image_BS1_7875_17_49_11.jpg,652.25,436.12,60.5,56.25,0.8252,drone,42,40,44,60,25
image_BS1_7876_17_49_11.jpg,654.75,426.38,60.5,56.25,0.8691,drone,42,44,43,25,24
image_BS1_7881_17_49_12.jpg,646.25,355.62,59.5,56.75,0.8564,drone,42,43,60,25,24
image_BS1_7882_17_49_12.jpg,639.25,339.5,59.5,57.0,0.8696,drone,42,43,44,25,24
image_BS1_7883_17_49_12.jpg,631.25,327.62,59.5,56.75,0.856,drone,42,60,15,26,25
image_BS1_7888_17_49_13.jpg,544.75,257.81,60.5,56.88,0.7222,drone,37,34,60,15,25
image_BS1_7888_17_49_13.jpg,544.0,256.81,59.0,56.38,0.6807,drone,34,37,60,15,25
image_BS1_7891_17_49_13.jpg,484.75,243.69,60.5,57.62,0.8628,drone,32,29,15,26,25
image_BS1_7892_17_49_14.jpg,463.0,245.25,60.5,57.5,0.8467,drone,29,28,26,25,24
image_BS1_7893_17_49_14.jpg,444.5,249.25,60.0,56.5,0.7651,drone,29,27,3,4,26
image_BS1_7897_17_49_14.jpg,378.25,292.25,60.0,56.5,0.6665,drone,22,60,28,26,25
image_BS1_7897_17_49_14.jpg,379.25,291.75,58.5,55.5,0.6235,drone,22,60,28,26,25
image_BS1_7899_17_49_15.jpg,355.25,322.0,58.5,56.0,0.8247,drone,22,21,60,28,26
image_BS1_78_16_58_52.jpg,544.25,349.25,34.5,32.5,0.7388,drone,34,37,60,15,25
image_BS1_7907_17_49_16.jpg,331.12,411.5,44.25,41.0,0.7744,drone,20,21,60,28,26
image_BS1_7908_17_49_16.jpg,334.25,410.62,46.0,42.75,0.7793,drone,20,21,60,28,26
image_BS1_7910_17_49_16.jpg,338.38,402.75,59.75,56.0,0.8687,drone,21,20,60,28,26
image_BS1_7912_17_49_16.jpg,343.12,383.25,60.25,56.5,0.8457,drone,22,21,60,28,26
image_BS1_7914_17_49_17.jpg,345.75,355.12,60.5,56.75,0.8428,drone,21,22,20,60,28
image_BS1_7915_17_49_17.jpg,342.88,338.25,60.25,57.0,0.8457,drone,21,60,28,26,25
image_BS1_7920_17_49_17.jpg,301.75,250.19,62.5,59.12,0.7979,drone,17,20,60,28,26
image_BS1_7921_17_49_18.jpg,289.62,235.12,60.75,57.75,0.8496,drone,17,14,28,26,25
image_BS1_7922_17_49_18.jpg,276.88,222.31,58.25,55.38,0.7822,drone,14,17,13,15,26
image_BS1_7924_17_49_18.jpg,258.88,200.25,55.75,53.25,0.8257,drone,14,28,26,25,24
image_BS1_7925_17_49_18.jpg,254.5,192.0,56.0,53.5,0.813,drone,14,28,26,25,24
image_BS1_7926_17_49_18.jpg,253.25,183.62,56.0,53.5,0.8101,drone,14,17,28,26,25
image_BS1_7928_17_49_18.jpg,260.44,168.56,56.62,54.12,0.7378,drone,17,14,28,26,25
image_BS1_792_17_00_38.jpg,546.75,384.0,37.5,35.0,0.7188,drone,36,37,34,60,27
image_BS1_7930_17_49_19.jpg,278.44,157.62,57.12,54.75,0.7734,drone,17,60,28,26,25
image_BS1_7930_17_49_19.jpg,278.88,157.62,56.25,53.0,0.4756,drone,17,60,28,26,25
image_BS1_793_17_00_38.jpg,544.5,383.88,37.0,34.25,0.7373,drone,34,37,36,60,27
image_BS1_7944_17_49_21.jpg,472.25,301.62,60.0,57.25,0.8682,drone,29,28,26,25,24
image_BS1_7948_17_49_21.jpg,491.75,373.5,54.5,51.0,0.6919,drone,31,32,60,15,25
image_BS1_7949_17_49_22.jpg,491.75,383.75,59.5,55.5,0.8271,drone,31,32,60,15,25
image_BS1_7950_17_49_22.jpg,494.5,388.5,60.0,56.0,0.8682,drone,32,60,15,26,25
image_BS1_7955_17_49_22.jpg,497.75,374.62,55.5,52.25,0.7456,drone,32,33,60,15,25
image_BS1_7957_17_49_23.jpg,484.75,360.25,59.5,56.5,0.8452,drone,31,32,30,60,27
image_BS1_7959_17_49_23.jpg,466.5,343.25,56.0,53.0,0.7476,drone,29,28,26,25,24
image_BS1_7962_17_49_23.jpg,415.12,319.0,60.25,57.5,0.7822,drone,26,27,28,25,24
image_BS1_7966_17_49_25.jpg,283.38,273.5,59.25,56.5,0.8398,drone,17,16,60,28,26
image_BS1_7967_17_49_25.jpg,278.12,271.06,57.25,54.38,0.7646,drone,17,16,60,28,26
image_BS1_7971_17_49_25.jpg,285.5,261.56,57.5,54.88,0.7559,drone,17,16,60,28,26
image_BS1_7972_17_49_25.jpg,293.75,259.38,57.5,55.25,0.8184,drone,17,60,28,26,25
image_BS1_7975_17_49_26.jpg,338.38,256.62,58.25,55.25,0.6533,drone,19,22,21,20,60
image_BS1_7975_17_49_26.jpg,338.25,256.81,58.5,56.38,0.6411,drone,19,22,21,20,60
image_BS1_7979_17_49_27.jpg,518.88,266.44,60.25,57.12,0.8066,drone,33,34,60,15,25
image_BS1_7979_17_49_27.jpg,519.12,266.12,58.75,56.25,0.4341,drone,33,34,60,15,25
image_BS1_7980_17_49_27.jpg,539.38,272.88,60.25,57.25,0.8086,drone,37,34,60,15,25
image_BS1_7982_17_49_27.jpg,566.25,289.12,61.5,58.25,0.8779,drone,37,60,15,26,25
image_BS1_7992_17_49_29.jpg,641.0,456.88,58.0,53.75,0.8428,drone,39,40,42,60,27
image_BS1_7994_17_49_30.jpg,682.5,459.12,62.0,58.25,0.8403,drone,44,45,13,25,24
image_BS1_7995_17_49_30.jpg,686.25,451.25,61.5,58.5,0.8481,drone,44,45,13,25,24
image_BS1_8008_17_49_32.jpg,612.0,403.5,38.0,36.0,0.7305,drone,39,60,15,26,25
image_BS1_801_17_00_39.jpg,521.25,384.62,36.5,34.25,0.7266,drone,34,60,15,26,25
image_BS1_8021_17_49_34.jpg,366.75,350.5,35.0,33.0,0.7168,drone,22,23,60,28,26
image_BS1_8022_17_49_34.jpg,348.88,347.62,35.25,33.25,0.7153,drone,21,22,60,28,26
image_BS1_8023_17_49_34.jpg,332.75,346.0,35.5,33.0,0.7188,drone,21,20,60,28,26
image_BS1_8024_17_49_35.jpg,320.0,344.88,37.0,34.75,0.7593,drone,19,20,60,28,26
image_BS1_8028_17_49_35.jpg,294.12,341.88,50.75,47.75,0.8086,drone,17,60,28,26,25
image_BS1_802_17_00_39.jpg,515.75,384.25,34.5,32.5,0.7407,drone,34,33,60,15,25
image_BS1_8030_17_49_35.jpg,295.25,341.62,48.0,45.75,0.8218,drone,17,60,28,26,25
image_BS1_8033_17_49_36.jpg,308.38,344.25,54.25,51.5,0.8242,drone,17,19,60,28,26
image_BS1_8034_17_49_36.jpg,316.38,345.5,55.75,52.5,0.811,drone,19,17,60,28,26
image_BS1_8036_17_49_36.jpg,325.75,347.88,56.5,52.75,0.7544,drone,20,19,60,28,26
image_BS1_8045_17_49_38.jpg,253.75,341.38,61.0,57.75,0.8369,drone,17,14,13,16,15
image_BS1_8051_17_49_39.jpg,231.69,339.88,47.38,44.75,0.7139,drone,13,14,15,26,25
image_BS1_8052_17_49_39.jpg,241.38,338.62,48.25,45.75,0.7031,drone,14,13,15,26,25
image_BS1_8054_17_49_39.jpg,274.88,341.62,47.25,44.25,0.7319,drone,17,16,14,28,26
image_BS1_8056_17_49_39.jpg,317.38,344.88,47.75,45.25,0.7324,drone,19,17,60,28,26
image_BS1_805_17_00_40.jpg,484.0,384.38,35.0,32.75,0.769,drone,31,30,32,60,27
image_BS1_8063_17_49_41.jpg,881.0,374.75,40.0,37.5,0.6816,drone,55,58,60,14,25
image_BS1_8065_17_49_42.jpg,911.75,362.62,39.5,37.25,0.4141,drone,57,58,59,60,14
image_BS1_8066_17_49_42.jpg,922.5,354.12,40.0,37.75,0.5581,drone,57,59,58,60,14
image_BS1_8068_17_49_42.jpg,931.25,318.88,41.5,38.75,0.6489,drone,59,60,3,16,27
image_BS1_8069_17_49_42.jpg,928.5,306.62,43.0,40.25,0.5728,drone,59,60,58,15,26
image_BS1_8070_17_49_43.jpg,923.75,295.5,41.5,38.5,0.6665,drone,59,58,14,26,25
image_BS1_8073_17_49_43.jpg,893.0,253.31,43.0,39.88,0.6567,drone,58,55,59,57,60
image_BS1_8074_17_49_43.jpg,878.75,240.88,42.5,39.75,0.6406,drone,55,58,57,60,14
image_BS1_8076_17_49_43.jpg,842.25,216.62,44.5,41.25,0.647,drone,54,55,51,60,14
image_BS1_8078_17_49_44.jpg,799.25,195.12,45.5,42.25,0.5708,drone,51,54,52,60,14
image_BS1_8079_17_49_44.jpg,774.75,185.44,45.5,42.88,0.5947,drone,51,49,52,60,14
image_BS1_8087_17_49_46.jpg,251.88,244.94,63.25,59.62,0.8394,drone,13,14,16,15,26
image_BS1_8088_17_49_46.jpg,214.56,271.88,61.62,58.75,0.8257,drone,11,13,60,15,26
image_BS1_8095_17_49_47.jpg,48.44,433.38,57.38,53.75,0.7695,drone,6,5,60,15,26
image_BS1_8096_17_49_47.jpg,42.75,440.75,50.12,47.5,0.4883,drone,6,5,60,15,26
image_BS1_8097_17_49_48.jpg,46.02,452.12,56.72,54.25,0.5869,drone,6,5,60,15,26
image_BS1_8098_17_49_48.jpg,59.2,453.25,50.34,47.5,0.5747,drone,6,5,7,60,16
image_BS1_8102_17_49_49.jpg,217.06,432.0,57.62,55.0,0.6509,drone,14,28,26,25,24
image_BS1_8108_17_49_51.jpg,714.0,277.69,60.0,57.62,0.8232,drone,47,46,48,60,14
image_BS1_810_17_00_40.jpg,418.88,383.0,35.25,32.5,0.752,drone,27,26,28,25,24
image_BS1_8114_17_49_52.jpg,792.75,193.75,61.5,58.5,0.855,drone,51,54,49,60,14
image_BS1_8115_17_49_52.jpg,793.5,191.56,62.0,58.88,0.8643,drone,51,54,49,60,14
image_BS1_8116_17_49_53.jpg,791.25,190.25,61.5,58.75,0.8652,drone,51,54,49,60,14
image_BS1_8117_17_49_53.jpg,786.75,190.06,62.5,59.62,0.8794,drone,51,49,54,60,14
image_BS1_8118_17_49_53.jpg,781.25,191.69,62.5,59.38,0.877,drone,51,49,52,60,14
image_BS1_8121_17_49_53.jpg,746.5,201.38,63.0,59.75,0.8779,drone,51,48,49,52,60
image_BS1_8135_17_49_56.jpg,235.81,287.25,34.12,32.0,0.6504,drone,14,13,16,15,26
image_BS1_8137_17_49_57.jpg,235.94,282.62,33.12,31.25,0.6533,drone,14,13,16,15,26
image_BS1_8144_17_49_58.jpg,347.38,280.38,27.25,26.75,0.6318,drone,21,22,60,28,26
image_BS1_8145_17_49_58.jpg,361.88,280.0,27.75,27.0,0.541,drone,22,21,60,28,26
image_BS1_8147_17_49_58.jpg,403.62,280.12,30.75,28.75,0.6353,drone,23,25,26,60,28
image_BS1_8152_17_49_59.jpg,470.62,273.5,37.25,34.5,0.7163,drone,29,28,26,25,24
image_BS1_8155_17_49_59.jpg,477.38,268.75,36.25,34.0,0.7163,drone,29,28,26,25,24
image_BS1_815_17_00_41.jpg,378.62,379.5,37.75,35.0,0.7656,drone,23,22,60,28,26
image_BS1_8160_17_50_00.jpg,469.88,291.75,37.75,35.0,0.7285,drone,29,28,26,25,24
image_BS1_8163_17_50_00.jpg,468.38,302.75,36.25,33.5,0.7129,drone,29,28,26,25,24
image_BS1_8164_17_50_01.jpg,469.0,304.5,36.0,33.0,0.7188,drone,29,28,26,25,24
image_BS1_8166_17_50_01.jpg,470.5,305.88,36.0,33.25,0.728,drone,29,28,26,25,24
image_BS1_8167_17_50_01.jpg,471.38,305.62,35.75,32.75,0.7305,drone,29,28,26,25,24
image_BS1_8169_17_50_01.jpg,473.75,304.62,35.0,32.25,0.708,drone,29,28,26,25,24
image_BS1_8171_17_50_02.jpg,475.0,302.5,33.5,31.0,0.6919,drone,29,28,26,25,24
image_BS1_8172_17_50_02.jpg,475.62,301.5,29.25,27.5,0.6216,drone,29,28,26,25,24
image_BS1_8182_17_50_03.jpg,480.0,298.62,52.0,49.25,0.7837,drone,29,28,26,25,24
image_BS1_8183_17_50_03.jpg,480.25,302.25,53.0,50.0,0.814,drone,29,31,32,15,25
image_BS1_8184_17_50_04.jpg,480.5,306.75,53.5,50.5,0.8403,drone,29,31,30,32,27
image_BS1_8186_17_50_04.jpg,480.5,314.75,53.0,50.0,0.7754,drone,29,30,15,26,25
image_BS1_8188_17_50_04.jpg,480.88,321.25,53.25,50.0,0.8369,drone,29,30,31,15,25
image_BS1_8191_17_50_04.jpg,481.5,327.0,53.5,50.5,0.813,drone,30,31,29,15,25
image_BS1_8207_17_50_08.jpg,370.75,343.0,41.0,38.5,0.769,drone,22,60,28,26,25
image_BS1_820_17_00_42.jpg,337.0,377.12,38.5,35.25,0.7773,drone,21,22,20,60,28
image_BS1_8213_17_50_08.jpg,432.25,367.38,45.5,43.25,0.7744,drone,27,28,26,25,24
image_BS1_8214_17_50_09.jpg,450.88,372.88,47.75,44.75,0.7925,drone,29,28,26,25,24
image_BS1_8215_17_50_09.jpg,469.0,378.25,54.0,51.0,0.7217,drone,29,28,26,25,24
image_BS1_8217_17_50_09.jpg,508.5,389.75,59.0,56.0,0.833,drone,34,33,60,15,25
image_BS1_8218_17_50_09.jpg,529.25,394.38,58.5,55.75,0.8428,drone,34,60,15,26,25
image_BS1_8221_17_50_10.jpg,571.25,406.0,58.5,55.5,0.8018,drone,37,39,60,15,25
image_BS1_8223_17_50_10.jpg,573.25,406.0,59.5,56.5,0.8628,drone,37,39,38,60,27
image_BS1_8228_17_50_11.jpg,505.0,398.38,61.0,57.75,0.8574,drone,33,34,60,15,25
image_BS1_8230_17_50_11.jpg,444.62,387.88,60.75,57.25,0.814,drone,29,28,26,25,24
image_BS1_8231_17_50_11.jpg,421.5,384.62,61.0,57.75,0.8481,drone,27,28,26,25,24
image_BS1_8234_17_50_12.jpg,217.19,353.5,60.12,57.0,0.8179,drone,13,14,11,15,26
image_BS1_823_17_00_42.jpg,296.75,376.0,39.0,35.5,0.7744,drone,17,19,20,60,28
image_BS1_8240_17_50_13.jpg,97.12,335.62,58.75,56.25,0.8613,drone,6,7,60,15,26
image_BS1_8241_17_50_13.jpg,92.97,334.38,60.19,56.75,0.8281,drone,6,60,15,26,25
image_BS1_8242_17_50_13.jpg,90.69,332.62,60.88,57.25,0.8486,drone,6,60,15,26,25
image_BS1_8249_17_50_14.jpg,80.06,323.0,63.12,59.5,0.8701,drone,6,60,15,26,25
image_BS1_824_17_00_42.jpg,264.44,375.75,39.62,36.5,0.7339,drone,17,14,28,26,25
image_BS1_8254_17_50_15.jpg,70.88,323.12,63.25,59.75,0.8506,drone,6,4,60,15,26
image_BS1_8260_17_50_16.jpg,61.12,352.5,64.0,59.5,0.8428,drone,4,6,60,15,26
image_BS1_8266_17_50_17.jpg,50.88,445.0,61.75,58.0,0.8696,drone,6,5,60,15,26
image_BS1_8274_17_50_24.jpg,452.62,516.88,57.75,46.25,0.7861,drone,29,39,26,15,25
image_BS1_8286_17_50_27.jpg,404.5,402.0,62.0,59.0,0.8677,drone,26,60,28,25,24
image_BS1_828_17_00_43.jpg,190.81,375.75,38.88,36.0,0.7676,drone,11,13,14,15,26
image_BS1_8293_17_50_28.jpg,282.0,376.62,58.0,55.25,0.7998,drone,17,16,60,28,26
image_BS1_8294_17_50_28.jpg,270.06,374.12,58.38,55.75,0.8442,drone,17,14,28,26,25
image_BS1_8298_17_50_29.jpg,235.06,366.75,59.88,56.5,0.8184,drone,14,28,26,25,24
image_BS1_8299_17_50_29.jpg,230.0,366.38,61.0,57.75,0.8628,drone,14,13,15,26,25
image_BS1_82_16_58_52.jpg,522.0,345.0,36.0,33.0,0.7656,drone,34,60,15,26,25
image_BS1_8300_17_50_29.jpg,226.25,364.75,60.5,57.5,0.8608,drone,13,14,15,26,25
image_BS1_8303_17_50_30.jpg,212.25,362.62,61.25,58.25,0.8662,drone,13,60,15,26,25
image_BS1_8304_17_50_30.jpg,210.94,362.12,59.88,56.75,0.853,drone,13,14,15,26,25
image_BS1_8306_17_50_31.jpg,209.31,362.25,60.38,57.0,0.8545,drone,13,60,15,26,25
image_BS1_8308_17_50_31.jpg,209.31,362.75,60.12,57.0,0.8452,drone,13,60,15,26,25
image_BS1_8309_17_50_31.jpg,209.25,361.62,60.5,57.25,0.8604,drone,13,60,15,26,25
image_BS1_830_17_00_43.jpg,152.44,377.38,34.62,31.75,0.7471,drone,11,7,60,15,26
image_BS1_8312_17_50_31.jpg,212.06,362.25,59.88,57.0,0.833,drone,13,60,15,26,25
image_BS1_8313_17_50_31.jpg,213.94,362.75,59.88,57.0,0.8564,drone,13,14,15,26,25
image_BS1_8314_17_50_32.jpg,215.5,363.12,59.0,56.25,0.8452,drone,13,14,15,26,25
image_BS1_8328_17_50_34.jpg,332.0,375.12,61.5,57.75,0.8462,drone,20,21,60,28,26
image_BS1_8332_17_50_34.jpg,365.88,379.62,60.75,57.75,0.7939,drone,22,23,60,28,26
image_BS1_8336_17_50_35.jpg,399.62,384.5,61.25,58.0,0.8682,drone,26,23,60,28,25
image_BS1_8337_17_50_35.jpg,406.0,385.62,62.0,58.75,0.8608,drone,26,60,28,25,24
image_BS1_8341_17_50_35.jpg,427.38,387.12,61.75,58.25,0.8325,drone,27,26,28,25,24
image_BS1_8345_17_50_36.jpg,443.0,388.75,61.5,58.0,0.8301,drone,29,27,28,3,16
image_BS1_8351_17_50_37.jpg,474.38,391.88,62.25,58.75,0.8403,drone,29,28,26,25,24
image_BS1_8354_17_50_37.jpg,489.0,393.0,63.0,59.0,0.8652,drone,31,32,60,15,25
image_BS1_8357_17_50_38.jpg,505.5,394.62,63.0,59.25,0.8662,drone,33,34,60,15,25
image_BS1_8359_17_50_38.jpg,521.88,396.38,62.25,58.75,0.8809,drone,34,60,15,26,25
image_BS1_8361_17_50_38.jpg,538.88,397.5,62.25,59.0,0.8687,drone,34,60,15,26,25
image_BS1_8363_17_50_38.jpg,557.5,398.75,61.0,57.5,0.8169,drone,37,60,15,26,25
image_BS1_8365_17_50_39.jpg,591.5,402.0,62.0,59.0,0.8682,drone,39,60,15,26,25
image_BS1_8367_17_50_39.jpg,618.5,404.5,60.0,57.0,0.8223,drone,39,40,60,15,25
image_BS1_8372_17_50_40.jpg,662.5,407.0,61.0,57.5,0.8608,drone,43,60,26,25,24
image_BS1_837_17_00_44.jpg,61.56,377.75,34.88,32.5,0.7192,drone,6,4,60,15,26
image_BS1_8384_17_50_41.jpg,679.5,403.0,62.0,58.5,0.8452,drone,44,14,26,25,24
image_BS1_8391_17_50_43.jpg,679.0,401.88,63.0,58.75,0.8613,drone,44,14,26,25,24
image_BS1_8397_17_50_43.jpg,676.5,402.5,62.0,59.0,0.8687,drone,44,14,26,25,24
image_BS1_8398_17_50_44.jpg,675.25,402.62,61.5,58.25,0.8467,drone,44,14,26,25,24
image_BS1_839_17_00_44.jpg,51.61,376.75,35.78,33.0,0.7378,drone,4,6,60,15,26
image_BS1_83_16_58_52.jpg,516.75,344.25,35.5,33.0,0.7744,drone,34,60,15,26,25
image_BS1_8402_17_50_44.jpg,673.5,403.0,63.0,59.5,0.8643,drone,44,43,25,24,23
image_BS1_8407_17_50_45.jpg,708.75,407.5,61.5,58.0,0.8608,drone,47,46,48,60,14
image_BS1_840_17_00_44.jpg,47.72,375.0,35.56,33.0,0.7363,drone,4,60,15,26,25
image_BS1_8412_17_50_46.jpg,750.25,413.38,60.5,57.25,0.8682,drone,49,48,60,14,25
image_BS1_8416_17_50_46.jpg,757.25,414.25,62.5,58.5,0.8599,drone,49,60,14,26,25
image_BS1_8425_17_50_47.jpg,757.0,413.5,62.0,58.5,0.8579,drone,49,60,14,26,25
image_BS1_8427_17_50_48.jpg,756.0,412.75,63.0,59.5,0.8784,drone,49,60,14,26,25
image_BS1_842_17_00_45.jpg,43.42,373.62,36.66,33.75,0.7251,drone,4,60,15,26,25
image_BS1_8430_17_50_48.jpg,754.75,412.5,61.5,58.0,0.8833,drone,49,60,14,26,25
image_BS1_8432_17_50_48.jpg,752.0,411.88,62.0,58.75,0.8872,drone,49,60,14,26,25
image_BS1_8434_17_50_49.jpg,748.25,411.25,62.5,58.5,0.8452,drone,49,48,60,14,25
image_BS1_8435_17_50_49.jpg,746.75,411.0,62.5,58.5,0.8672,drone,49,48,47,60,14
image_BS1_8436_17_50_49.jpg,745.25,411.62,62.5,58.75,0.8682,drone,48,49,47,60,14
image_BS1_8441_17_50_49.jpg,740.0,411.25,62.0,58.5,0.8706,drone,48,49,60,14,25
image_BS1_8443_17_50_50.jpg,738.5,410.75,62.0,58.5,0.8711,drone,48,49,60,14,25
image_BS1_8444_17_50_50.jpg,738.0,411.25,62.0,58.5,0.876,drone,48,49,60,14,25
image_BS1_8446_17_50_50.jpg,737.0,411.88,62.0,58.25,0.875,drone,48,49,47,60,14
image_BS1_844_17_00_45.jpg,43.59,371.62,36.06,33.25,0.7334,drone,4,60,15,26,25
image_BS1_8453_17_50_51.jpg,734.75,412.88,61.5,57.75,0.8599,drone,48,47,49,60,14
image_BS1_8455_17_50_52.jpg,735.25,412.0,60.5,57.0,0.8447,drone,48,47,60,14,25
image_BS1_845_17_00_45.jpg,44.69,371.12,35.81,33.25,0.7441,drone,4,60,15,26,25
image_BS1_8466_17_50_53.jpg,729.5,330.12,62.0,58.25,0.8701,drone,49,48,47,60,14
image_BS1_8473_17_50_54.jpg,724.25,283.38,61.5,58.75,0.8892,drone,47,48,60,14,25
image_BS1_8475_17_50_54.jpg,724.0,279.62,63.0,59.25,0.876,drone,47,48,46,60,14
image_BS1_8480_17_50_55.jpg,747.0,275.75,61.0,57.5,0.8584,drone,49,48,60,14,25
image_BS1_8483_17_50_55.jpg,759.5,275.81,62.0,58.38,0.8594,drone,49,48,60,14,25
image_BS1_8489_17_50_56.jpg,771.25,275.44,61.5,58.62,0.8633,drone,49,60,14,26,25
image_BS1_848_17_00_45.jpg,55.72,368.38,36.31,33.75,0.7476,drone,4,6,60,15,26
image_BS1_8498_17_50_58.jpg,787.25,277.62,63.5,59.75,0.8706,drone,51,52,49,60,14
image_BS1_8499_17_50_58.jpg,794.0,277.94,64.0,60.12,0.8652,drone,51,52,60,14,25
image_BS1_8503_17_50_58.jpg,837.25,283.88,62.5,59.25,0.8799,drone,54,55,51,60,14
image_BS1_8506_17_50_59.jpg,872.25,289.75,59.5,56.5,0.8125,drone,55,57,60,14,25
image_BS1_8509_17_50_59.jpg,893.75,294.5,59.5,56.0,0.7202,drone,59,57,55,58,60
image_BS1_8509_17_50_59.jpg,892.75,294.0,59.5,56.0,0.4514,drone,57,55,59,58,60
image_BS1_8512_17_51_00.jpg,904.0,297.38,61.0,57.25,0.8291,drone,59,58,14,26,25
image_BS1_8515_17_51_00.jpg,907.5,298.5,62.0,58.0,0.8384,drone,59,15,27,26,25
image_BS1_8527_17_51_02.jpg,931.25,306.62,57.5,57.75,0.8384,drone,59,60,3,16,27
image_BS1_8528_17_51_02.jpg,933.75,308.62,52.5,57.25,0.8198,drone,59,60,3,16,27
image_BS1_8530_17_51_12.jpg,932.5,320.88,55.0,54.25,0.7949,drone,59,60,3,16,27
image_BS1_8532_17_51_13.jpg,875.5,316.5,57.0,53.0,0.5859,drone,55,59,14,26,25
image_BS1_8537_17_51_13.jpg,695.5,301.25,59.0,55.5,0.8228,drone,46,45,44,47,60
image_BS1_853_17_00_46.jpg,89.53,363.62,36.06,33.25,0.75,drone,6,60,15,26,25
image_BS1_8540_17_51_48.jpg,18.66,335.88,37.31,52.75,0.7407,drone,2,3,4,15,26
image_BS1_8542_17_51_49.jpg,41.77,341.12,57.47,53.75,0.7856,drone,4,3,60,15,26
image_BS1_8543_17_51_49.jpg,58.91,343.75,57.94,55.0,0.8159,drone,4,60,15,26,25
image_BS1_8544_17_51_49.jpg,77.81,346.38,58.5,56.25,0.8198,drone,4,6,60,15,26
image_BS1_8547_17_51_50.jpg,253.12,369.88,59.75,56.25,0.7803,drone,14,16,28,26,25
image_BS1_854_17_00_46.jpg,99.22,363.0,35.81,33.0,0.7417,drone,6,7,60,15,26
image_BS1_8552_17_51_50.jpg,379.62,385.25,60.75,57.5,0.8511,drone,23,60,28,26,25
image_BS1_8553_17_51_52.jpg,626.75,410.25,60.5,57.5,0.8594,drone,39,42,40,60,27
image_BS1_8558_17_51_52.jpg,816.25,424.62,62.5,58.75,0.8633,drone,52,51,55,60,14
image_BS1_855_17_00_46.jpg,110.38,362.0,37.0,34.0,0.7476,drone,7,6,60,15,26
image_BS1_8560_17_51_53.jpg,882.75,429.62,61.5,58.25,0.8623,drone,55,60,14,26,25
image_BS1_8561_17_51_58.jpg,935.5,361.5,49.0,55.0,0.8086,drone,59,57,58,60,14
image_BS1_8565_17_51_58.jpg,783.75,339.75,59.5,56.5,0.8408,drone,51,49,60,14,25
image_BS1_8571_17_52_01.jpg,371.38,354.5,58.75,56.0,0.8271,drone,22,23,60,28,26
image_BS1_8581_17_52_02.jpg,346.12,378.88,60.25,57.25,0.8364,drone,21,22,60,28,26
image_BS1_8582_17_52_02.jpg,346.5,381.12,61.0,57.75,0.8608,drone,22,21,60,28,26
image_BS1_8583_17_52_02.jpg,346.12,382.25,61.25,57.5,0.8608,drone,22,21,60,28,26
image_BS1_8585_17_52_02.jpg,344.38,386.25,60.75,57.5,0.8403,drone,21,22,60,28,26
image_BS1_8590_17_52_03.jpg,342.88,393.88,58.25,55.75,0.8438,drone,21,20,60,28,26
image_BS1_8591_17_52_03.jpg,346.25,394.62,58.5,55.75,0.8179,drone,22,21,20,60,28
image_BS1_8595_17_52_04.jpg,387.38,405.38,58.75,56.25,0.8257,drone,23,60,28,26,25
image_BS1_85_16_58_53.jpg,507.75,342.88,35.5,32.75,0.7563,drone,34,33,32,60,27
image_BS1_8600_17_52_05.jpg,473.88,423.88,60.25,57.25,0.8638,drone,29,28,26,25,24
image_BS1_8606_17_52_06.jpg,492.62,426.75,60.75,57.5,0.8486,drone,33,32,31,30,60
image_BS1_8607_17_52_06.jpg,492.75,427.25,61.5,58.0,0.854,drone,33,32,31,30,60
image_BS1_8608_17_52_06.jpg,494.5,430.0,61.0,58.0,0.8682,drone,34,32,33,31,60
image_BS1_8611_17_52_06.jpg,493.75,456.62,60.5,57.25,0.8345,drone,31,33,29,15,25
image_BS1_8616_17_52_23.jpg,489.62,423.0,61.75,58.5,0.8696,drone,31,33,32,60,27
image_BS1_8623_17_52_24.jpg,495.0,354.5,48.0,45.5,0.7881,drone,32,33,60,15,25
image_BS1_862_17_00_48.jpg,332.0,359.5,38.0,35.0,0.7734,drone,20,21,60,28,26
image_BS1_8630_17_52_26.jpg,490.75,341.75,51.5,48.0,0.8062,drone,32,30,60,15,25
image_BS1_8633_17_52_26.jpg,489.75,341.62,56.5,52.75,0.6738,drone,32,31,60,15,25
image_BS1_8637_17_52_27.jpg,488.0,341.5,59.0,56.0,0.6807,drone,31,32,60,15,25
image_BS1_8638_17_52_27.jpg,488.12,342.12,60.75,57.25,0.7788,drone,31,32,60,15,25
image_BS1_863_17_00_48.jpg,346.12,361.12,38.25,35.25,0.7832,drone,21,22,60,28,26
image_BS1_8648_17_52_29.jpg,491.38,387.25,49.25,45.5,0.7402,drone,32,31,60,15,25
image_BS1_8649_17_52_29.jpg,491.62,388.62,47.75,44.25,0.709,drone,32,31,60,15,25
image_BS1_8653_17_52_29.jpg,494.38,392.75,45.25,43.0,0.7788,drone,32,33,29,31,27
image_BS1_8655_17_52_29.jpg,492.5,396.0,62.0,58.5,0.6118,drone,32,60,15,26,25
image_BS1_8670_17_52_32.jpg,495.0,402.25,62.0,58.5,0.8721,drone,32,60,15,26,25
image_BS1_8671_17_52_32.jpg,495.25,402.12,61.5,58.25,0.874,drone,32,60,15,26,25
image_BS1_8678_17_52_33.jpg,495.38,404.5,61.25,58.5,0.8657,drone,32,31,60,15,25
image_BS1_867_17_00_49.jpg,411.5,373.12,37.5,34.75,0.7549,drone,26,25,60,28,24
image_BS1_8680_17_52_33.jpg,494.5,411.75,60.0,57.0,0.8608,drone,32,33,29,15,25
image_BS1_8685_17_52_34.jpg,495.12,421.62,60.75,57.25,0.8789,drone,32,31,60,15,25
image_BS1_8687_17_52_34.jpg,495.5,423.75,60.0,57.0,0.8779,drone,32,31,60,15,25
image_BS1_8689_17_52_35.jpg,495.38,425.62,59.25,56.25,0.8638,drone,32,31,60,15,25
image_BS1_8692_17_52_35.jpg,495.5,427.62,60.0,57.25,0.8818,drone,32,33,31,60,27
image_BS1_8693_17_52_35.jpg,496.12,427.25,59.75,56.5,0.8765,drone,32,33,60,15,25
image_BS1_8695_17_52_35.jpg,496.25,427.12,59.5,56.75,0.8696,drone,32,33,60,15,25
image_BS1_8696_17_52_36.jpg,496.25,428.38,59.5,56.75,0.7964,drone,32,33,60,15,25
image_BS1_8698_17_52_36.jpg,496.62,428.0,58.75,56.0,0.7896,drone,32,33,60,15,25
image_BS1_8699_17_52_36.jpg,497.5,428.25,60.0,57.0,0.7109,drone,32,60,15,26,25
image_BS1_869_17_00_49.jpg,438.62,382.25,35.75,33.5,0.771,drone,27,28,26,25,24
image_BS1_8702_17_52_37.jpg,498.0,427.88,60.0,57.25,0.8848,drone,32,60,15,26,25
image_BS1_8704_17_52_37.jpg,498.38,427.25,59.25,56.5,0.8633,drone,32,60,15,26,25
image_BS1_8707_17_52_37.jpg,497.88,427.5,59.25,56.5,0.8638,drone,32,60,15,26,25
image_BS1_8715_17_52_38.jpg,497.25,425.5,59.5,56.5,0.8657,drone,32,60,15,26,25
image_BS1_8719_17_52_39.jpg,497.5,422.12,59.0,55.75,0.855,drone,32,31,33,60,27
image_BS1_8720_17_52_39.jpg,497.88,419.25,59.25,56.0,0.8608,drone,32,34,31,60,27
image_BS1_8721_17_52_39.jpg,498.62,414.75,59.75,56.5,0.8677,drone,32,33,60,15,25
image_BS1_8722_17_52_39.jpg,498.62,409.62,58.75,55.25,0.8276,drone,33,32,31,60,27
image_BS1_8724_17_52_40.jpg,500.5,393.0,59.0,55.0,0.834,drone,32,33,60,15,25
image_BS1_8726_17_52_40.jpg,504.25,366.62,53.5,49.75,0.749,drone,33,34,60,15,25
image_BS1_8729_17_52_40.jpg,511.25,311.88,49.5,46.25,0.813,drone,34,33,60,15,25
image_BS1_8730_17_52_41.jpg,512.88,289.5,51.25,48.0,0.8154,drone,34,33,60,15,25
image_BS1_8731_17_52_41.jpg,516.38,265.75,52.25,49.5,0.8164,drone,33,34,60,15,25
image_BS1_8732_17_52_41.jpg,518.75,234.38,54.5,51.25,0.8164,drone,34,32,60,15,25
image_BS1_8735_17_52_41.jpg,527.25,156.5,56.5,52.75,0.8237,drone,34,37,60,15,25
image_BS1_8739_17_52_44.jpg,515.75,105.81,58.5,54.62,0.813,drone,33,37,34,38,60
image_BS1_873_17_00_50.jpg,477.0,404.75,37.5,35.0,0.7373,drone,29,30,15,26,25
image_BS1_8740_17_52_44.jpg,513.88,125.62,57.25,54.5,0.792,drone,37,34,33,60,27
image_BS1_8741_17_52_44.jpg,511.25,145.72,59.5,56.56,0.8276,drone,34,37,32,60,27
image_BS1_8742_17_52_44.jpg,509.0,158.19,61.0,57.62,0.833,drone,34,32,33,60,27
image_BS1_8744_17_52_44.jpg,506.38,186.69,59.25,56.12,0.8193,drone,32,33,34,60,27
image_BS1_8749_17_52_45.jpg,501.62,226.19,60.75,57.62,0.8574,drone,32,33,34,60,27
image_BS1_8752_17_52_45.jpg,502.0,244.56,62.0,58.38,0.8667,drone,32,60,15,26,25
image_BS1_8753_17_52_46.jpg,502.12,252.25,61.75,58.5,0.6938,drone,32,33,60,15,25
image_BS1_8757_17_52_46.jpg,501.5,269.06,61.0,57.88,0.8872,drone,33,34,60,15,25
image_BS1_8760_17_52_47.jpg,502.62,279.94,60.75,57.62,0.8672,drone,33,34,60,15,25
image_BS1_8766_17_52_47.jpg,499.5,337.88,59.0,55.75,0.6831,drone,32,33,60,15,25
image_BS1_8766_17_52_47.jpg,500.5,338.12,57.0,53.25,0.4377,drone,32,33,34,60,27
image_BS1_8767_17_52_48.jpg,499.0,355.75,56.0,52.5,0.7217,drone,33,32,60,15,25
image_BS1_8768_17_52_48.jpg,498.62,363.38,55.75,51.75,0.7598,drone,32,33,60,15,25
image_BS1_8772_17_52_48.jpg,499.0,374.75,60.0,57.0,0.7524,drone,32,33,60,15,25
image_BS1_8775_17_52_49.jpg,499.5,376.75,61.0,57.5,0.8457,drone,32,33,60,15,25
image_BS1_8781_17_52_50.jpg,502.25,378.88,60.5,57.25,0.8276,drone,32,33,60,15,25
image_BS1_8787_17_52_50.jpg,502.62,377.88,60.75,57.75,0.8467,drone,33,32,60,15,25
image_BS1_8799_17_52_52.jpg,500.62,374.75,60.75,57.5,0.8179,drone,32,33,60,15,25
image_BS1_8802_17_52_53.jpg,501.25,376.25,60.5,57.5,0.7979,drone,32,60,15,26,25
image_BS1_8811_17_52_54.jpg,501.25,388.5,62.5,58.5,0.8511,drone,32,33,60,15,25
image_BS1_8814_17_52_54.jpg,501.5,392.75,61.0,57.5,0.855,drone,32,33,60,15,25
image_BS1_8821_17_52_55.jpg,502.62,393.0,60.75,57.5,0.8472,drone,33,32,60,15,25
image_BS1_8829_17_52_56.jpg,528.12,390.75,60.75,57.5,0.8652,drone,34,60,15,26,25
image_BS1_882_17_00_51.jpg,498.38,423.62,37.25,34.25,0.7227,drone,33,32,31,60,27
image_BS1_8830_17_52_57.jpg,536.0,391.0,60.0,56.5,0.8438,drone,34,60,15,26,25
image_BS1_8832_17_52_57.jpg,547.75,390.25,59.5,56.0,0.8311,drone,34,37,60,15,25
image_BS1_8833_17_52_57.jpg,554.75,390.12,59.5,55.75,0.7769,drone,37,60,15,26,25
image_BS1_8835_17_52_57.jpg,579.0,390.62,60.0,56.25,0.792,drone,38,39,60,15,25
image_BS1_8839_17_52_58.jpg,620.75,391.12,60.5,56.25,0.7676,drone,39,60,15,26,25
image_BS1_883_17_00_51.jpg,494.12,420.88,36.75,34.25,0.7319,drone,31,32,34,60,27
image_BS1_8846_17_52_59.jpg,692.0,393.0,61.0,58.0,0.8667,drone,45,44,13,25,24
image_BS1_884_17_00_51.jpg,490.25,417.38,37.5,34.75,0.7363,drone,31,32,33,29,27
image_BS1_8851_17_53_00.jpg,741.0,395.12,61.0,57.25,0.854,drone,49,48,47,60,14
image_BS1_8852_17_53_00.jpg,756.5,396.0,61.0,58.0,0.5029,drone,49,60,14,26,25
image_BS1_8852_17_53_00.jpg,756.75,396.0,61.5,58.0,0.4392,drone,49,60,14,26,25
image_BS1_8853_17_53_00.jpg,768.0,396.5,62.0,59.0,0.855,drone,49,51,60,14,25
image_BS1_8858_17_53_01.jpg,830.0,399.88,62.0,58.25,0.8579,drone,54,52,60,14,25
image_BS1_8860_17_53_01.jpg,852.75,400.75,61.5,58.0,0.8486,drone,55,54,60,14,25
image_BS1_8861_17_53_01.jpg,863.0,401.5,61.0,58.0,0.8618,drone,55,60,14,26,25
image_BS1_8872_17_53_03.jpg,816.0,377.88,59.0,55.75,0.8486,drone,54,52,60,14,25
image_BS1_8873_17_53_03.jpg,791.25,373.62,58.5,55.25,0.7676,drone,51,52,60,14,25
image_BS1_8877_17_53_04.jpg,688.0,356.62,56.0,53.25,0.6113,drone,44,45,13,25,24
image_BS1_8877_17_53_04.jpg,687.5,356.5,58.0,55.5,0.4412,drone,44,45,13,25,24
image_BS1_8883_17_53_05.jpg,384.62,320.0,56.25,53.5,0.6953,drone,23,22,60,28,26
image_BS1_8883_17_53_05.jpg,384.5,320.25,58.5,56.0,0.5767,drone,23,22,60,28,26
image_BS1_8884_17_53_05.jpg,359.12,317.75,58.25,55.5,0.7354,drone,22,60,28,26,25
image_BS1_8884_17_53_05.jpg,359.25,317.5,57.0,54.0,0.4932,drone,22,60,28,26,25
image_BS1_8885_17_53_05.jpg,334.5,315.62,56.0,52.75,0.8311,drone,20,21,60,28,26
image_BS1_8886_17_53_06.jpg,311.62,313.88,55.75,53.25,0.7285,drone,20,17,19,60,28
image_BS1_8886_17_53_06.jpg,310.88,313.38,57.25,55.25,0.6743,drone,20,17,19,60,28
image_BS1_888_17_00_52.jpg,469.62,402.12,37.25,34.75,0.7559,drone,29,28,26,25,24
image_BS1_8891_17_53_06.jpg,233.0,306.25,57.0,54.5,0.7231,drone,13,14,16,15,26
image_BS1_8896_17_53_07.jpg,205.12,304.12,58.0,54.75,0.4941,drone,11,12,60,15,26
image_BS1_8898_17_53_07.jpg,202.94,304.5,59.62,56.5,0.8315,drone,11,12,60,15,26
image_BS1_8900_17_53_07.jpg,206.38,306.25,59.0,56.5,0.7754,drone,11,12,60,15,26
image_BS1_8902_17_53_08.jpg,214.19,307.5,58.88,56.0,0.8071,drone,11,12,14,15,26
image_BS1_8904_17_53_08.jpg,229.0,309.88,58.5,55.75,0.8315,drone,13,14,16,11,15
image_BS1_8905_17_53_08.jpg,234.62,310.62,59.75,56.75,0.8345,drone,14,16,13,15,26
image_BS1_8908_17_53_09.jpg,278.12,316.88,57.25,54.25,0.7793,drone,17,60,28,26,25
image_BS1_8908_17_53_09.jpg,278.06,317.12,58.38,55.75,0.447,drone,17,60,28,26,25
image_BS1_890_17_00_54.jpg,400.0,333.38,36.5,34.25,0.791,drone,26,23,60,28,25
image_BS1_8912_17_53_09.jpg,327.38,323.5,60.25,57.0,0.8096,drone,20,17,60,28,26
image_BS1_8914_17_53_10.jpg,346.5,327.0,60.5,57.0,0.8047,drone,21,60,28,26,25
image_BS1_8915_17_53_10.jpg,355.62,328.12,60.75,57.25,0.8535,drone,22,60,28,26,25
image_BS1_8919_17_53_10.jpg,385.0,342.38,60.0,57.25,0.8613,drone,23,22,60,28,26
image_BS1_8920_17_53_10.jpg,392.5,349.88,60.0,57.25,0.8052,drone,23,22,60,28,26
image_BS1_8926_17_53_11.jpg,441.25,392.75,58.5,55.5,0.8096,drone,28,29,27,4,16
image_BS1_8928_17_53_11.jpg,464.62,404.0,59.75,56.5,0.8643,drone,29,28,26,25,24
image_BS1_8929_17_53_12.jpg,478.88,409.75,59.75,56.5,0.8716,drone,29,30,15,26,25
image_BS1_8930_17_53_12.jpg,495.12,414.38,59.75,56.75,0.8657,drone,32,33,31,60,27
image_BS1_8934_17_53_12.jpg,565.25,419.5,57.5,54.5,0.6772,drone,37,60,15,26,25
image_BS1_8937_17_53_13.jpg,610.75,408.5,56.5,54.0,0.7271,drone,39,60,15,26,25
image_BS1_8937_17_53_13.jpg,611.5,408.88,54.0,51.25,0.4609,drone,39,60,15,26,25
image_BS1_893_17_00_54.jpg,393.38,336.75,37.75,34.5,0.7891,drone,23,26,60,28,25
image_BS1_8941_17_53_13.jpg,638.5,372.38,58.0,55.75,0.7529,drone,42,60,15,26,25
image_BS1_8941_17_53_13.jpg,639.75,373.38,57.5,54.25,0.4543,drone,42,60,15,26,25
image_BS1_8943_17_53_14.jpg,631.5,352.62,58.0,55.25,0.6191,drone,42,40,60,15,25
image_BS1_8943_17_53_14.jpg,632.5,352.88,56.0,52.75,0.6001,drone,42,60,15,26,25
image_BS1_8948_17_53_14.jpg,582.5,319.38,60.0,56.75,0.8101,drone,38,39,60,15,25
image_BS1_894_17_00_54.jpg,391.5,340.12,37.0,34.25,0.7886,drone,23,60,28,26,25
image_BS1_8953_17_53_15.jpg,537.88,294.25,62.25,58.5,0.8696,drone,34,60,15,26,25
image_BS1_8956_17_53_16.jpg,537.12,291.75,61.75,58.5,0.8706,drone,34,60,15,26,25
image_BS1_8958_17_53_16.jpg,539.12,290.75,60.75,57.5,0.8584,drone,34,60,15,26,25
image_BS1_8963_17_53_17.jpg,540.75,290.5,61.5,58.0,0.7529,drone,34,60,15,26,25
image_BS1_8964_17_53_17.jpg,539.5,290.12,62.0,58.25,0.875,drone,34,60,15,26,25
image_BS1_8967_17_53_17.jpg,532.88,289.25,60.25,57.0,0.8638,drone,34,60,15,26,25
image_BS1_896_17_00_54.jpg,388.25,351.12,36.0,33.25,0.791,drone,23,22,60,28,26
image_BS1_8973_17_53_19.jpg,449.62,279.69,60.25,57.62,0.856,drone,29,28,26,25,24
image_BS1_8975_17_53_19.jpg,438.38,279.5,59.75,57.0,0.8403,drone,27,29,3,4,26
image_BS1_8976_17_53_19.jpg,434.25,279.06,60.0,57.38,0.8394,drone,27,29,3,4,26
image_BS1_8977_17_53_19.jpg,428.62,278.62,60.75,57.25,0.8384,drone,27,29,26,3,4
image_BS1_8978_17_53_19.jpg,423.75,278.19,60.0,56.62,0.8389,drone,26,27,28,25,24
image_BS1_897_17_00_55.jpg,387.25,357.62,37.5,34.75,0.7593,drone,23,60,28,26,25
image_BS1_8981_17_53_20.jpg,409.25,278.0,60.0,56.5,0.8213,drone,26,23,60,28,25
image_BS1_8987_17_53_21.jpg,379.5,277.62,59.0,55.75,0.6929,drone,23,22,60,28,26
image_BS1_8987_17_53_21.jpg,378.62,277.38,60.25,56.75,0.6313,drone,23,22,60,28,26
image_BS1_8992_17_53_22.jpg,323.88,279.19,60.25,57.12,0.8511,drone,20,19,17,60,28
image_BS1_8995_17_53_22.jpg,290.5,292.62,60.0,56.75,0.8301,drone,17,16,60,28,26
image_BS1_8999_17_53_23.jpg,243.06,349.0,57.88,54.0,0.7192,drone,14,13,15,26,25
image_BS1_89_16_58_53.jpg,499.0,341.38,35.0,32.25,0.7529,drone,32,34,60,15,25
image_BS1_9000_17_53_23.jpg,234.06,362.88,58.38,55.25,0.7935,drone,14,28,26,25,24
image_BS1_9001_17_53_23.jpg,225.06,378.5,59.38,56.5,0.8428,drone,14,28,26,25,24
image_BS1_9003_17_53_24.jpg,217.94,394.12,59.88,56.75,0.8398,drone,14,13,15,26,25
image_BS1_9004_17_53_24.jpg,216.38,398.62,59.25,56.25,0.8149,drone,13,14,11,15,26
image_BS1_9011_17_53_25.jpg,231.5,428.5,59.0,56.0,0.8477,drone,14,17,28,26,25
image_BS1_9013_17_53_25.jpg,244.25,434.62,59.0,56.25,0.8291,drone,17,14,28,26,25
image_BS1_9014_17_53_25.jpg,250.56,437.75,59.88,56.5,0.8359,drone,17,16,60,28,26
image_BS1_9019_17_53_35.jpg,854.0,361.75,60.0,57.0,0.8267,drone,55,54,60,14,25
image_BS1_901_17_00_55.jpg,386.12,391.12,36.75,34.25,0.7583,drone,23,26,60,28,25
image_BS1_9021_17_53_35.jpg,793.75,358.5,61.5,57.5,0.8159,drone,51,52,60,14,25
image_BS1_9024_17_53_35.jpg,707.0,360.62,62.0,58.25,0.8525,drone,46,47,60,14,25
image_BS1_9026_17_53_36.jpg,674.25,362.25,61.5,58.0,0.8691,drone,45,44,43,13,25
image_BS1_9030_17_53_36.jpg,643.0,360.25,61.0,57.5,0.8354,drone,42,43,60,25,24
image_BS1_9032_17_53_37.jpg,637.25,360.12,60.5,57.25,0.5801,drone,42,60,15,26,25
image_BS1_9033_17_53_37.jpg,635.25,360.38,60.5,57.25,0.8076,drone,42,60,15,26,25
image_BS1_9035_17_53_37.jpg,630.0,361.62,60.0,56.75,0.7783,drone,40,42,60,15,25
image_BS1_9039_17_53_37.jpg,620.75,365.0,60.5,57.0,0.5449,drone,39,40,60,15,25
image_BS1_903_17_00_56.jpg,386.25,399.75,37.0,34.0,0.7578,drone,23,22,60,28,26
image_BS1_9042_17_53_38.jpg,615.25,366.62,60.5,57.25,0.8247,drone,39,60,15,26,25
image_BS1_9046_17_53_38.jpg,607.75,368.38,59.5,56.75,0.6348,drone,39,60,15,26,25
image_BS1_904_17_00_56.jpg,386.25,408.88,37.5,34.75,0.7549,drone,23,60,28,26,25
image_BS1_9051_17_53_39.jpg,590.5,369.12,48.0,45.25,0.8018,drone,39,60,15,26,25
image_BS1_9056_17_53_40.jpg,563.5,370.88,56.0,52.25,0.7104,drone,37,60,15,26,25
image_BS1_9058_17_53_40.jpg,550.75,371.38,60.5,57.25,0.8281,drone,37,34,60,15,25
image_BS1_9059_17_53_40.jpg,544.0,371.62,61.0,57.75,0.8438,drone,34,37,60,15,25
image_BS1_905_17_00_56.jpg,386.0,411.25,37.0,34.5,0.7583,drone,23,60,28,26,25
image_BS1_9063_17_53_41.jpg,507.0,369.88,61.0,57.25,0.6182,drone,33,34,60,15,25
image_BS1_9063_17_53_41.jpg,507.75,369.88,56.5,53.25,0.5449,drone,33,34,60,15,25
image_BS1_9065_17_53_41.jpg,487.75,369.75,61.5,58.5,0.8169,drone,32,60,15,26,25
image_BS1_9069_17_53_42.jpg,459.0,371.0,61.0,58.0,0.772,drone,29,28,26,25,24
image_BS1_9071_17_53_42.jpg,449.0,371.88,60.5,57.75,0.7896,drone,29,28,26,25,24
image_BS1_9077_17_53_43.jpg,435.75,373.75,61.5,58.5,0.7915,drone,27,28,26,25,24
image_BS1_907_17_00_56.jpg,385.75,413.5,37.0,34.0,0.7549,drone,23,22,60,28,26
image_BS1_9083_17_53_44.jpg,446.38,360.38,50.25,47.25,0.7925,drone,28,29,27,4,16
image_BS1_9084_17_53_44.jpg,448.0,356.88,50.0,47.25,0.7993,drone,29,28,26,25,24
image_BS1_9086_17_53_44.jpg,452.25,350.75,47.5,44.5,0.7852,drone,29,28,26,25,24
image_BS1_9087_17_53_44.jpg,453.25,349.88,48.5,45.75,0.7939,drone,29,28,26,25,24
image_BS1_9094_17_53_45.jpg,459.75,350.75,45.5,42.5,0.7739,drone,29,28,26,25,24
image_BS1_9098_17_53_46.jpg,478.38,354.25,46.75,44.5,0.7656,drone,29,28,26,25,24
image_BS1_90_16_58_53.jpg,498.0,341.25,36.0,33.0,0.7642,drone,32,60,15,26,25
image_BS1_9104_17_53_47.jpg,581.25,364.88,45.5,42.75,0.7432,drone,39,38,60,15,25
image_BS1_9105_17_53_47.jpg,596.25,366.0,47.5,44.0,0.7402,drone,39,60,15,26,25
image_BS1_9111_17_53_48.jpg,633.5,358.5,50.0,47.0,0.7759,drone,42,60,15,26,25
image_BS1_9112_17_53_48.jpg,627.75,353.25,49.5,46.5,0.7686,drone,42,40,60,15,25
image_BS1_9113_17_53_48.jpg,616.75,344.62,50.5,47.25,0.8057,drone,39,60,15,26,25
image_BS1_9114_17_53_48.jpg,607.75,338.12,52.5,48.75,0.7832,drone,39,60,15,26,25
image_BS1_9115_17_53_48.jpg,601.25,333.5,54.5,50.5,0.8032,drone,39,60,15,26,25
image_BS1_9117_17_53_49.jpg,592.25,326.62,50.5,47.25,0.7847,drone,39,60,15,26,25
image_BS1_911_17_00_57.jpg,384.5,410.75,37.0,34.5,0.7583,drone,23,60,28,26,25
image_BS1_9123_17_53_50.jpg,583.0,341.25,56.0,52.0,0.7798,drone,39,38,60,15,25
image_BS1_9124_17_53_50.jpg,584.0,343.88,53.0,49.75,0.7949,drone,38,39,60,15,25
image_BS1_9126_17_53_50.jpg,584.25,347.5,55.5,52.5,0.5859,drone,38,39,60,15,25
image_BS1_9131_17_53_51.jpg,593.25,357.0,61.5,58.0,0.7964,drone,39,60,15,26,25
image_BS1_9138_17_53_52.jpg,606.5,389.75,62.0,59.5,0.7993,drone,39,60,15,26,25
image_BS1_9140_17_53_52.jpg,594.75,398.88,64.5,61.25,0.8496,drone,39,60,15,26,25
image_BS1_9143_17_53_53.jpg,556.0,407.38,69.0,65.25,0.8433,drone,37,60,15,26,25
image_BS1_9147_17_53_53.jpg,467.25,418.12,69.0,65.75,0.8652,drone,29,28,26,25,24
image_BS1_9155_17_53_55.jpg,514.88,441.75,70.25,66.0,0.8149,drone,33,34,60,15,25
image_BS1_9156_17_53_55.jpg,521.5,443.88,70.0,65.25,0.8501,drone,33,34,60,15,25
image_BS1_9157_17_53_55.jpg,527.25,445.75,69.5,65.5,0.8379,drone,34,33,60,15,25
image_BS1_9158_17_53_55.jpg,530.0,447.25,69.0,65.0,0.8076,drone,34,60,15,26,25
image_BS1_9159_17_53_55.jpg,532.5,447.25,69.0,64.5,0.8198,drone,34,60,15,26,25
image_BS1_9164_17_53_56.jpg,542.38,395.38,70.25,65.75,0.8647,drone,34,60,15,26,25
image_BS1_9167_17_53_57.jpg,536.12,373.75,69.75,66.0,0.854,drone,34,60,15,26,25
image_BS1_9172_17_53_57.jpg,478.62,341.75,67.75,64.0,0.8223,drone,29,31,15,26,25
image_BS1_9174_17_53_58.jpg,476.5,338.25,68.0,63.5,0.7695,drone,29,28,26,25,24
image_BS1_9176_17_53_58.jpg,484.88,335.38,69.25,65.25,0.7964,drone,32,31,60,15,25
image_BS1_9180_17_53_59.jpg,519.12,331.75,67.75,63.5,0.8218,drone,34,33,60,15,25
image_BS1_9181_17_53_59.jpg,519.12,330.12,70.75,66.25,0.7573,drone,34,33,60,15,25
image_BS1_9186_17_53_59.jpg,495.75,324.0,71.5,67.5,0.8511,drone,34,33,32,60,27
image_BS1_918_17_00_58.jpg,396.5,390.38,38.5,35.75,0.7598,drone,26,23,60,28,25
image_BS1_9194_17_54_01.jpg,487.25,324.0,71.5,67.0,0.8325,drone,32,31,60,15,25
image_BS1_9197_17_54_01.jpg,487.75,336.5,70.5,66.0,0.8369,drone,32,29,15,26,25
image_BS1_9200_17_54_01.jpg,490.25,353.38,70.5,66.25,0.8418,drone,31,32,60,15,25
image_BS1_9203_17_54_02.jpg,492.75,365.62,70.5,66.25,0.8589,drone,32,31,60,15,25
image_BS1_9206_17_54_02.jpg,497.0,372.12,71.0,67.25,0.8643,drone,32,33,60,15,25
image_BS1_9208_17_54_03.jpg,499.62,375.38,70.75,66.25,0.8438,drone,32,33,60,15,25
image_BS1_920_17_00_58.jpg,402.38,386.62,37.75,34.75,0.7612,drone,26,60,28,25,24
image_BS1_9210_17_54_03.jpg,501.75,377.5,71.5,67.0,0.874,drone,32,33,60,15,25
image_BS1_9211_17_54_03.jpg,502.25,378.88,72.5,67.75,0.8628,drone,32,33,60,15,25
image_BS1_9213_17_54_03.jpg,505.75,382.38,70.5,65.75,0.8467,drone,33,32,34,60,27
image_BS1_9217_17_54_04.jpg,506.75,384.0,71.5,67.0,0.8481,drone,33,34,60,15,25
image_BS1_9225_17_54_05.jpg,507.75,385.62,70.5,66.25,0.8491,drone,33,60,15,26,25
image_BS1_9228_17_54_05.jpg,508.88,386.62,70.25,65.75,0.854,drone,33,60,15,26,25
image_BS1_922_17_00_58.jpg,408.5,383.62,37.5,34.75,0.7812,drone,26,60,28,25,24
image_BS1_9231_17_54_06.jpg,510.0,386.12,72.0,67.25,0.8765,drone,33,34,60,15,25
image_BS1_9238_17_54_07.jpg,508.38,384.75,72.25,67.5,0.8564,drone,34,33,60,15,25
image_BS1_9239_17_54_07.jpg,507.25,385.38,71.5,66.75,0.8521,drone,33,34,60,15,25
image_BS1_9241_17_54_07.jpg,500.5,385.38,70.0,65.75,0.8467,drone,32,33,60,15,25
image_BS1_9246_17_54_08.jpg,460.5,380.12,71.0,66.25,0.8594,drone,29,28,26,25,24
image_BS1_9247_17_54_08.jpg,449.88,378.0,71.75,67.5,0.8174,drone,27,29,3,4,26
image_BS1_9267_17_54_11.jpg,496.12,339.88,61.75,58.75,0.8311,drone,32,60,15,26,25
image_BS1_926_17_00_59.jpg,417.5,378.12,38.0,35.25,0.7705,drone,26,27,28,25,24
image_BS1_9270_17_54_12.jpg,496.75,337.25,56.5,53.5,0.4893,drone,32,60,15,26,25
image_BS1_9271_17_54_12.jpg,495.25,336.88,59.5,56.25,0.748,drone,32,60,15,26,25
image_BS1_9273_17_54_12.jpg,496.12,334.25,53.75,50.5,0.7949,drone,32,60,15,26,25
image_BS1_9277_17_54_13.jpg,495.25,330.12,53.5,50.75,0.7905,drone,32,34,33,60,27
image_BS1_9281_17_54_13.jpg,495.75,325.75,53.5,50.5,0.7446,drone,34,32,33,60,27
image_BS1_9283_17_54_14.jpg,497.12,324.5,46.75,44.0,0.7612,drone,34,32,60,15,25
image_BS1_9287_17_54_14.jpg,496.88,320.88,49.25,45.75,0.7832,drone,32,33,34,60,27
image_BS1_9288_17_54_14.jpg,496.75,320.12,50.5,47.25,0.7939,drone,32,34,60,15,25
image_BS1_9293_17_54_15.jpg,496.25,313.75,54.5,51.5,0.7754,drone,32,34,33,60,27
image_BS1_9293_17_54_15.jpg,496.88,313.38,50.25,46.75,0.4341,drone,32,34,60,15,25
image_BS1_9296_17_54_15.jpg,496.75,310.0,53.5,50.5,0.6929,drone,32,33,34,60,27
image_BS1_9299_17_54_16.jpg,496.12,306.88,53.75,50.75,0.8242,drone,33,34,32,60,27
image_BS1_9300_17_54_16.jpg,496.0,305.75,53.0,50.0,0.7383,drone,32,34,33,60,27
image_BS1_9307_17_54_17.jpg,494.5,300.88,53.0,50.75,0.8496,drone,32,60,15,26,25
image_BS1_9308_17_54_17.jpg,494.5,300.5,53.0,50.5,0.8545,drone,32,60,15,26,25
image_BS1_9319_17_54_19.jpg,494.0,296.12,54.0,50.75,0.8486,drone,32,60,15,26,25
image_BS1_9325_17_54_20.jpg,494.12,295.12,53.75,50.75,0.8496,drone,32,60,15,26,25
image_BS1_9333_17_54_21.jpg,492.75,296.0,54.5,51.5,0.8667,drone,32,60,15,26,25
image_BS1_9334_17_54_21.jpg,492.12,295.88,54.75,52.25,0.7603,drone,32,60,15,26,25
image_BS1_9335_17_54_21.jpg,492.0,296.5,55.0,52.0,0.7788,drone,32,60,15,26,25
image_BS1_9336_17_54_21.jpg,491.75,296.25,54.5,52.0,0.7466,drone,32,60,15,26,25
image_BS1_9337_17_54_21.jpg,491.62,296.38,54.75,52.25,0.7856,drone,32,60,15,26,25
image_BS1_9339_17_54_22.jpg,491.62,295.88,54.75,52.25,0.7437,drone,32,60,15,26,25
image_BS1_9341_17_54_22.jpg,489.75,301.75,55.5,52.5,0.7734,drone,32,60,15,26,25
image_BS1_9343_17_54_23.jpg,490.25,307.12,54.5,52.25,0.6294,drone,33,32,31,60,27
image_BS1_9345_17_54_23.jpg,489.5,314.0,55.0,52.5,0.7651,drone,33,31,32,30,60
image_BS1_9353_17_54_24.jpg,488.0,319.25,54.0,51.5,0.7124,drone,32,33,60,15,25
image_BS1_935_17_01_00.jpg,428.88,367.38,36.25,33.75,0.7769,drone,27,26,28,25,24
image_BS1_9360_17_54_25.jpg,486.0,332.0,53.0,50.5,0.6899,drone,32,31,30,60,27
image_BS1_9361_17_54_25.jpg,486.62,333.0,51.75,49.0,0.54,drone,32,30,60,15,25
image_BS1_9362_17_54_25.jpg,486.88,332.88,52.25,49.25,0.6201,drone,32,30,60,15,25
image_BS1_9365_17_54_26.jpg,486.62,332.62,51.75,49.25,0.5352,drone,32,30,60,15,25
image_BS1_9369_17_54_26.jpg,495.38,329.38,21.25,23.25,0.6592,drone,32,33,34,60,27
image_BS1_9370_17_54_26.jpg,495.62,329.12,20.75,22.75,0.583,drone,32,33,34,60,27
image_BS1_9371_17_54_27.jpg,489.25,330.88,51.5,48.75,0.5181,drone,32,60,15,26,25
image_BS1_9372_17_54_27.jpg,489.12,330.0,52.75,49.5,0.6411,drone,33,32,60,15,25
image_BS1_9375_17_54_27.jpg,496.0,329.0,21.0,23.0,0.4167,drone,32,33,34,60,27
image_BS1_9378_17_54_28.jpg,489.5,330.62,52.0,49.25,0.6284,drone,32,60,15,26,25
image_BS1_9380_17_54_28.jpg,489.38,329.88,52.25,49.25,0.6138,drone,33,32,60,15,25
image_BS1_9384_17_54_29.jpg,497.88,327.5,18.75,21.0,0.5537,drone,32,33,60,15,25
image_BS1_9387_17_54_29.jpg,490.12,329.25,52.75,49.5,0.6274,drone,32,60,15,26,25
image_BS1_9389_17_54_29.jpg,489.62,330.12,52.75,50.25,0.6899,drone,32,33,60,15,25
image_BS1_9390_17_54_30.jpg,498.12,327.38,18.75,21.25,0.5908,drone,32,33,60,15,25
image_BS1_9391_17_54_30.jpg,490.0,329.25,52.0,48.5,0.498,drone,32,60,15,26,25
image_BS1_9393_17_54_30.jpg,490.0,329.75,52.0,49.0,0.5532,drone,32,33,60,15,25
image_BS1_9396_17_54_30.jpg,489.88,329.88,53.25,50.25,0.6948,drone,32,33,60,15,25
image_BS1_9397_17_54_30.jpg,490.38,329.62,53.25,50.25,0.689,drone,32,33,60,15,25
image_BS1_939_17_01_01.jpg,454.5,362.12,37.0,34.25,0.7788,drone,29,28,26,25,24
image_BS1_93_16_58_54.jpg,495.88,341.0,35.25,33.0,0.7612,drone,32,33,60,15,25
image_BS1_9401_17_54_31.jpg,490.0,329.62,52.0,48.75,0.5107,drone,32,60,15,26,25
image_BS1_9406_17_54_32.jpg,490.88,328.75,52.25,49.0,0.6616,drone,32,60,15,26,25
image_BS1_9411_17_54_32.jpg,490.5,329.38,52.0,48.25,0.4561,drone,32,60,15,26,25
image_BS1_9412_17_54_33.jpg,497.62,327.38,18.25,21.25,0.4951,drone,32,33,60,15,25
image_BS1_9416_17_54_33.jpg,489.5,330.25,52.0,48.5,0.478,drone,32,33,60,15,25
image_BS1_9417_17_54_33.jpg,489.62,330.0,52.75,49.5,0.5054,drone,32,33,60,15,25
image_BS1_9420_17_54_34.jpg,489.75,330.0,51.5,48.5,0.4233,drone,32,33,60,15,25
image_BS1_9421_17_54_34.jpg,489.5,329.88,52.0,49.25,0.5488,drone,32,33,60,15,25
image_BS1_9423_17_54_34.jpg,489.75,329.12,52.5,49.25,0.5776,drone,32,60,15,26,25
image_BS1_9432_17_54_35.jpg,489.5,330.88,52.0,48.75,0.5127,drone,32,60,15,26,25
image_BS1_9434_17_54_36.jpg,496.88,328.75,20.25,22.5,0.5176,drone,32,33,34,60,27
image_BS1_9438_17_54_36.jpg,490.25,330.38,51.5,48.25,0.4624,drone,32,33,60,15,25
image_BS1_9439_17_54_36.jpg,497.38,329.0,20.25,22.5,0.4824,drone,32,33,34,60,27
image_BS1_943_17_01_01.jpg,484.38,360.0,36.25,33.5,0.772,drone,31,32,30,60,27
image_BS1_9445_17_54_37.jpg,497.62,329.12,20.25,22.75,0.4678,drone,32,33,34,60,27
image_BS1_9446_17_54_37.jpg,497.5,329.12,20.5,22.75,0.4912,drone,32,33,34,60,27
image_BS1_944_17_01_01.jpg,492.25,359.12,36.5,33.75,0.7622,drone,32,31,60,15,25
image_BS1_9450_17_54_38.jpg,497.62,329.25,20.25,22.5,0.5029,drone,33,32,34,60,27
image_BS1_9451_17_54_38.jpg,490.0,331.0,52.0,49.0,0.4976,drone,32,33,60,15,25
image_BS1_9452_17_54_38.jpg,497.62,329.75,20.25,22.5,0.6406,drone,33,32,60,15,25
image_BS1_9459_17_54_39.jpg,490.62,330.75,52.75,49.5,0.6367,drone,32,33,60,15,25
image_BS1_9466_17_54_41.jpg,488.75,331.75,52.5,49.5,0.4863,drone,32,33,60,15,25
image_BS1_9468_17_54_41.jpg,488.88,331.88,52.25,49.75,0.5688,drone,32,33,60,15,25
image_BS1_946_17_01_02.jpg,508.38,358.38,37.25,34.75,0.7583,drone,34,33,60,15,25
image_BS1_9470_17_54_41.jpg,490.0,331.5,53.0,49.5,0.6606,drone,33,32,60,15,25
image_BS1_9472_17_54_41.jpg,489.5,332.12,53.0,50.75,0.7183,drone,32,60,15,26,25
image_BS1_9478_17_54_42.jpg,489.5,332.0,52.0,49.0,0.4824,drone,32,33,60,15,25
image_BS1_9481_17_54_43.jpg,489.25,331.5,51.5,49.0,0.4111,drone,32,33,60,15,25
image_BS1_9483_17_54_43.jpg,488.5,332.0,52.0,49.5,0.4683,drone,32,33,60,15,25
image_BS1_9485_17_54_43.jpg,488.38,332.38,53.25,50.75,0.6685,drone,32,33,60,15,25
image_BS1_9487_17_54_44.jpg,497.38,331.38,19.75,22.25,0.6187,drone,32,33,60,15,25
image_BS1_9488_17_54_44.jpg,497.38,331.25,19.75,22.0,0.5225,drone,32,33,60,15,25
image_BS1_9496_17_54_45.jpg,489.62,332.0,52.75,50.0,0.7124,drone,32,33,60,15,25
image_BS1_9499_17_54_46.jpg,489.25,332.25,52.5,49.5,0.5464,drone,32,33,60,15,25
image_BS1_94_16_58_54.jpg,495.88,340.62,35.25,32.75,0.7812,drone,32,33,60,15,25
image_BS1_9501_17_54_46.jpg,490.25,331.88,51.5,48.25,0.4426,drone,33,32,60,15,25
image_BS1_9503_17_54_46.jpg,489.0,332.12,52.0,49.25,0.4849,drone,33,32,60,15,25
image_BS1_9506_17_54_46.jpg,488.75,332.5,51.5,48.5,0.4519,drone,32,33,60,15,25
image_BS1_9512_17_54_47.jpg,497.12,332.0,19.25,21.5,0.5571,drone,32,33,60,15,25
image_BS1_9517_17_54_48.jpg,497.38,332.38,19.25,21.75,0.6895,drone,32,33,60,15,25
image_BS1_9519_17_54_48.jpg,497.5,332.25,19.0,21.5,0.458,drone,32,33,60,15,25
image_BS1_951_17_01_02.jpg,554.0,358.62,38.0,35.25,0.7422,drone,37,60,15,26,25
image_BS1_9522_17_54_49.jpg,489.0,332.5,52.0,49.0,0.5742,drone,33,32,60,15,25
image_BS1_9527_17_54_49.jpg,497.5,332.5,19.5,22.0,0.7178,drone,32,60,15,26,25
image_BS1_9534_17_54_50.jpg,489.0,332.62,53.0,49.75,0.5078,drone,32,33,60,15,25
image_BS1_9535_17_54_51.jpg,498.12,332.25,19.25,21.5,0.4543,drone,32,33,60,15,25
image_BS1_9545_17_54_52.jpg,488.5,334.0,54.0,50.0,0.4504,drone,32,60,15,26,25
image_BS1_9545_17_54_52.jpg,498.0,332.38,19.0,21.25,0.4436,drone,32,60,15,26,25
image_BS1_9553_17_54_53.jpg,489.38,332.38,53.25,50.25,0.6489,drone,32,33,60,15,25
image_BS1_9556_17_54_54.jpg,489.75,333.5,52.5,49.0,0.4951,drone,32,33,60,15,25
image_BS1_9558_17_54_54.jpg,489.38,333.25,52.25,49.0,0.4907,drone,32,60,15,26,25
image_BS1_9567_17_54_55.jpg,497.88,332.88,17.25,19.25,0.7212,drone,33,32,60,15,25
image_BS1_9572_17_54_56.jpg,498.25,332.5,16.5,18.5,0.6958,drone,32,60,15,26,25
image_BS1_9573_17_54_56.jpg,498.25,332.62,16.5,18.75,0.6895,drone,32,33,60,15,25
image_BS1_9576_17_54_57.jpg,497.88,333.12,17.75,19.75,0.7373,drone,32,33,60,15,25
image_BS1_9579_17_54_57.jpg,497.5,333.38,18.5,20.75,0.7422,drone,32,33,60,15,25
image_BS1_957_17_01_03.jpg,611.5,355.25,34.0,32.0,0.7124,drone,39,60,15,26,25
image_BS1_9582_17_54_58.jpg,497.75,333.38,19.0,21.25,0.7544,drone,32,60,15,26,25
image_BS1_9588_17_54_59.jpg,498.25,333.0,17.0,19.0,0.7153,drone,33,32,60,15,25
image_BS1_958_17_01_03.jpg,612.0,354.12,33.0,31.25,0.7188,drone,39,60,15,26,25
image_BS1_9590_17_54_59.jpg,498.25,333.25,17.5,19.5,0.7271,drone,32,33,60,15,25
image_BS1_9593_17_54_59.jpg,497.88,333.75,18.75,21.0,0.7505,drone,32,33,34,60,27
image_BS1_9594_17_54_59.jpg,489.38,333.12,52.25,48.75,0.5166,drone,32,60,15,26,25
image_BS1_9596_17_55_00.jpg,489.12,334.0,53.75,50.5,0.5962,drone,32,33,60,15,25
image_BS1_959_17_01_04.jpg,610.75,352.75,33.5,31.5,0.7212,drone,39,60,15,26,25
image_BS1_95_16_58_54.jpg,495.5,340.38,36.0,33.25,0.7769,drone,32,60,15,26,25
image_BS1_9600_17_55_00.jpg,498.12,334.38,18.75,21.25,0.4253,drone,33,32,60,15,25
image_BS1_9600_17_55_00.jpg,489.75,334.75,51.5,48.0,0.4126,drone,32,60,15,26,25
image_BS1_9602_17_55_01.jpg,497.75,334.0,19.0,21.5,0.6626,drone,32,33,34,60,27
image_BS1_9605_17_55_01.jpg,488.12,335.75,53.75,50.0,0.5508,drone,32,60,15,26,25
image_BS1_960_17_01_04.jpg,607.75,351.25,33.5,31.5,0.752,drone,39,60,15,26,25
image_BS1_9611_17_55_02.jpg,497.88,334.38,18.75,21.25,0.5479,drone,33,32,60,15,25
image_BS1_9617_17_55_03.jpg,498.5,331.75,38.0,36.5,0.6279,drone,32,33,60,15,25
image_BS1_9617_17_55_03.jpg,498.75,331.5,45.5,44.5,0.4883,drone,32,60,15,26,25
image_BS1_961_17_01_04.jpg,604.0,349.25,35.0,33.0,0.7231,drone,39,60,15,26,25
image_BS1_9624_17_55_04.jpg,498.62,332.5,37.75,36.5,0.606,drone,32,33,60,15,25
image_BS1_9624_17_55_04.jpg,499.25,332.5,45.5,44.5,0.5381,drone,32,33,60,15,25
image_BS1_9625_17_55_04.jpg,498.88,332.62,38.25,36.75,0.6714,drone,32,33,60,15,25
image_BS1_9625_17_55_04.jpg,499.38,332.5,45.25,44.5,0.4985,drone,32,33,60,15,25
image_BS1_9626_17_55_04.jpg,498.75,332.38,37.5,36.25,0.5776,drone,32,33,60,15,25
image_BS1_9626_17_55_04.jpg,499.12,332.0,45.75,45.0,0.5122,drone,32,33,60,15,25
image_BS1_9627_17_55_04.jpg,499.12,332.75,37.75,36.5,0.6426,drone,33,32,60,15,25
image_BS1_9627_17_55_04.jpg,499.62,332.38,45.75,44.75,0.5132,drone,32,33,60,15,25
image_BS1_9628_17_55_05.jpg,499.38,332.75,37.25,36.0,0.6011,drone,33,32,60,15,25
image_BS1_9628_17_55_05.jpg,499.62,332.62,45.75,44.75,0.5132,drone,32,33,60,15,25
image_BS1_962_17_01_04.jpg,592.25,345.0,35.5,33.0,0.7505,drone,39,38,60,15,25
image_BS1_9631_17_55_05.jpg,499.0,333.0,37.0,36.0,0.6436,drone,33,32,60,15,25
image_BS1_9631_17_55_05.jpg,499.5,332.88,45.0,44.25,0.4912,drone,33,32,34,60,27
image_BS1_9635_17_55_06.jpg,488.25,334.62,51.5,47.75,0.4243,drone,32,60,15,26,25
image_BS1_963_17_01_04.jpg,585.0,343.0,36.0,33.0,0.7305,drone,39,38,60,15,25
image_BS1_9643_17_55_07.jpg,489.5,335.88,20.0,22.25,0.5039,drone,32,30,31,60,27
image_BS1_9646_17_55_07.jpg,489.12,336.38,19.75,21.75,0.6895,drone,32,30,31,60,27
image_BS1_9647_17_55_08.jpg,490.0,334.12,19.0,21.25,0.7056,drone,32,60,15,26,25
image_BS1_964_17_01_04.jpg,576.5,340.25,35.0,33.0,0.7422,drone,39,38,60,15,25
image_BS1_9650_17_55_08.jpg,482.88,338.12,51.25,47.25,0.4148,drone,32,30,60,15,25
image_BS1_9652_17_55_08.jpg,489.88,335.12,18.25,20.25,0.7676,drone,32,60,15,26,25
image_BS1_9654_17_55_09.jpg,489.5,337.0,19.0,21.0,0.7549,drone,32,31,30,60,27
image_BS1_9655_17_55_09.jpg,489.5,337.5,19.5,22.0,0.4321,drone,32,31,30,60,27
image_BS1_9657_17_55_09.jpg,489.75,337.25,19.5,22.0,0.584,drone,32,31,30,60,27
image_BS1_967_17_01_05.jpg,482.0,316.0,37.0,34.5,0.7656,drone,30,29,33,15,25
image_BS1_968_17_01_06.jpg,465.5,312.38,37.0,34.25,0.771,drone,29,28,26,25,24
image_BS1_9692_17_55_15.jpg,496.38,341.38,15.75,17.75,0.6299,drone,32,33,60,15,25
image_BS1_9698_17_55_15.jpg,496.25,342.62,17.0,18.75,0.4668,drone,32,33,60,15,25
image_BS1_9701_17_55_16.jpg,496.75,342.38,16.0,17.75,0.4619,drone,32,60,15,26,25
image_BS1_9713_17_55_18.jpg,496.0,343.75,19.5,21.5,0.4883,drone,32,60,15,26,25
image_BS1_9715_17_55_18.jpg,496.62,342.88,16.75,18.75,0.6187,drone,32,60,15,26,25
image_BS1_9720_17_55_19.jpg,496.62,343.12,17.75,19.75,0.6782,drone,32,60,15,26,25
image_BS1_9728_17_55_20.jpg,491.75,343.5,18.5,20.5,0.5581,drone,32,31,30,60,27
image_BS1_9731_17_55_21.jpg,481.5,342.25,17.0,18.5,0.6724,drone,29,31,32,15,25
image_BS1_9732_17_55_21.jpg,476.62,341.75,16.75,18.5,0.6558,drone,29,28,26,25,24
image_BS1_9733_17_55_21.jpg,473.5,341.5,16.5,18.0,0.5591,drone,29,28,26,25,24
image_BS1_9736_17_55_22.jpg,476.12,342.12,16.75,18.25,0.5972,drone,29,28,26,25,24
image_BS1_9737_17_55_22.jpg,478.75,342.5,17.0,18.5,0.5938,drone,29,31,15,26,25
image_BS1_9741_17_55_23.jpg,491.75,344.12,16.5,18.25,0.6909,drone,31,32,30,60,27
image_BS1_9742_17_55_23.jpg,496.38,344.25,16.25,18.0,0.5107,drone,32,60,15,26,25
image_BS1_9767_17_55_26.jpg,533.25,332.25,16.5,18.0,0.4658,drone,34,60,15,26,25
image_BS1_976_17_01_07.jpg,334.25,283.75,38.0,35.5,0.7671,drone,20,22,21,17,60
image_BS1_9774_17_55_27.jpg,519.75,322.75,16.5,19.5,0.4746,drone,34,60,15,26,25
image_BS1_9784_17_55_29.jpg,495.0,322.5,53.0,49.5,0.5107,drone,34,33,60,15,25
image_BS1_9788_17_55_30.jpg,495.25,322.25,52.5,49.0,0.4182,drone,34,33,60,15,25
image_BS1_9792_17_55_30.jpg,504.88,321.12,17.25,19.25,0.728,drone,33,60,15,26,25
image_BS1_9796_17_55_31.jpg,505.0,321.0,16.0,18.5,0.709,drone,33,60,15,26,25
image_BS1_9799_17_55_31.jpg,505.38,321.12,16.25,18.25,0.6899,drone,33,34,60,15,25
image_BS1_9800_17_55_32.jpg,505.38,321.38,16.25,18.25,0.7026,drone,33,34,60,15,25
image_BS1_9801_17_55_32.jpg,505.5,321.38,16.0,18.25,0.6841,drone,34,33,60,15,25
image_BS1_9805_17_55_32.jpg,505.38,321.25,16.25,18.5,0.7227,drone,34,33,60,15,25
image_BS1_9807_17_55_33.jpg,505.5,321.12,16.0,18.75,0.7271,drone,33,34,60,15,25
image_BS1_9808_17_55_33.jpg,505.75,321.5,16.5,18.5,0.7217,drone,34,33,60,15,25
image_BS1_9814_17_55_34.jpg,495.12,323.12,53.75,49.75,0.5718,drone,33,34,60,15,25
image_BS1_9818_17_55_34.jpg,505.62,322.38,17.75,21.25,0.4639,drone,33,34,60,15,25
image_BS1_9819_17_55_34.jpg,505.62,322.0,17.75,21.0,0.4727,drone,33,34,60,15,25
image_BS1_981_17_01_07.jpg,290.88,270.12,40.25,37.25,0.7671,drone,17,16,60,28,26
image_BS1_9822_17_55_35.jpg,495.0,323.75,53.0,49.5,0.5015,drone,33,60,15,26,25
image_BS1_9824_17_55_35.jpg,505.75,322.38,18.5,21.25,0.582,drone,33,34,60,15,25
image_BS1_9826_17_55_35.jpg,505.38,322.38,18.25,21.25,0.5244,drone,33,34,60,15,25
image_BS1_9829_17_55_36.jpg,494.62,324.0,53.75,50.5,0.6382,drone,33,60,15,26,25
image_BS1_982_17_01_08.jpg,281.0,267.12,41.0,38.25,0.7925,drone,17,16,60,28,26
image_BS1_9832_17_55_36.jpg,505.75,321.5,18.5,21.5,0.4893,drone,34,33,60,15,25
image_BS1_9839_17_55_37.jpg,495.12,321.62,53.75,49.75,0.5312,drone,34,33,60,15,25
image_BS1_9840_17_55_37.jpg,495.0,321.75,53.0,49.5,0.4036,drone,34,33,60,15,25
image_BS1_9842_17_55_38.jpg,505.62,319.88,18.75,21.75,0.563,drone,34,33,60,15,25
image_BS1_9845_17_55_38.jpg,494.25,323.0,54.5,51.0,0.6138,drone,33,34,60,15,25
image_BS1_9847_17_55_38.jpg,506.12,321.25,18.75,21.5,0.5972,drone,34,33,60,15,25
image_BS1_9848_17_55_38.jpg,505.75,322.0,18.5,21.5,0.5283,drone,33,34,60,15,25
image_BS1_9850_17_55_39.jpg,494.5,324.88,54.0,50.75,0.5898,drone,33,34,31,60,27
image_BS1_9855_17_55_40.jpg,507.38,325.0,17.25,20.5,0.4226,drone,33,34,31,60,27
image_BS1_9857_17_55_40.jpg,507.75,325.5,18.5,21.0,0.6309,drone,33,34,31,60,27
image_BS1_985_17_01_08.jpg,250.31,259.62,41.38,38.75,0.7832,drone,16,14,13,15,26
image_BS1_9864_17_55_41.jpg,496.25,330.5,53.5,50.0,0.4543,drone,34,33,32,60,27
image_BS1_9866_17_55_41.jpg,508.0,329.88,19.0,21.75,0.6299,drone,33,34,60,15,25
image_BS1_9886_17_55_44.jpg,510.12,336.75,17.75,20.0,0.7593,drone,34,33,60,15,25
image_BS1_9894_17_55_46.jpg,510.5,341.62,20.0,22.25,0.6387,drone,33,34,32,60,27
image_BS1_9898_17_55_46.jpg,511.0,344.0,21.0,23.0,0.5991,drone,34,33,60,15,25
image_BS1_98_16_58_54.jpg,495.0,340.0,35.0,32.5,0.7881,drone,32,33,60,15,25
image_BS1_9916_17_55_49.jpg,508.5,359.62,18.0,20.25,0.7563,drone,34,60,15,26,25
image_BS1_9919_17_55_50.jpg,509.62,364.5,19.75,21.5,0.7725,drone,34,33,60,15,25
image_BS1_991_17_01_09.jpg,188.5,248.25,39.0,36.5,0.7476,drone,11,10,60,15,26
image_BS1_9925_17_55_50.jpg,511.75,373.75,20.5,22.0,0.7446,drone,34,33,60,15,25
image_BS1_9929_17_55_51.jpg,507.75,377.75,19.5,21.5,0.7529,drone,33,34,31,60,27
image_BS1_992_17_01_09.jpg,175.12,243.62,38.75,36.25,0.752,drone,11,10,6,60,16
image_BS1_9931_17_55_51.jpg,505.12,380.12,18.75,20.75,0.7642,drone,33,32,60,15,25
image_BS1_9932_17_55_51.jpg,504.0,381.88,19.0,20.75,0.6885,drone,32,33,60,15,25
image_BS1_9937_17_55_52.jpg,502.75,391.25,22.5,23.5,0.7578,drone,32,33,60,15,25
image_BS1_9939_17_55_52.jpg,501.5,394.75,29.0,29.0,0.6187,drone,32,33,60,15,25
image_BS1_9940_17_55_52.jpg,501.62,396.75,25.75,26.5,0.7446,drone,34,32,33,60,27
image_BS1_9942_17_55_53.jpg,499.88,402.75,27.25,27.5,0.7188,drone,34,32,33,60,27
image_BS1_9949_17_55_54.jpg,499.25,418.25,19.5,21.0,0.7534,drone,32,33,60,15,25
image_BS1_9955_17_55_55.jpg,502.38,430.0,19.25,20.5,0.7339,drone,39,33,34,32,60
image_BS1_9958_17_55_55.jpg,505.88,431.0,20.25,21.5,0.752,drone,33,32,34,60,27
image_BS1_9960_17_55_56.jpg,508.5,427.12,20.0,21.25,0.7549,drone,34,33,32,60,27
image_BS1_9961_17_55_56.jpg,512.88,416.88,22.25,23.25,0.6704,drone,34,33,60,15,25
image_BS1_9963_17_55_56.jpg,515.5,407.25,24.0,24.5,0.7515,drone,34,33,60,15,25
image_BS1_9964_17_55_56.jpg,516.38,402.75,23.25,24.5,0.7534,drone,34,33,60,15,25
image_BS1_9965_17_55_57.jpg,518.12,399.0,23.75,24.5,0.7686,drone,34,33,60,15,25
image_BS1_9967_17_55_57.jpg,523.0,392.62,26.0,26.75,0.7402,drone,34,60,15,26,25
image_BS1_9975_17_55_58.jpg,541.0,400.12,32.0,31.25,0.7285,drone,34,60,15,26,25
image_BS1_9980_17_55_59.jpg,544.25,419.88,35.5,33.75,0.7241,drone,36,34,60,15,25
image_BS1_9990_17_56_01.jpg,538.38,345.62,61.25,58.25,0.8555,drone,34,60,15,26,25
image_BS1_9992_17_56_01.jpg,529.88,332.12,62.25,58.75,0.5928,drone,34,60,15,26,25
image_BS1_9992_17_56_01.jpg,529.38,332.38,62.25,58.75,0.582,drone,34,60,15,26,25
image_BS1_9998_17_56_02.jpg,522.75,328.75,44.5,41.5,0.769,drone,34,60,15,26,25
