seq_number,image_name,beam_index
1,image_BS1_1_16_58_42.jpg,43
2,image_BS1_2_16_58_42.jpg,43
3,image_BS1_3_16_58_42.jpg,43
4,image_BS1_4_16_58_42.jpg,43
5,image_BS1_5_16_58_42.jpg,39
6,image_BS1_6_16_58_42.jpg,39
7,image_BS1_7_16_58_42.jpg,39
8,image_BS1_8_16_58_43.jpg,39
9,image_BS1_9_16_58_43.jpg,39
10,image_BS1_10_16_58_43.jpg,39
11,image_BS1_11_16_58_43.jpg,39
12,image_BS1_12_16_58_43.jpg,39
13,image_BS1_13_16_58_43.jpg,39
14,image_BS1_14_16_58_43.jpg,39
15,image_BS1_15_16_58_43.jpg,39
16,image_BS1_16_16_58_44.jpg,39
17,image_BS1_17_16_58_44.jpg,39
18,image_BS1_18_16_58_44.jpg,39
19,image_BS1_19_16_58_44.jpg,39
20,image_BS1_20_16_58_44.jpg,39
21,image_BS1_21_16_58_44.jpg,39
22,image_BS1_22_16_58_44.jpg,39
23,image_BS1_23_16_58_45.jpg,39
24,image_BS1_24_16_58_45.jpg,39
25,image_BS1_25_16_58_45.jpg,38
26,image_BS1_26_16_58_45.jpg,38
27,image_BS1_27_16_58_45.jpg,38
28,image_BS1_28_16_58_45.jpg,39
29,image_BS1_29_16_58_45.jpg,38
30,image_BS1_30_16_58_45.jpg,38
31,image_BS1_31_16_58_46.jpg,37
32,image_BS1_32_16_58_46.jpg,37
33,image_BS1_33_16_58_46.jpg,37
34,image_BS1_34_16_58_46.jpg,37
35,image_BS1_35_16_58_46.jpg,37
36,image_BS1_36_16_58_46.jpg,37
37,image_BS1_37_16_58_46.jpg,37
38,image_BS1_38_16_58_46.jpg,37
39,image_BS1_39_16_58_47.jpg,37
40,image_BS1_40_16_58_47.jpg,37
41,image_BS1_41_16_58_47.jpg,37
42,image_BS1_42_16_58_47.jpg,37
43,image_BS1_43_16_58_47.jpg,37
44,image_BS1_44_16_58_47.jpg,36
45,image_BS1_45_16_58_47.jpg,34
46,image_BS1_46_16_58_47.jpg,34
47,image_BS1_47_16_58_48.jpg,34
48,image_BS1_48_16_58_48.jpg,34
49,image_BS1_49_16_58_48.jpg,34
50,image_BS1_50_16_58_48.jpg,34
51,image_BS1_51_16_58_48.jpg,34
52,image_BS1_52_16_58_48.jpg,34
53,image_BS1_53_16_58_48.jpg,34
54,image_BS1_54_16_58_49.jpg,34
55,image_BS1_55_16_58_49.jpg,34
56,image_BS1_56_16_58_49.jpg,34
57,image_BS1_57_16_58_49.jpg,34
58,image_BS1_58_16_58_49.jpg,34
59,image_BS1_59_16_58_49.jpg,34
60,image_BS1_60_16_58_49.jpg,34
61,image_BS1_61_16_58_49.jpg,34
62,image_BS1_62_16_58_50.jpg,34
63,image_BS1_63_16_58_50.jpg,34
64,image_BS1_64_16_58_50.jpg,34
65,image_BS1_65_16_58_50.jpg,34
66,image_BS1_66_16_58_50.jpg,34
67,image_BS1_67_16_58_50.jpg,34
68,image_BS1_68_16_58_50.jpg,34
69,image_BS1_69_16_58_50.jpg,34
70,image_BS1_70_16_58_51.jpg,36
71,image_BS1_71_16_58_51.jpg,37
72,image_BS1_72_16_58_51.jpg,37
73,image_BS1_73_16_58_51.jpg,37
74,image_BS1_74_16_58_51.jpg,37
75,image_BS1_75_16_58_51.jpg,37
76,image_BS1_76_16_58_51.jpg,37
77,image_BS1_77_16_58_52.jpg,37
78,image_BS1_78_16_58_52.jpg,34
79,image_BS1_79_16_58_52.jpg,34
80,image_BS1_80_16_58_52.jpg,34
81,image_BS1_81_16_58_52.jpg,34
82,image_BS1_82_16_58_52.jpg,34
83,image_BS1_83_16_58_52.jpg,34
84,image_BS1_84_16_58_52.jpg,34
85,image_BS1_85_16_58_53.jpg,33
86,image_BS1_86_16_58_53.jpg,33
87,image_BS1_87_16_58_53.jpg,32
88,image_BS1_88_16_58_53.jpg,32
89,image_BS1_89_16_58_53.jpg,32
90,image_BS1_90_16_58_53.jpg,32
91,image_BS1_91_16_58_53.jpg,32
92,image_BS1_92_16_58_53.jpg,32
93,image_BS1_93_16_58_54.jpg,32
94,image_BS1_94_16_58_54.jpg,32
95,image_BS1_95_16_58_54.jpg,32
96,image_BS1_96_16_58_54.jpg,32
97,image_BS1_97_16_58_54.jpg,32
98,image_BS1_98_16_58_54.jpg,32
99,image_BS1_99_16_58_54.jpg,32
100,image_BS1_100_16_58_55.jpg,32
101,image_BS1_101_16_58_55.jpg,32
102,image_BS1_102_16_58_55.jpg,32
103,image_BS1_103_16_58_55.jpg,32
104,image_BS1_104_16_58_55.jpg,32
105,image_BS1_105_16_58_55.jpg,32
106,image_BS1_106_16_58_55.jpg,32
107,image_BS1_107_16_58_55.jpg,32
108,image_BS1_108_16_58_56.jpg,32
109,image_BS1_109_16_58_56.jpg,32
110,image_BS1_110_16_58_56.jpg,32
111,image_BS1_111_16_58_56.jpg,32
112,image_BS1_112_16_58_56.jpg,32
113,image_BS1_113_16_58_56.jpg,32
114,image_BS1_114_16_58_56.jpg,32
115,image_BS1_115_16_58_56.jpg,32
116,image_BS1_116_16_58_57.jpg,32
117,image_BS1_117_16_58_57.jpg,32
118,image_BS1_118_16_58_57.jpg,32
119,image_BS1_119_16_58_57.jpg,32
120,image_BS1_120_16_58_57.jpg,32
121,image_BS1_121_16_58_57.jpg,32
122,image_BS1_122_16_58_57.jpg,33
123,image_BS1_123_16_58_58.jpg,32
124,image_BS1_124_16_58_58.jpg,32
125,image_BS1_125_16_58_58.jpg,33
126,image_BS1_126_16_58_58.jpg,33
127,image_BS1_127_16_58_58.jpg,34
128,image_BS1_128_16_58_58.jpg,34
129,image_BS1_129_16_58_58.jpg,34
130,image_BS1_130_16_58_58.jpg,34
131,image_BS1_131_16_58_59.jpg,34
132,image_BS1_132_16_58_59.jpg,34
133,image_BS1_133_16_58_59.jpg,34
134,image_BS1_134_16_58_59.jpg,37
135,image_BS1_135_16_58_59.jpg,36
136,image_BS1_136_16_58_59.jpg,37
137,image_BS1_137_16_58_59.jpg,37
138,image_BS1_138_16_58_59.jpg,37
139,image_BS1_139_16_59_00.jpg,37
140,image_BS1_140_16_59_00.jpg,34
141,image_BS1_141_16_59_00.jpg,34
142,image_BS1_142_16_59_00.jpg,34
143,image_BS1_143_16_59_00.jpg,34
144,image_BS1_144_16_59_00.jpg,34
145,image_BS1_145_16_59_00.jpg,34
146,image_BS1_146_16_59_01.jpg,33
147,image_BS1_147_16_59_01.jpg,32
148,image_BS1_148_16_59_01.jpg,32
149,image_BS1_149_16_59_01.jpg,31
150,image_BS1_150_16_59_01.jpg,32
151,image_BS1_151_16_59_01.jpg,31
152,image_BS1_152_16_59_01.jpg,31
153,image_BS1_153_16_59_02.jpg,32
154,image_BS1_154_16_59_02.jpg,31
155,image_BS1_155_16_59_02.jpg,31
156,image_BS1_156_16_59_02.jpg,30
157,image_BS1_157_16_59_02.jpg,30
158,image_BS1_158_16_59_02.jpg,29
159,image_BS1_159_16_59_02.jpg,29
160,image_BS1_160_16_59_03.jpg,30
161,image_BS1_161_16_59_03.jpg,31
162,image_BS1_162_16_59_03.jpg,31
163,image_BS1_163_16_59_03.jpg,32
164,image_BS1_164_16_59_03.jpg,32
165,image_BS1_165_16_59_03.jpg,32
166,image_BS1_166_16_59_03.jpg,32
167,image_BS1_167_16_59_03.jpg,33
168,image_BS1_168_16_59_04.jpg,34
169,image_BS1_169_16_59_04.jpg,34
170,image_BS1_170_16_59_04.jpg,34
171,image_BS1_171_16_59_04.jpg,34
172,image_BS1_172_16_59_04.jpg,34
173,image_BS1_173_16_59_04.jpg,34
174,image_BS1_174_16_59_04.jpg,37
175,image_BS1_175_16_59_04.jpg,37
176,image_BS1_176_16_59_05.jpg,37
177,image_BS1_177_16_59_05.jpg,37
178,image_BS1_178_16_59_05.jpg,38
179,image_BS1_179_16_59_05.jpg,38
180,image_BS1_180_16_59_05.jpg,39
181,image_BS1_181_16_59_05.jpg,39
182,image_BS1_182_16_59_05.jpg,39
183,image_BS1_183_16_59_06.jpg,39
184,image_BS1_184_16_59_06.jpg,39
185,image_BS1_185_16_59_06.jpg,39
186,image_BS1_186_16_59_06.jpg,39
187,image_BS1_187_16_59_06.jpg,39
188,image_BS1_188_16_59_06.jpg,39
189,image_BS1_189_16_59_06.jpg,39
190,image_BS1_190_16_59_07.jpg,39
191,image_BS1_191_16_59_07.jpg,39
192,image_BS1_192_16_59_07.jpg,39
193,image_BS1_193_16_59_07.jpg,38
194,image_BS1_194_16_59_07.jpg,38
195,image_BS1_195_16_59_07.jpg,37
196,image_BS1_196_16_59_07.jpg,37
197,image_BS1_197_16_59_07.jpg,34
198,image_BS1_198_16_59_08.jpg,34
199,image_BS1_199_16_59_08.jpg,34
200,image_BS1_200_16_59_08.jpg,33
201,image_BS1_201_16_59_08.jpg,32
202,image_BS1_202_16_59_08.jpg,32
203,image_BS1_203_16_59_08.jpg,29
204,image_BS1_204_16_59_08.jpg,29
205,image_BS1_205_16_59_08.jpg,29
206,image_BS1_206_16_59_09.jpg,29
207,image_BS1_207_16_59_09.jpg,29
208,image_BS1_208_16_59_09.jpg,29
209,image_BS1_209_16_59_09.jpg,28
210,image_BS1_210_16_59_09.jpg,27
211,image_BS1_211_16_59_09.jpg,27
212,image_BS1_212_16_59_09.jpg,27
213,image_BS1_213_16_59_09.jpg,27
214,image_BS1_214_16_59_10.jpg,27
215,image_BS1_215_16_59_10.jpg,27
216,image_BS1_216_16_59_10.jpg,27
217,image_BS1_217_16_59_10.jpg,27
218,image_BS1_218_16_59_10.jpg,27
219,image_BS1_219_16_59_10.jpg,27
220,image_BS1_220_16_59_10.jpg,27
221,image_BS1_221_16_59_11.jpg,27
222,image_BS1_222_16_59_11.jpg,27
223,image_BS1_223_16_59_11.jpg,27
224,image_BS1_224_16_59_11.jpg,26
225,image_BS1_225_16_59_11.jpg,27
226,image_BS1_226_16_59_11.jpg,26
227,image_BS1_227_16_59_11.jpg,26
228,image_BS1_228_16_59_11.jpg,26
229,image_BS1_229_16_59_12.jpg,25
230,image_BS1_230_16_59_12.jpg,23
231,image_BS1_231_16_59_12.jpg,23
232,image_BS1_232_16_59_12.jpg,23
233,image_BS1_233_16_59_12.jpg,22
234,image_BS1_234_16_59_12.jpg,22
235,image_BS1_235_16_59_12.jpg,22
236,image_BS1_236_16_59_12.jpg,21
237,image_BS1_237_16_59_13.jpg,22
238,image_BS1_238_16_59_13.jpg,21
239,image_BS1_239_16_59_13.jpg,21
240,image_BS1_240_16_59_13.jpg,21
241,image_BS1_241_16_59_13.jpg,21
242,image_BS1_242_16_59_13.jpg,21
243,image_BS1_243_16_59_13.jpg,21
244,image_BS1_244_16_59_14.jpg,21
245,image_BS1_245_16_59_14.jpg,21
246,image_BS1_246_16_59_14.jpg,21
247,image_BS1_247_16_59_14.jpg,21
248,image_BS1_248_16_59_14.jpg,22
249,image_BS1_249_16_59_14.jpg,22
250,image_BS1_250_16_59_14.jpg,22
251,image_BS1_251_16_59_14.jpg,22
252,image_BS1_252_16_59_15.jpg,22
253,image_BS1_253_16_59_15.jpg,22
254,image_BS1_254_16_59_15.jpg,22
255,image_BS1_255_16_59_15.jpg,22
256,image_BS1_256_16_59_15.jpg,22
257,image_BS1_257_16_59_15.jpg,22
258,image_BS1_258_16_59_15.jpg,22
259,image_BS1_259_16_59_15.jpg,22
260,image_BS1_260_16_59_16.jpg,23
261,image_BS1_261_16_59_16.jpg,23
262,image_BS1_262_16_59_16.jpg,23
263,image_BS1_263_16_59_16.jpg,23
264,image_BS1_264_16_59_16.jpg,23
265,image_BS1_265_16_59_16.jpg,23
266,image_BS1_266_16_59_16.jpg,23
267,image_BS1_267_16_59_17.jpg,23
268,image_BS1_268_16_59_17.jpg,23
269,image_BS1_269_16_59_17.jpg,26
270,image_BS1_270_16_59_17.jpg,26
271,image_BS1_271_16_59_17.jpg,26
272,image_BS1_272_16_59_17.jpg,26
273,image_BS1_273_16_59_17.jpg,26
274,image_BS1_274_16_59_17.jpg,26
275,image_BS1_275_16_59_18.jpg,26
276,image_BS1_276_16_59_18.jpg,26
277,image_BS1_277_16_59_18.jpg,26
278,image_BS1_278_16_59_18.jpg,26
279,image_BS1_279_16_59_18.jpg,26
280,image_BS1_280_16_59_18.jpg,26
281,image_BS1_281_16_59_18.jpg,26
282,image_BS1_282_16_59_18.jpg,27
283,image_BS1_283_16_59_19.jpg,27
284,image_BS1_284_16_59_19.jpg,27
285,image_BS1_285_16_59_19.jpg,27
286,image_BS1_286_16_59_19.jpg,27
287,image_BS1_287_16_59_19.jpg,27
288,image_BS1_288_16_59_19.jpg,27
289,image_BS1_289_16_59_19.jpg,27
290,image_BS1_290_16_59_19.jpg,29
291,image_BS1_291_16_59_20.jpg,29
292,image_BS1_292_16_59_20.jpg,29
293,image_BS1_293_16_59_20.jpg,29
294,image_BS1_294_16_59_20.jpg,29
295,image_BS1_295_16_59_20.jpg,29
296,image_BS1_296_16_59_20.jpg,29
297,image_BS1_297_16_59_20.jpg,29
298,image_BS1_298_16_59_21.jpg,29
299,image_BS1_299_16_59_21.jpg,29
300,image_BS1_300_16_59_21.jpg,29
301,image_BS1_301_16_59_21.jpg,30
302,image_BS1_302_16_59_21.jpg,31
303,image_BS1_303_16_59_21.jpg,32
304,image_BS1_304_16_59_21.jpg,32
305,image_BS1_305_16_59_21.jpg,33
306,image_BS1_306_16_59_22.jpg,32
307,image_BS1_307_16_59_22.jpg,33
308,image_BS1_308_16_59_22.jpg,34
309,image_BS1_309_16_59_22.jpg,34
310,image_BS1_310_16_59_22.jpg,34
311,image_BS1_311_16_59_22.jpg,34
312,image_BS1_312_16_59_22.jpg,34
313,image_BS1_313_16_59_22.jpg,34
314,image_BS1_314_16_59_23.jpg,34
315,image_BS1_315_16_59_23.jpg,34
316,image_BS1_316_16_59_23.jpg,36
317,image_BS1_317_16_59_23.jpg,37
318,image_BS1_318_16_59_23.jpg,37
319,image_BS1_319_16_59_23.jpg,37
320,image_BS1_320_16_59_23.jpg,37
321,image_BS1_321_16_59_24.jpg,37
322,image_BS1_322_16_59_24.jpg,37
323,image_BS1_323_16_59_24.jpg,37
324,image_BS1_324_16_59_24.jpg,37
325,image_BS1_325_16_59_24.jpg,37
326,image_BS1_326_16_59_24.jpg,37
327,image_BS1_327_16_59_24.jpg,37
328,image_BS1_328_16_59_25.jpg,37
329,image_BS1_329_16_59_25.jpg,37
330,image_BS1_330_16_59_25.jpg,37
331,image_BS1_331_16_59_25.jpg,37
332,image_BS1_332_16_59_25.jpg,37
333,image_BS1_333_16_59_25.jpg,34
334,image_BS1_334_16_59_25.jpg,34
335,image_BS1_335_16_59_25.jpg,34
336,image_BS1_336_16_59_26.jpg,34
337,image_BS1_337_16_59_26.jpg,34
338,image_BS1_338_16_59_26.jpg,32
339,image_BS1_339_16_59_26.jpg,32
340,image_BS1_340_16_59_26.jpg,29
341,image_BS1_341_16_59_26.jpg,29
342,image_BS1_342_16_59_26.jpg,29
343,image_BS1_343_16_59_26.jpg,29
344,image_BS1_344_16_59_27.jpg,27
345,image_BS1_345_16_59_27.jpg,26
346,image_BS1_346_16_59_27.jpg,26
347,image_BS1_347_16_59_27.jpg,26
348,image_BS1_348_16_59_27.jpg,26
349,image_BS1_349_16_59_27.jpg,23
350,image_BS1_350_16_59_27.jpg,23
351,image_BS1_351_16_59_28.jpg,23
352,image_BS1_352_16_59_28.jpg,23
353,image_BS1_353_16_59_28.jpg,23
354,image_BS1_354_16_59_28.jpg,23
355,image_BS1_355_16_59_28.jpg,23
356,image_BS1_356_16_59_28.jpg,23
357,image_BS1_357_16_59_28.jpg,23
358,image_BS1_358_16_59_29.jpg,26
359,image_BS1_359_16_59_29.jpg,26
360,image_BS1_360_16_59_29.jpg,26
361,image_BS1_361_16_59_29.jpg,26
362,image_BS1_362_16_59_29.jpg,26
363,image_BS1_363_16_59_29.jpg,27
364,image_BS1_364_16_59_29.jpg,27
365,image_BS1_365_16_59_30.jpg,29
366,image_BS1_366_16_59_30.jpg,29
367,image_BS1_367_16_59_30.jpg,29
368,image_BS1_368_16_59_30.jpg,29
369,image_BS1_369_16_59_30.jpg,29
370,image_BS1_370_16_59_30.jpg,29
371,image_BS1_371_16_59_30.jpg,29
372,image_BS1_372_16_59_31.jpg,30
373,image_BS1_373_16_59_31.jpg,31
374,image_BS1_374_16_59_31.jpg,32
375,image_BS1_375_16_59_31.jpg,31
376,image_BS1_376_16_59_31.jpg,31
377,image_BS1_377_16_59_31.jpg,31
378,image_BS1_378_16_59_31.jpg,30
379,image_BS1_379_16_59_31.jpg,31
380,image_BS1_380_16_59_32.jpg,29
381,image_BS1_381_16_59_32.jpg,29
382,image_BS1_382_16_59_32.jpg,29
383,image_BS1_383_16_59_32.jpg,29
384,image_BS1_384_16_59_32.jpg,29
385,image_BS1_385_16_59_32.jpg,29
386,image_BS1_386_16_59_32.jpg,29
387,image_BS1_387_16_59_32.jpg,29
388,image_BS1_388_16_59_33.jpg,29
389,image_BS1_389_16_59_33.jpg,29
390,image_BS1_390_16_59_33.jpg,29
391,image_BS1_391_16_59_33.jpg,29
392,image_BS1_392_16_59_33.jpg,31
393,image_BS1_393_16_59_33.jpg,31
394,image_BS1_394_16_59_34.jpg,30
395,image_BS1_395_16_59_34.jpg,30
396,image_BS1_396_16_59_34.jpg,30
397,image_BS1_397_16_59_34.jpg,30
398,image_BS1_398_16_59_34.jpg,31
399,image_BS1_399_16_59_34.jpg,29
400,image_BS1_400_16_59_34.jpg,29
401,image_BS1_401_16_59_34.jpg,29
402,image_BS1_402_16_59_35.jpg,29
403,image_BS1_403_16_59_35.jpg,29
404,image_BS1_404_16_59_35.jpg,29
405,image_BS1_405_16_59_35.jpg,29
406,image_BS1_406_16_59_35.jpg,29
407,image_BS1_407_16_59_35.jpg,29
408,image_BS1_408_16_59_35.jpg,29
409,image_BS1_409_16_59_36.jpg,29
410,image_BS1_410_16_59_36.jpg,29
411,image_BS1_411_16_59_36.jpg,29
412,image_BS1_412_16_59_36.jpg,29
413,image_BS1_413_16_59_36.jpg,29
414,image_BS1_414_16_59_36.jpg,29
415,image_BS1_415_16_59_36.jpg,29
416,image_BS1_416_16_59_36.jpg,29
417,image_BS1_417_16_59_37.jpg,27
418,image_BS1_418_16_59_37.jpg,28
419,image_BS1_419_16_59_37.jpg,27
420,image_BS1_420_16_59_37.jpg,27
421,image_BS1_421_16_59_37.jpg,27
422,image_BS1_422_16_59_37.jpg,27
423,image_BS1_423_16_59_37.jpg,27
424,image_BS1_424_16_59_38.jpg,27
425,image_BS1_425_16_59_38.jpg,27
426,image_BS1_426_16_59_38.jpg,27
427,image_BS1_427_16_59_38.jpg,27
428,image_BS1_428_16_59_38.jpg,27
429,image_BS1_429_16_59_38.jpg,29
430,image_BS1_430_16_59_38.jpg,27
431,image_BS1_431_16_59_38.jpg,27
432,image_BS1_432_16_59_39.jpg,27
433,image_BS1_433_16_59_39.jpg,27
434,image_BS1_434_16_59_39.jpg,27
435,image_BS1_435_16_59_39.jpg,27
436,image_BS1_436_16_59_39.jpg,28
437,image_BS1_437_16_59_39.jpg,27
438,image_BS1_438_16_59_39.jpg,27
439,image_BS1_439_16_59_39.jpg,27
440,image_BS1_440_16_59_40.jpg,27
441,image_BS1_441_16_59_40.jpg,27
442,image_BS1_442_16_59_40.jpg,27
443,image_BS1_443_16_59_40.jpg,26
444,image_BS1_444_16_59_40.jpg,27
445,image_BS1_445_16_59_40.jpg,26
446,image_BS1_446_16_59_40.jpg,27
447,image_BS1_447_16_59_41.jpg,27
448,image_BS1_448_16_59_41.jpg,28
449,image_BS1_449_16_59_41.jpg,27
450,image_BS1_450_16_59_41.jpg,27
451,image_BS1_451_16_59_41.jpg,27
452,image_BS1_452_16_59_41.jpg,28
453,image_BS1_453_16_59_41.jpg,28
454,image_BS1_454_16_59_41.jpg,29
455,image_BS1_455_16_59_42.jpg,29
456,image_BS1_456_16_59_42.jpg,29
457,image_BS1_457_16_59_42.jpg,29
458,image_BS1_458_16_59_42.jpg,29
459,image_BS1_459_16_59_42.jpg,29
460,image_BS1_460_16_59_42.jpg,30
461,image_BS1_461_16_59_42.jpg,31
462,image_BS1_462_16_59_43.jpg,31
463,image_BS1_463_16_59_43.jpg,32
464,image_BS1_464_16_59_43.jpg,31
465,image_BS1_465_16_59_43.jpg,32
466,image_BS1_466_16_59_43.jpg,32
467,image_BS1_467_16_59_43.jpg,32
468,image_BS1_468_16_59_43.jpg,32
469,image_BS1_469_16_59_44.jpg,32
470,image_BS1_470_16_59_44.jpg,33
471,image_BS1_471_16_59_44.jpg,32
472,image_BS1_472_16_59_44.jpg,32
473,image_BS1_473_16_59_44.jpg,32
474,image_BS1_474_16_59_44.jpg,32
475,image_BS1_475_16_59_44.jpg,30
476,image_BS1_476_16_59_44.jpg,29
477,image_BS1_477_16_59_45.jpg,29
478,image_BS1_478_16_59_45.jpg,29
479,image_BS1_479_16_59_45.jpg,29
480,image_BS1_480_16_59_45.jpg,27
481,image_BS1_481_16_59_45.jpg,27
482,image_BS1_482_16_59_45.jpg,27
483,image_BS1_483_16_59_45.jpg,26
484,image_BS1_484_16_59_46.jpg,26
485,image_BS1_485_16_59_46.jpg,26
486,image_BS1_486_16_59_46.jpg,26
487,image_BS1_487_16_59_46.jpg,26
488,image_BS1_488_16_59_46.jpg,25
489,image_BS1_489_16_59_46.jpg,26
490,image_BS1_490_16_59_46.jpg,26
491,image_BS1_491_16_59_46.jpg,23
492,image_BS1_492_16_59_47.jpg,23
493,image_BS1_493_16_59_47.jpg,23
494,image_BS1_494_16_59_47.jpg,23
495,image_BS1_495_16_59_47.jpg,23
496,image_BS1_496_16_59_47.jpg,23
497,image_BS1_497_16_59_47.jpg,25
498,image_BS1_498_16_59_47.jpg,26
499,image_BS1_499_16_59_47.jpg,26
500,image_BS1_500_16_59_48.jpg,26
501,image_BS1_501_16_59_48.jpg,26
502,image_BS1_502_16_59_48.jpg,27
503,image_BS1_503_16_59_48.jpg,27
504,image_BS1_504_16_59_48.jpg,27
505,image_BS1_505_16_59_48.jpg,28
506,image_BS1_506_16_59_48.jpg,28
507,image_BS1_507_16_59_48.jpg,29
508,image_BS1_508_16_59_49.jpg,29
509,image_BS1_509_16_59_49.jpg,29
510,image_BS1_510_16_59_49.jpg,29
511,image_BS1_511_16_59_49.jpg,29
512,image_BS1_512_16_59_49.jpg,29
513,image_BS1_513_16_59_49.jpg,32
514,image_BS1_514_16_59_49.jpg,32
515,image_BS1_515_16_59_49.jpg,32
516,image_BS1_516_16_59_50.jpg,32
517,image_BS1_517_16_59_50.jpg,33
518,image_BS1_518_16_59_50.jpg,34
519,image_BS1_519_16_59_50.jpg,34
520,image_BS1_520_16_59_50.jpg,34
521,image_BS1_521_16_59_50.jpg,34
522,image_BS1_522_16_59_50.jpg,34
523,image_BS1_523_16_59_51.jpg,37
524,image_BS1_524_16_59_51.jpg,37
525,image_BS1_525_16_59_51.jpg,37
526,image_BS1_526_16_59_51.jpg,38
527,image_BS1_527_16_59_51.jpg,38
528,image_BS1_528_16_59_51.jpg,39
529,image_BS1_529_16_59_51.jpg,39
530,image_BS1_530_16_59_51.jpg,39
531,image_BS1_531_16_59_52.jpg,39
532,image_BS1_532_16_59_52.jpg,40
533,image_BS1_533_16_59_52.jpg,42
534,image_BS1_534_16_59_52.jpg,42
535,image_BS1_535_16_59_52.jpg,42
536,image_BS1_536_16_59_52.jpg,42
537,image_BS1_537_16_59_52.jpg,42
538,image_BS1_538_16_59_52.jpg,42
539,image_BS1_539_16_59_53.jpg,42
540,image_BS1_540_16_59_53.jpg,42
541,image_BS1_541_16_59_53.jpg,42
542,image_BS1_542_16_59_53.jpg,42
543,image_BS1_543_16_59_53.jpg,42
544,image_BS1_544_16_59_53.jpg,40
545,image_BS1_545_16_59_53.jpg,40
546,image_BS1_546_16_59_53.jpg,40
547,image_BS1_547_16_59_54.jpg,40
548,image_BS1_548_16_59_54.jpg,40
549,image_BS1_549_16_59_54.jpg,40
550,image_BS1_550_16_59_54.jpg,40
551,image_BS1_551_16_59_54.jpg,42
552,image_BS1_552_16_59_54.jpg,42
553,image_BS1_553_16_59_54.jpg,42
554,image_BS1_554_16_59_55.jpg,39
555,image_BS1_555_16_59_56.jpg,37
556,image_BS1_556_16_59_56.jpg,34
557,image_BS1_557_16_59_57.jpg,34
558,image_BS1_558_16_59_57.jpg,34
559,image_BS1_559_16_59_57.jpg,34
560,image_BS1_560_16_59_57.jpg,33
561,image_BS1_561_16_59_57.jpg,33
562,image_BS1_562_16_59_57.jpg,33
563,image_BS1_563_16_59_58.jpg,33
564,image_BS1_564_16_59_58.jpg,33
565,image_BS1_565_16_59_58.jpg,33
566,image_BS1_566_16_59_59.jpg,29
567,image_BS1_567_16_59_59.jpg,32
568,image_BS1_568_17_00_00.jpg,31
569,image_BS1_569_17_00_00.jpg,31
570,image_BS1_570_17_00_00.jpg,32
571,image_BS1_571_17_00_01.jpg,32
572,image_BS1_572_17_00_01.jpg,32
573,image_BS1_573_17_00_01.jpg,31
574,image_BS1_574_17_00_01.jpg,32
575,image_BS1_575_17_00_01.jpg,31
576,image_BS1_576_17_00_01.jpg,30
577,image_BS1_577_17_00_01.jpg,30
578,image_BS1_578_17_00_01.jpg,29
579,image_BS1_579_17_00_02.jpg,29
580,image_BS1_580_17_00_02.jpg,29
581,image_BS1_581_17_00_02.jpg,29
582,image_BS1_582_17_00_02.jpg,27
583,image_BS1_583_17_00_02.jpg,27
584,image_BS1_584_17_00_02.jpg,26
585,image_BS1_585_17_00_02.jpg,26
586,image_BS1_586_17_00_02.jpg,23
587,image_BS1_587_17_00_03.jpg,22
588,image_BS1_588_17_00_03.jpg,22
589,image_BS1_589_17_00_03.jpg,21
590,image_BS1_590_17_00_03.jpg,20
591,image_BS1_591_17_00_03.jpg,20
592,image_BS1_592_17_00_03.jpg,17
593,image_BS1_593_17_00_03.jpg,17
594,image_BS1_594_17_00_03.jpg,17
595,image_BS1_595_17_00_04.jpg,17
596,image_BS1_596_17_00_04.jpg,17
597,image_BS1_597_17_00_04.jpg,17
598,image_BS1_598_17_00_04.jpg,17
599,image_BS1_599_17_00_04.jpg,17
600,image_BS1_600_17_00_04.jpg,17
601,image_BS1_601_17_00_04.jpg,17
602,image_BS1_602_17_00_05.jpg,17
603,image_BS1_603_17_00_05.jpg,17
604,image_BS1_604_17_00_05.jpg,17
605,image_BS1_605_17_00_05.jpg,17
606,image_BS1_606_17_00_05.jpg,17
607,image_BS1_607_17_00_05.jpg,17
608,image_BS1_608_17_00_05.jpg,17
609,image_BS1_609_17_00_05.jpg,19
610,image_BS1_610_17_00_06.jpg,19
611,image_BS1_611_17_00_06.jpg,20
612,image_BS1_612_17_00_06.jpg,20
613,image_BS1_613_17_00_06.jpg,21
614,image_BS1_614_17_00_06.jpg,22
615,image_BS1_615_17_00_06.jpg,22
616,image_BS1_616_17_00_06.jpg,22
617,image_BS1_617_17_00_06.jpg,23
618,image_BS1_618_17_00_07.jpg,23
619,image_BS1_619_17_00_07.jpg,26
620,image_BS1_620_17_00_07.jpg,27
621,image_BS1_621_17_00_07.jpg,27
622,image_BS1_622_17_00_07.jpg,29
623,image_BS1_623_17_00_07.jpg,29
624,image_BS1_624_17_00_07.jpg,29
625,image_BS1_625_17_00_07.jpg,32
626,image_BS1_626_17_00_08.jpg,34
627,image_BS1_627_17_00_08.jpg,34
628,image_BS1_628_17_00_08.jpg,37
629,image_BS1_629_17_00_08.jpg,37
630,image_BS1_630_17_00_08.jpg,39
631,image_BS1_631_17_00_08.jpg,39
632,image_BS1_632_17_00_08.jpg,39
633,image_BS1_633_17_00_09.jpg,42
634,image_BS1_634_17_00_09.jpg,42
635,image_BS1_635_17_00_09.jpg,43
636,image_BS1_636_17_00_09.jpg,44
637,image_BS1_637_17_00_09.jpg,45
638,image_BS1_638_17_00_09.jpg,46
639,image_BS1_639_17_00_09.jpg,47
640,image_BS1_640_17_00_09.jpg,47
641,image_BS1_641_17_00_10.jpg,47
642,image_BS1_642_17_00_10.jpg,48
643,image_BS1_643_17_00_10.jpg,49
644,image_BS1_644_17_00_10.jpg,49
645,image_BS1_645_17_00_10.jpg,49
646,image_BS1_646_17_00_10.jpg,48
647,image_BS1_647_17_00_10.jpg,48
648,image_BS1_648_17_00_10.jpg,48
649,image_BS1_649_17_00_11.jpg,49
650,image_BS1_650_17_00_11.jpg,49
651,image_BS1_651_17_00_11.jpg,48
652,image_BS1_652_17_00_11.jpg,48
653,image_BS1_653_17_00_11.jpg,48
654,image_BS1_654_17_00_11.jpg,49
655,image_BS1_655_17_00_11.jpg,48
656,image_BS1_656_17_00_11.jpg,48
657,image_BS1_657_17_00_12.jpg,48
658,image_BS1_658_17_00_12.jpg,49
659,image_BS1_659_17_00_12.jpg,49
660,image_BS1_660_17_00_12.jpg,49
661,image_BS1_661_17_00_13.jpg,52
662,image_BS1_662_17_00_13.jpg,54
663,image_BS1_663_17_00_13.jpg,55
664,image_BS1_664_17_00_13.jpg,55
665,image_BS1_665_17_00_13.jpg,55
666,image_BS1_666_17_00_13.jpg,57
667,image_BS1_667_17_00_13.jpg,59
668,image_BS1_668_17_00_18.jpg,58
669,image_BS1_669_17_00_18.jpg,55
670,image_BS1_670_17_00_19.jpg,55
671,image_BS1_671_17_00_19.jpg,55
672,image_BS1_672_17_00_19.jpg,54
673,image_BS1_673_17_00_19.jpg,49
674,image_BS1_674_17_00_19.jpg,49
675,image_BS1_675_17_00_19.jpg,47
676,image_BS1_676_17_00_20.jpg,45
677,image_BS1_677_17_00_20.jpg,43
678,image_BS1_678_17_00_20.jpg,42
679,image_BS1_679_17_00_20.jpg,39
680,image_BS1_680_17_00_20.jpg,38
681,image_BS1_681_17_00_20.jpg,36
682,image_BS1_682_17_00_20.jpg,34
683,image_BS1_683_17_00_21.jpg,32
684,image_BS1_684_17_00_21.jpg,29
685,image_BS1_685_17_00_21.jpg,27
686,image_BS1_686_17_00_21.jpg,26
687,image_BS1_687_17_00_21.jpg,23
688,image_BS1_688_17_00_21.jpg,22
689,image_BS1_689_17_00_21.jpg,20
690,image_BS1_690_17_00_21.jpg,17
691,image_BS1_691_17_00_22.jpg,17
692,image_BS1_692_17_00_22.jpg,17
693,image_BS1_693_17_00_22.jpg,14
694,image_BS1_694_17_00_22.jpg,14
695,image_BS1_695_17_00_22.jpg,14
696,image_BS1_696_17_00_22.jpg,13
697,image_BS1_697_17_00_22.jpg,11
698,image_BS1_698_17_00_23.jpg,11
699,image_BS1_699_17_00_23.jpg,11
700,image_BS1_700_17_00_23.jpg,11
701,image_BS1_701_17_00_23.jpg,11
702,image_BS1_702_17_00_23.jpg,11
703,image_BS1_703_17_00_23.jpg,11
704,image_BS1_704_17_00_23.jpg,11
705,image_BS1_705_17_00_24.jpg,11
706,image_BS1_706_17_00_24.jpg,11
707,image_BS1_707_17_00_24.jpg,11
708,image_BS1_708_17_00_24.jpg,11
709,image_BS1_709_17_00_24.jpg,11
710,image_BS1_710_17_00_24.jpg,11
711,image_BS1_711_17_00_24.jpg,11
712,image_BS1_712_17_00_24.jpg,11
713,image_BS1_713_17_00_25.jpg,11
714,image_BS1_714_17_00_25.jpg,11
715,image_BS1_715_17_00_25.jpg,13
716,image_BS1_716_17_00_25.jpg,14
717,image_BS1_717_17_00_25.jpg,14
718,image_BS1_718_17_00_25.jpg,14
719,image_BS1_719_17_00_25.jpg,14
720,image_BS1_720_17_00_25.jpg,17
721,image_BS1_721_17_00_26.jpg,17
722,image_BS1_722_17_00_26.jpg,17
723,image_BS1_723_17_00_26.jpg,19
724,image_BS1_724_17_00_26.jpg,20
725,image_BS1_725_17_00_26.jpg,20
726,image_BS1_726_17_00_26.jpg,22
727,image_BS1_727_17_00_26.jpg,22
728,image_BS1_728_17_00_26.jpg,23
729,image_BS1_729_17_00_27.jpg,26
730,image_BS1_730_17_00_27.jpg,27
731,image_BS1_731_17_00_27.jpg,29
732,image_BS1_732_17_00_27.jpg,29
733,image_BS1_733_17_00_27.jpg,32
734,image_BS1_734_17_00_27.jpg,34
735,image_BS1_735_17_00_27.jpg,34
736,image_BS1_736_17_00_28.jpg,37
737,image_BS1_737_17_00_28.jpg,39
738,image_BS1_738_17_00_28.jpg,39
739,image_BS1_739_17_00_28.jpg,43
740,image_BS1_740_17_00_28.jpg,45
741,image_BS1_741_17_00_28.jpg,46
742,image_BS1_742_17_00_28.jpg,48
743,image_BS1_743_17_00_28.jpg,49
744,image_BS1_744_17_00_29.jpg,51
745,image_BS1_745_17_00_29.jpg,51
746,image_BS1_746_17_00_29.jpg,54
747,image_BS1_747_17_00_29.jpg,55
748,image_BS1_748_17_00_29.jpg,55
749,image_BS1_749_17_00_29.jpg,55
750,image_BS1_750_17_00_29.jpg,55
751,image_BS1_751_17_00_29.jpg,59
752,image_BS1_752_17_00_30.jpg,59
753,image_BS1_753_17_00_30.jpg,59
754,image_BS1_754_17_00_30.jpg,59
755,image_BS1_755_17_00_32.jpg,59
756,image_BS1_756_17_00_32.jpg,59
757,image_BS1_757_17_00_32.jpg,59
758,image_BS1_758_17_00_32.jpg,59
759,image_BS1_759_17_00_32.jpg,57
760,image_BS1_760_17_00_32.jpg,55
761,image_BS1_761_17_00_32.jpg,55
762,image_BS1_762_17_00_32.jpg,55
763,image_BS1_763_17_00_33.jpg,55
764,image_BS1_764_17_00_33.jpg,54
765,image_BS1_765_17_00_33.jpg,52
766,image_BS1_766_17_00_33.jpg,51
767,image_BS1_767_17_00_33.jpg,51
768,image_BS1_768_17_00_33.jpg,49
769,image_BS1_769_17_00_34.jpg,49
770,image_BS1_770_17_00_34.jpg,49
771,image_BS1_771_17_00_34.jpg,47
772,image_BS1_772_17_00_34.jpg,47
773,image_BS1_773_17_00_34.jpg,46
774,image_BS1_774_17_00_34.jpg,45
775,image_BS1_775_17_00_34.jpg,44
776,image_BS1_776_17_00_34.jpg,43
777,image_BS1_777_17_00_35.jpg,43
778,image_BS1_778_17_00_35.jpg,42
779,image_BS1_779_17_00_35.jpg,42
780,image_BS1_780_17_00_35.jpg,39
781,image_BS1_781_17_00_35.jpg,39
782,image_BS1_782_17_00_35.jpg,39
783,image_BS1_783_17_00_35.jpg,39
784,image_BS1_784_17_00_35.jpg,38
785,image_BS1_785_17_00_36.jpg,38
786,image_BS1_786_17_00_36.jpg,38
787,image_BS1_787_17_00_36.jpg,37
788,image_BS1_788_17_00_38.jpg,37
789,image_BS1_789_17_00_38.jpg,37
790,image_BS1_790_17_00_38.jpg,37
791,image_BS1_791_17_00_38.jpg,36
792,image_BS1_792_17_00_38.jpg,34
793,image_BS1_793_17_00_38.jpg,34
794,image_BS1_794_17_00_38.jpg,34
795,image_BS1_795_17_00_38.jpg,34
796,image_BS1_796_17_00_39.jpg,34
797,image_BS1_797_17_00_39.jpg,34
798,image_BS1_798_17_00_39.jpg,34
799,image_BS1_799_17_00_39.jpg,34
800,image_BS1_800_17_00_39.jpg,34
801,image_BS1_801_17_00_39.jpg,34
802,image_BS1_802_17_00_39.jpg,33
803,image_BS1_803_17_00_39.jpg,32
804,image_BS1_804_17_00_40.jpg,31
805,image_BS1_805_17_00_40.jpg,29
806,image_BS1_806_17_00_40.jpg,29
807,image_BS1_807_17_00_40.jpg,29
808,image_BS1_808_17_00_40.jpg,27
809,image_BS1_809_17_00_40.jpg,27
810,image_BS1_810_17_00_40.jpg,26
811,image_BS1_811_17_00_41.jpg,26
812,image_BS1_812_17_00_41.jpg,23
813,image_BS1_813_17_00_41.jpg,23
814,image_BS1_814_17_00_41.jpg,23
815,image_BS1_815_17_00_41.jpg,22
816,image_BS1_816_17_00_41.jpg,22
817,image_BS1_817_17_00_41.jpg,22
818,image_BS1_818_17_00_41.jpg,21
819,image_BS1_819_17_00_42.jpg,21
820,image_BS1_820_17_00_42.jpg,20
821,image_BS1_821_17_00_42.jpg,19
822,image_BS1_822_17_00_42.jpg,17
823,image_BS1_823_17_00_42.jpg,17
824,image_BS1_824_17_00_42.jpg,14
825,image_BS1_825_17_00_43.jpg,14
826,image_BS1_826_17_00_43.jpg,14
827,image_BS1_827_17_00_43.jpg,11
828,image_BS1_828_17_00_43.jpg,11
829,image_BS1_829_17_00_43.jpg,11
830,image_BS1_830_17_00_43.jpg,8
831,image_BS1_831_17_00_43.jpg,7
832,image_BS1_832_17_00_43.jpg,7
833,image_BS1_833_17_00_44.jpg,6
834,image_BS1_834_17_00_44.jpg,6
835,image_BS1_835_17_00_44.jpg,6
836,image_BS1_836_17_00_44.jpg,5
837,image_BS1_837_17_00_44.jpg,4
838,image_BS1_838_17_00_44.jpg,4
839,image_BS1_839_17_00_44.jpg,4
840,image_BS1_840_17_00_44.jpg,4
841,image_BS1_841_17_00_45.jpg,4
842,image_BS1_842_17_00_45.jpg,4
843,image_BS1_843_17_00_45.jpg,4
844,image_BS1_844_17_00_45.jpg,4
845,image_BS1_845_17_00_45.jpg,4
846,image_BS1_846_17_00_45.jpg,4
847,image_BS1_847_17_00_45.jpg,4
848,image_BS1_848_17_00_45.jpg,6
849,image_BS1_849_17_00_46.jpg,6
850,image_BS1_850_17_00_46.jpg,6
851,image_BS1_851_17_00_46.jpg,6
852,image_BS1_852_17_00_46.jpg,6
853,image_BS1_853_17_00_46.jpg,6
854,image_BS1_854_17_00_46.jpg,6
855,image_BS1_855_17_00_46.jpg,7
856,image_BS1_856_17_00_47.jpg,7
857,image_BS1_857_17_00_48.jpg,14
858,image_BS1_858_17_00_48.jpg,17
859,image_BS1_859_17_00_48.jpg,17
860,image_BS1_860_17_00_48.jpg,17
861,image_BS1_861_17_00_48.jpg,20
862,image_BS1_862_17_00_48.jpg,21
863,image_BS1_863_17_00_48.jpg,22
864,image_BS1_864_17_00_48.jpg,22
865,image_BS1_865_17_00_49.jpg,23
866,image_BS1_866_17_00_49.jpg,26
867,image_BS1_867_17_00_49.jpg,27
868,image_BS1_868_17_00_49.jpg,27
869,image_BS1_869_17_00_49.jpg,28
870,image_BS1_870_17_00_49.jpg,29
871,image_BS1_871_17_00_49.jpg,29
872,image_BS1_872_17_00_49.jpg,29
873,image_BS1_873_17_00_50.jpg,29
874,image_BS1_874_17_00_50.jpg,33
875,image_BS1_875_17_00_50.jpg,34
876,image_BS1_876_17_00_50.jpg,33
877,image_BS1_877_17_00_50.jpg,33
878,image_BS1_878_17_00_50.jpg,33
879,image_BS1_879_17_00_50.jpg,33
880,image_BS1_880_17_00_51.jpg,33
881,image_BS1_881_17_00_51.jpg,32
882,image_BS1_882_17_00_51.jpg,31
883,image_BS1_883_17_00_51.jpg,33
884,image_BS1_884_17_00_51.jpg,31
885,image_BS1_885_17_00_51.jpg,30
886,image_BS1_886_17_00_51.jpg,29
887,image_BS1_887_17_00_51.jpg,29
888,image_BS1_888_17_00_52.jpg,29
889,image_BS1_889_17_00_52.jpg,27
890,image_BS1_890_17_00_54.jpg,23
891,image_BS1_891_17_00_54.jpg,23
892,image_BS1_892_17_00_54.jpg,23
893,image_BS1_893_17_00_54.jpg,23
894,image_BS1_894_17_00_54.jpg,23
895,image_BS1_895_17_00_54.jpg,23
896,image_BS1_896_17_00_54.jpg,23
897,image_BS1_897_17_00_55.jpg,23
898,image_BS1_898_17_00_55.jpg,23
899,image_BS1_899_17_00_55.jpg,23
900,image_BS1_900_17_00_55.jpg,23
901,image_BS1_901_17_00_55.jpg,23
902,image_BS1_902_17_00_55.jpg,23
903,image_BS1_903_17_00_56.jpg,23
904,image_BS1_904_17_00_56.jpg,22
905,image_BS1_905_17_00_56.jpg,22
906,image_BS1_906_17_00_56.jpg,23
907,image_BS1_907_17_00_56.jpg,23
908,image_BS1_908_17_00_56.jpg,23
909,image_BS1_909_17_00_56.jpg,23
910,image_BS1_910_17_00_57.jpg,23
911,image_BS1_911_17_00_57.jpg,16
912,image_BS1_912_17_00_57.jpg,23
913,image_BS1_913_17_00_57.jpg,23
914,image_BS1_914_17_00_57.jpg,23
915,image_BS1_915_17_00_57.jpg,23
916,image_BS1_916_17_00_57.jpg,23
917,image_BS1_917_17_00_58.jpg,23
918,image_BS1_918_17_00_58.jpg,23
919,image_BS1_919_17_00_58.jpg,26
920,image_BS1_920_17_00_58.jpg,26
921,image_BS1_921_17_00_58.jpg,26
922,image_BS1_922_17_00_58.jpg,26
923,image_BS1_923_17_00_58.jpg,26
924,image_BS1_924_17_00_58.jpg,26
925,image_BS1_925_17_00_59.jpg,26
926,image_BS1_926_17_00_59.jpg,26
927,image_BS1_927_17_00_59.jpg,26
928,image_BS1_928_17_00_59.jpg,27
929,image_BS1_929_17_00_59.jpg,27
930,image_BS1_930_17_00_59.jpg,27
931,image_BS1_931_17_00_59.jpg,27
932,image_BS1_932_17_00_59.jpg,27
933,image_BS1_933_17_01_00.jpg,27
934,image_BS1_934_17_01_00.jpg,27
935,image_BS1_935_17_01_00.jpg,27
936,image_BS1_936_17_01_00.jpg,27
937,image_BS1_937_17_01_00.jpg,29
938,image_BS1_938_17_01_00.jpg,29
939,image_BS1_939_17_01_01.jpg,29
940,image_BS1_940_17_01_01.jpg,29
941,image_BS1_941_17_01_01.jpg,29
942,image_BS1_942_17_01_01.jpg,33
943,image_BS1_943_17_01_01.jpg,32
944,image_BS1_944_17_01_01.jpg,31
945,image_BS1_945_17_01_01.jpg,33
946,image_BS1_946_17_01_02.jpg,33
947,image_BS1_947_17_01_02.jpg,34
948,image_BS1_948_17_01_02.jpg,34
949,image_BS1_949_17_01_02.jpg,34
950,image_BS1_950_17_01_02.jpg,36
951,image_BS1_951_17_01_02.jpg,36
952,image_BS1_952_17_01_02.jpg,37
953,image_BS1_953_17_01_03.jpg,39
954,image_BS1_954_17_01_03.jpg,39
955,image_BS1_955_17_01_03.jpg,39
956,image_BS1_956_17_01_03.jpg,39
957,image_BS1_957_17_01_03.jpg,39
958,image_BS1_958_17_01_03.jpg,39
959,image_BS1_959_17_01_04.jpg,39
960,image_BS1_960_17_01_04.jpg,39
961,image_BS1_961_17_01_04.jpg,39
962,image_BS1_962_17_01_04.jpg,39
963,image_BS1_963_17_01_04.jpg,39
964,image_BS1_964_17_01_04.jpg,38
965,image_BS1_965_17_01_05.jpg,39
966,image_BS1_966_17_01_05.jpg,36
967,image_BS1_967_17_01_05.jpg,29
968,image_BS1_968_17_01_06.jpg,27
969,image_BS1_969_17_01_06.jpg,26
970,image_BS1_970_17_01_06.jpg,26
971,image_BS1_971_17_01_06.jpg,22
972,image_BS1_972_17_01_06.jpg,22
973,image_BS1_973_17_01_06.jpg,22
974,image_BS1_974_17_01_06.jpg,22
975,image_BS1_975_17_01_07.jpg,22
976,image_BS1_976_17_01_07.jpg,21
977,image_BS1_977_17_01_07.jpg,20
978,image_BS1_978_17_01_07.jpg,19
979,image_BS1_979_17_01_07.jpg,17
980,image_BS1_980_17_01_07.jpg,17
981,image_BS1_981_17_01_07.jpg,17
982,image_BS1_982_17_01_08.jpg,16
983,image_BS1_983_17_01_08.jpg,17
984,image_BS1_984_17_01_08.jpg,16
985,image_BS1_985_17_01_08.jpg,14
986,image_BS1_986_17_01_08.jpg,14
987,image_BS1_987_17_01_08.jpg,13
988,image_BS1_988_17_01_08.jpg,13
989,image_BS1_989_17_01_08.jpg,11
990,image_BS1_990_17_01_09.jpg,11
991,image_BS1_991_17_01_09.jpg,11
992,image_BS1_992_17_01_09.jpg,11
993,image_BS1_993_17_01_09.jpg,11
994,image_BS1_994_17_01_09.jpg,11
995,image_BS1_995_17_01_09.jpg,11
996,image_BS1_996_17_01_10.jpg,56
997,image_BS1_997_17_01_10.jpg,6
998,image_BS1_998_17_01_10.jpg,11
999,image_BS1_999_17_01_10.jpg,11
1000,image_BS1_1000_17_01_10.jpg,11
1001,image_BS1_1001_17_01_10.jpg,10
1002,image_BS1_1002_17_01_11.jpg,11
1003,image_BS1_1003_17_01_11.jpg,11
1004,image_BS1_1004_17_01_11.jpg,11
1005,image_BS1_1005_17_01_11.jpg,10
1006,image_BS1_1006_17_01_12.jpg,11
1007,image_BS1_1007_17_01_12.jpg,11
1008,image_BS1_1008_17_01_12.jpg,11
1009,image_BS1_1009_17_01_12.jpg,11
1010,image_BS1_1010_17_01_12.jpg,14
1011,image_BS1_1011_17_01_12.jpg,15
1012,image_BS1_1012_17_01_12.jpg,16
1013,image_BS1_1013_17_01_12.jpg,17
1014,image_BS1_1014_17_01_13.jpg,17
1015,image_BS1_1015_17_01_13.jpg,17
1016,image_BS1_1016_17_01_13.jpg,17
1017,image_BS1_1017_17_01_13.jpg,17
1018,image_BS1_1018_17_01_13.jpg,17
1019,image_BS1_1019_17_01_13.jpg,17
1020,image_BS1_1020_17_01_13.jpg,20
1021,image_BS1_1021_17_01_13.jpg,21
1022,image_BS1_1022_17_01_14.jpg,21
1023,image_BS1_1023_17_01_14.jpg,22
1024,image_BS1_1024_17_01_14.jpg,21
1025,image_BS1_1025_17_01_14.jpg,22
1026,image_BS1_1026_17_01_14.jpg,23
1027,image_BS1_1027_17_01_14.jpg,22
1028,image_BS1_1028_17_01_15.jpg,23
1029,image_BS1_1029_17_01_15.jpg,26
1030,image_BS1_1030_17_01_15.jpg,26
1031,image_BS1_1031_17_01_15.jpg,26
1032,image_BS1_1032_17_01_15.jpg,26
1033,image_BS1_1033_17_01_15.jpg,27
1034,image_BS1_1034_17_01_15.jpg,27
1035,image_BS1_1035_17_01_16.jpg,28
1036,image_BS1_1036_17_01_16.jpg,29
1037,image_BS1_1037_17_01_16.jpg,29
1038,image_BS1_1038_17_01_16.jpg,29
1039,image_BS1_1039_17_01_17.jpg,29
1040,image_BS1_1040_17_01_17.jpg,29
1041,image_BS1_1041_17_01_17.jpg,29
1042,image_BS1_1042_17_01_17.jpg,29
1043,image_BS1_1043_17_01_17.jpg,29
1044,image_BS1_1044_17_01_17.jpg,29
1045,image_BS1_1045_17_01_17.jpg,29
1046,image_BS1_1046_17_01_17.jpg,29
1047,image_BS1_1047_17_01_18.jpg,29
1048,image_BS1_1048_17_01_18.jpg,29
1049,image_BS1_1049_17_01_18.jpg,29
1050,image_BS1_1050_17_01_18.jpg,29
1051,image_BS1_1051_17_01_18.jpg,29
1052,image_BS1_1052_17_01_18.jpg,28
1053,image_BS1_1053_17_01_18.jpg,28
1054,image_BS1_1054_17_01_19.jpg,27
1055,image_BS1_1055_17_01_19.jpg,27
1056,image_BS1_1056_17_01_19.jpg,27
1057,image_BS1_1057_17_01_19.jpg,27
1058,image_BS1_1058_17_01_19.jpg,27
1059,image_BS1_1059_17_01_19.jpg,27
1060,image_BS1_1060_17_01_19.jpg,26
1061,image_BS1_1061_17_01_19.jpg,26
1062,image_BS1_1062_17_01_20.jpg,26
1063,image_BS1_1063_17_01_20.jpg,26
1064,image_BS1_1064_17_01_20.jpg,26
1065,image_BS1_1065_17_01_20.jpg,26
1066,image_BS1_1066_17_01_20.jpg,27
1067,image_BS1_1067_17_01_20.jpg,26
1068,image_BS1_1068_17_01_21.jpg,26
1069,image_BS1_1069_17_01_21.jpg,27
1070,image_BS1_1070_17_01_21.jpg,26
1071,image_BS1_1071_17_01_21.jpg,23
1072,image_BS1_1072_17_01_21.jpg,23
1073,image_BS1_1073_17_01_21.jpg,26
1074,image_BS1_1074_17_01_21.jpg,26
1075,image_BS1_1075_17_01_22.jpg,26
1076,image_BS1_1076_17_01_22.jpg,26
1077,image_BS1_1077_17_01_23.jpg,27
1078,image_BS1_1078_17_01_23.jpg,27
1079,image_BS1_1079_17_01_23.jpg,27
1080,image_BS1_1080_17_01_23.jpg,27
1081,image_BS1_1081_17_01_24.jpg,27
1082,image_BS1_1082_17_01_24.jpg,27
1083,image_BS1_1083_17_01_24.jpg,27
1084,image_BS1_1084_17_01_24.jpg,27
1085,image_BS1_1085_17_01_24.jpg,27
1086,image_BS1_1086_17_01_24.jpg,27
1087,image_BS1_1087_17_01_24.jpg,27
1088,image_BS1_1088_17_01_24.jpg,29
1089,image_BS1_1089_17_01_25.jpg,27
1090,image_BS1_1090_17_01_25.jpg,27
1091,image_BS1_1091_17_01_25.jpg,27
1092,image_BS1_1092_17_01_25.jpg,27
1093,image_BS1_1093_17_01_25.jpg,27
1094,image_BS1_1094_17_01_25.jpg,28
1095,image_BS1_1095_17_01_25.jpg,27
1096,image_BS1_1096_17_01_25.jpg,27
1097,image_BS1_1097_17_01_26.jpg,27
1098,image_BS1_1098_17_01_26.jpg,28
1099,image_BS1_1099_17_01_26.jpg,27
1100,image_BS1_1100_17_01_26.jpg,27
1101,image_BS1_1101_17_01_26.jpg,27
1102,image_BS1_1102_17_01_26.jpg,28
1103,image_BS1_1103_17_01_26.jpg,28
1104,image_BS1_1104_17_01_26.jpg,28
1105,image_BS1_1105_17_01_27.jpg,28
1106,image_BS1_1106_17_01_27.jpg,27
1107,image_BS1_1107_17_01_27.jpg,27
1108,image_BS1_1108_17_01_27.jpg,28
1109,image_BS1_1109_17_01_27.jpg,28
1110,image_BS1_1110_17_01_27.jpg,27
1111,image_BS1_1111_17_01_27.jpg,27
1112,image_BS1_1112_17_01_28.jpg,28
1113,image_BS1_1113_17_01_28.jpg,29
1114,image_BS1_1114_17_01_28.jpg,27
1115,image_BS1_1115_17_01_28.jpg,27
1116,image_BS1_1116_17_01_28.jpg,27
1117,image_BS1_1117_17_01_28.jpg,27
1118,image_BS1_1118_17_01_28.jpg,28
1119,image_BS1_1119_17_01_28.jpg,27
1120,image_BS1_1120_17_01_29.jpg,27
1121,image_BS1_1121_17_01_29.jpg,27
1122,image_BS1_1122_17_01_29.jpg,27
1123,image_BS1_1123_17_01_29.jpg,27
1124,image_BS1_1124_17_01_29.jpg,27
1125,image_BS1_1125_17_01_29.jpg,27
1126,image_BS1_1126_17_01_29.jpg,27
1127,image_BS1_1127_17_01_29.jpg,27
1128,image_BS1_1128_17_01_30.jpg,27
1129,image_BS1_1129_17_01_30.jpg,27
1130,image_BS1_1130_17_01_30.jpg,29
1131,image_BS1_1131_17_01_30.jpg,27
1132,image_BS1_1132_17_01_30.jpg,27
1133,image_BS1_1133_17_01_30.jpg,27
1134,image_BS1_1134_17_01_30.jpg,29
1135,image_BS1_1135_17_01_30.jpg,27
1136,image_BS1_1136_17_01_31.jpg,27
1137,image_BS1_1137_17_01_31.jpg,27
1138,image_BS1_1138_17_01_32.jpg,29
1139,image_BS1_1139_17_01_32.jpg,29
1140,image_BS1_1140_17_01_32.jpg,29
1141,image_BS1_1141_17_01_32.jpg,29
1142,image_BS1_1142_17_01_32.jpg,29
1143,image_BS1_1143_17_01_32.jpg,29
1144,image_BS1_1144_17_01_32.jpg,29
1145,image_BS1_1145_17_01_33.jpg,29
1146,image_BS1_1146_17_01_33.jpg,29
1147,image_BS1_1147_17_01_33.jpg,29
1148,image_BS1_1148_17_01_33.jpg,31
1149,image_BS1_1149_17_01_33.jpg,32
1150,image_BS1_1150_17_01_33.jpg,32
1151,image_BS1_1151_17_01_33.jpg,34
1152,image_BS1_1152_17_01_34.jpg,34
1153,image_BS1_1153_17_01_34.jpg,34
1154,image_BS1_1154_17_01_34.jpg,34
1155,image_BS1_1155_17_01_34.jpg,37
1156,image_BS1_1156_17_01_34.jpg,37
1157,image_BS1_1157_17_01_34.jpg,39
1158,image_BS1_1158_17_01_36.jpg,37
1159,image_BS1_1159_17_01_37.jpg,37
1160,image_BS1_1160_17_01_37.jpg,34
1161,image_BS1_1161_17_01_37.jpg,34
1162,image_BS1_1162_17_01_37.jpg,34
1163,image_BS1_1163_17_01_37.jpg,32
1164,image_BS1_1164_17_01_37.jpg,32
1165,image_BS1_1165_17_01_37.jpg,31
1166,image_BS1_1166_17_01_37.jpg,29
1167,image_BS1_1167_17_01_38.jpg,29
1168,image_BS1_1168_17_01_38.jpg,29
1169,image_BS1_1169_17_01_38.jpg,27
1170,image_BS1_1170_17_01_38.jpg,27
1171,image_BS1_1171_17_01_38.jpg,26
1172,image_BS1_1172_17_01_38.jpg,23
1173,image_BS1_1173_17_01_38.jpg,23
1174,image_BS1_1174_17_01_39.jpg,22
1175,image_BS1_1175_17_01_39.jpg,22
1176,image_BS1_1176_17_01_39.jpg,22
1177,image_BS1_1177_17_01_39.jpg,20
1178,image_BS1_1178_17_01_39.jpg,20
1179,image_BS1_1179_17_01_39.jpg,17
1180,image_BS1_1180_17_01_39.jpg,17
1181,image_BS1_1181_17_01_39.jpg,17
1182,image_BS1_1182_17_01_40.jpg,17
1183,image_BS1_1183_17_01_40.jpg,17
1184,image_BS1_1184_17_01_40.jpg,16
1185,image_BS1_1185_17_01_40.jpg,14
1186,image_BS1_1186_17_01_40.jpg,14
1187,image_BS1_1187_17_01_40.jpg,14
1188,image_BS1_1188_17_01_40.jpg,14
1189,image_BS1_1189_17_01_40.jpg,14
1190,image_BS1_1190_17_01_41.jpg,14
1191,image_BS1_1191_17_01_41.jpg,14
1192,image_BS1_1192_17_01_41.jpg,14
1193,image_BS1_1193_17_01_41.jpg,14
1194,image_BS1_1194_17_01_41.jpg,14
1195,image_BS1_1195_17_01_41.jpg,14
1196,image_BS1_1196_17_01_41.jpg,17
1197,image_BS1_1197_17_01_42.jpg,17
1198,image_BS1_1198_17_01_42.jpg,17
1199,image_BS1_1199_17_01_42.jpg,17
1200,image_BS1_1200_17_01_42.jpg,17
1201,image_BS1_1201_17_01_42.jpg,17
1202,image_BS1_1202_17_01_42.jpg,17
1203,image_BS1_1203_17_01_42.jpg,17
1204,image_BS1_1204_17_01_42.jpg,17
1205,image_BS1_1205_17_01_43.jpg,17
1206,image_BS1_1206_17_01_43.jpg,17
1207,image_BS1_1207_17_01_43.jpg,17
1208,image_BS1_1208_17_01_43.jpg,17
1209,image_BS1_1209_17_01_43.jpg,19
1210,image_BS1_1210_17_01_43.jpg,19
1211,image_BS1_1211_17_01_43.jpg,19
1212,image_BS1_1212_17_01_43.jpg,20
1213,image_BS1_1213_17_01_44.jpg,20
1214,image_BS1_1214_17_01_44.jpg,21
1215,image_BS1_1215_17_01_44.jpg,21
1216,image_BS1_1216_17_01_44.jpg,21
1217,image_BS1_1217_17_01_44.jpg,21
1218,image_BS1_1218_17_01_44.jpg,22
1219,image_BS1_1219_17_01_44.jpg,22
1220,image_BS1_1220_17_01_44.jpg,22
1221,image_BS1_1221_17_01_45.jpg,22
1222,image_BS1_1222_17_01_45.jpg,22
1223,image_BS1_1223_17_01_45.jpg,23
1224,image_BS1_1224_17_01_45.jpg,23
1225,image_BS1_1225_17_01_45.jpg,23
1226,image_BS1_1226_17_01_45.jpg,23
1227,image_BS1_1227_17_01_45.jpg,26
1228,image_BS1_1228_17_01_46.jpg,26
1229,image_BS1_1229_17_01_46.jpg,26
1230,image_BS1_1230_17_01_46.jpg,26
1231,image_BS1_1231_17_01_46.jpg,27
1232,image_BS1_1232_17_01_46.jpg,27
1233,image_BS1_1233_17_01_46.jpg,27
1234,image_BS1_1234_17_01_46.jpg,28
1235,image_BS1_1235_17_01_46.jpg,29
1236,image_BS1_1236_17_01_47.jpg,29
1237,image_BS1_1237_17_01_47.jpg,29
1238,image_BS1_1238_17_01_47.jpg,29
1239,image_BS1_1239_17_01_47.jpg,29
1240,image_BS1_1240_17_01_47.jpg,29
1241,image_BS1_1241_17_01_47.jpg,29
1242,image_BS1_1242_17_01_47.jpg,29
1243,image_BS1_1243_17_01_47.jpg,29
1244,image_BS1_1244_17_01_48.jpg,29
1245,image_BS1_1245_17_01_48.jpg,30
1246,image_BS1_1246_17_01_48.jpg,31
1247,image_BS1_1247_17_01_48.jpg,31
1248,image_BS1_1248_17_01_48.jpg,31
1249,image_BS1_1249_17_01_48.jpg,32
1250,image_BS1_1250_17_01_49.jpg,32
1251,image_BS1_1251_17_01_49.jpg,31
1252,image_BS1_1252_17_01_49.jpg,31
1253,image_BS1_1253_17_01_49.jpg,30
1254,image_BS1_1254_17_01_49.jpg,30
1255,image_BS1_1255_17_01_50.jpg,29
1256,image_BS1_1256_17_01_50.jpg,29
1257,image_BS1_1257_17_01_50.jpg,29
1258,image_BS1_1258_17_01_50.jpg,29
1259,image_BS1_1259_17_01_50.jpg,29
1260,image_BS1_1260_17_01_50.jpg,29
1261,image_BS1_1261_17_01_50.jpg,29
1262,image_BS1_1262_17_01_50.jpg,29
1263,image_BS1_1263_17_01_51.jpg,29
1264,image_BS1_1264_17_01_51.jpg,29
1265,image_BS1_1265_17_01_51.jpg,29
1266,image_BS1_1266_17_01_51.jpg,29
1267,image_BS1_1267_17_01_51.jpg,29
1268,image_BS1_1268_17_01_51.jpg,29
1269,image_BS1_1269_17_01_51.jpg,29
1270,image_BS1_1270_17_01_51.jpg,29
1271,image_BS1_1271_17_01_52.jpg,29
1272,image_BS1_1272_17_01_52.jpg,29
1273,image_BS1_1273_17_01_52.jpg,29
1274,image_BS1_1274_17_01_52.jpg,29
1275,image_BS1_1275_17_01_52.jpg,29
1276,image_BS1_1276_17_01_53.jpg,29
1277,image_BS1_1277_17_01_55.jpg,31
1278,image_BS1_1278_17_01_55.jpg,31
1279,image_BS1_1279_17_01_55.jpg,31
1280,image_BS1_1280_17_01_55.jpg,31
1281,image_BS1_1281_17_01_56.jpg,31
1282,image_BS1_1282_17_01_56.jpg,31
1283,image_BS1_1283_17_01_56.jpg,31
1284,image_BS1_1284_17_01_56.jpg,31
1285,image_BS1_1285_17_01_56.jpg,31
1286,image_BS1_1286_17_01_56.jpg,31
1287,image_BS1_1287_17_01_56.jpg,30
1288,image_BS1_1288_17_01_56.jpg,31
1289,image_BS1_1289_17_01_57.jpg,31
1290,image_BS1_1290_17_01_57.jpg,31
1291,image_BS1_1291_17_01_57.jpg,31
1292,image_BS1_1292_17_01_57.jpg,31
1293,image_BS1_1293_17_01_57.jpg,32
1294,image_BS1_1294_17_01_57.jpg,31
1295,image_BS1_1295_17_01_57.jpg,31
1296,image_BS1_1296_17_01_58.jpg,32
1297,image_BS1_1297_17_01_58.jpg,32
1298,image_BS1_1298_17_01_58.jpg,31
1299,image_BS1_1299_17_01_58.jpg,31
1300,image_BS1_1300_17_01_58.jpg,32
1301,image_BS1_1301_17_01_58.jpg,31
1302,image_BS1_1302_17_01_58.jpg,32
1303,image_BS1_1303_17_01_58.jpg,32
1304,image_BS1_1304_17_01_59.jpg,32
1305,image_BS1_1305_17_01_59.jpg,32
1306,image_BS1_1306_17_01_59.jpg,32
1307,image_BS1_1307_17_01_59.jpg,32
1308,image_BS1_1308_17_01_59.jpg,31
1309,image_BS1_1309_17_01_59.jpg,32
1310,image_BS1_1310_17_01_59.jpg,32
1311,image_BS1_1311_17_01_59.jpg,32
1312,image_BS1_1312_17_02_00.jpg,32
1313,image_BS1_1313_17_02_00.jpg,32
1314,image_BS1_1314_17_02_00.jpg,32
1315,image_BS1_1315_17_02_00.jpg,32
1316,image_BS1_1316_17_02_00.jpg,32
1317,image_BS1_1317_17_02_00.jpg,31
1318,image_BS1_1318_17_02_00.jpg,32
1319,image_BS1_1319_17_02_01.jpg,32
1320,image_BS1_1320_17_02_01.jpg,32
1321,image_BS1_1321_17_02_01.jpg,32
1322,image_BS1_1322_17_02_01.jpg,32
1323,image_BS1_1323_17_02_01.jpg,32
1324,image_BS1_1324_17_02_01.jpg,32
1325,image_BS1_1325_17_02_01.jpg,32
1326,image_BS1_1326_17_02_02.jpg,32
1327,image_BS1_1327_17_02_02.jpg,32
1328,image_BS1_1328_17_02_02.jpg,32
1329,image_BS1_1329_17_02_02.jpg,32
1330,image_BS1_1330_17_02_02.jpg,32
1331,image_BS1_1331_17_02_02.jpg,32
1332,image_BS1_1332_17_02_03.jpg,32
1333,image_BS1_1333_17_02_03.jpg,32
1334,image_BS1_1334_17_02_03.jpg,32
1335,image_BS1_1335_17_02_03.jpg,32
1336,image_BS1_1336_17_02_03.jpg,32
1337,image_BS1_1337_17_02_03.jpg,32
1338,image_BS1_1338_17_02_03.jpg,32
1339,image_BS1_1339_17_02_03.jpg,32
1340,image_BS1_1340_17_02_04.jpg,32
1341,image_BS1_1341_17_02_04.jpg,32
1342,image_BS1_1342_17_02_04.jpg,32
1343,image_BS1_1343_17_02_04.jpg,32
1344,image_BS1_1344_17_02_04.jpg,32
1345,image_BS1_1345_17_02_04.jpg,32
1346,image_BS1_1346_17_02_04.jpg,32
1347,image_BS1_1347_17_02_04.jpg,32
1348,image_BS1_1348_17_02_05.jpg,32
1349,image_BS1_1349_17_02_05.jpg,32
1350,image_BS1_1350_17_02_05.jpg,32
1351,image_BS1_1351_17_02_06.jpg,32
1352,image_BS1_1352_17_02_06.jpg,32
1353,image_BS1_1353_17_02_06.jpg,32
1354,image_BS1_1354_17_02_06.jpg,32
1355,image_BS1_1355_17_02_06.jpg,32
1356,image_BS1_1356_17_02_06.jpg,32
1357,image_BS1_1357_17_02_07.jpg,32
1358,image_BS1_1358_17_02_07.jpg,32
1359,image_BS1_1359_17_02_07.jpg,32
1360,image_BS1_1360_17_02_07.jpg,32
1361,image_BS1_1361_17_02_07.jpg,32
1362,image_BS1_1362_17_02_08.jpg,32
1363,image_BS1_1363_17_02_08.jpg,32
1364,image_BS1_1364_17_02_08.jpg,32
1365,image_BS1_1365_17_02_08.jpg,32
1366,image_BS1_1366_17_02_08.jpg,32
1367,image_BS1_1367_17_02_08.jpg,32
1368,image_BS1_1368_17_02_09.jpg,32
1369,image_BS1_1369_17_02_09.jpg,32
1370,image_BS1_1370_17_02_10.jpg,32
1371,image_BS1_1371_17_02_10.jpg,32
1372,image_BS1_1372_17_02_11.jpg,32
1373,image_BS1_1373_17_02_11.jpg,32
1374,image_BS1_1374_17_02_11.jpg,32
1375,image_BS1_1375_17_02_11.jpg,32
1376,image_BS1_1376_17_02_11.jpg,32
1377,image_BS1_1377_17_02_11.jpg,32
1378,image_BS1_1378_17_02_11.jpg,32
1379,image_BS1_1379_17_02_12.jpg,32
1380,image_BS1_1380_17_02_12.jpg,32
1381,image_BS1_1381_17_02_12.jpg,32
1382,image_BS1_1382_17_02_12.jpg,32
1383,image_BS1_1383_17_02_12.jpg,32
1384,image_BS1_1384_17_02_12.jpg,32
1385,image_BS1_1385_17_02_12.jpg,32
1386,image_BS1_1386_17_02_12.jpg,32
1387,image_BS1_1387_17_02_13.jpg,32
1388,image_BS1_1388_17_02_13.jpg,32
1389,image_BS1_1389_17_02_13.jpg,32
1390,image_BS1_1390_17_02_13.jpg,32
1391,image_BS1_1391_17_02_13.jpg,32
1392,image_BS1_1392_17_02_13.jpg,32
1393,image_BS1_1393_17_02_13.jpg,32
1394,image_BS1_1394_17_02_14.jpg,32
1395,image_BS1_1395_17_02_14.jpg,32
1396,image_BS1_1396_17_02_14.jpg,32
1397,image_BS1_1397_17_02_14.jpg,32
1398,image_BS1_1398_17_02_14.jpg,32
1399,image_BS1_1399_17_02_14.jpg,32
1400,image_BS1_1400_17_02_14.jpg,32
1401,image_BS1_1401_17_02_14.jpg,32
1402,image_BS1_1402_17_02_15.jpg,32
1403,image_BS1_1403_17_02_15.jpg,32
1404,image_BS1_1404_17_02_15.jpg,33
1405,image_BS1_1405_17_02_15.jpg,33
1406,image_BS1_1406_17_02_15.jpg,33
1407,image_BS1_1407_17_02_15.jpg,33
1408,image_BS1_1408_17_02_15.jpg,33
1409,image_BS1_1409_17_02_16.jpg,33
1410,image_BS1_1410_17_02_16.jpg,33
1411,image_BS1_1411_17_02_16.jpg,33
1412,image_BS1_1412_17_02_16.jpg,34
1413,image_BS1_1413_17_02_16.jpg,34
1414,image_BS1_1414_17_02_16.jpg,33
1415,image_BS1_1415_17_02_16.jpg,33
1416,image_BS1_1416_17_02_16.jpg,34
1417,image_BS1_1417_17_02_17.jpg,34
1418,image_BS1_1418_17_02_17.jpg,34
1419,image_BS1_1419_17_02_17.jpg,33
1420,image_BS1_1420_17_02_17.jpg,34
1421,image_BS1_1421_17_02_17.jpg,34
1422,image_BS1_1422_17_02_17.jpg,33
1423,image_BS1_1423_17_02_17.jpg,34
1424,image_BS1_1424_17_02_18.jpg,34
1425,image_BS1_1425_17_02_18.jpg,34
1426,image_BS1_1426_17_02_18.jpg,34
1427,image_BS1_1427_17_02_18.jpg,33
1428,image_BS1_1428_17_02_18.jpg,33
1429,image_BS1_1429_17_02_18.jpg,33
1430,image_BS1_1430_17_02_18.jpg,33
1431,image_BS1_1431_17_02_18.jpg,33
1432,image_BS1_1432_17_02_19.jpg,33
1433,image_BS1_1433_17_02_19.jpg,33
1434,image_BS1_1434_17_02_19.jpg,32
1435,image_BS1_1435_17_02_19.jpg,32
1436,image_BS1_1436_17_02_19.jpg,32
1437,image_BS1_1437_17_02_19.jpg,32
1438,image_BS1_1438_17_02_19.jpg,32
1439,image_BS1_1439_17_02_20.jpg,32
1440,image_BS1_1440_17_02_20.jpg,31
1441,image_BS1_1441_17_02_20.jpg,31
1442,image_BS1_1442_17_02_20.jpg,30
1443,image_BS1_1443_17_02_20.jpg,29
1444,image_BS1_1444_17_02_20.jpg,29
1445,image_BS1_1445_17_02_20.jpg,29
1446,image_BS1_1446_17_02_20.jpg,29
1447,image_BS1_1447_17_02_21.jpg,29
1448,image_BS1_1448_17_02_21.jpg,29
1449,image_BS1_1449_17_02_21.jpg,29
1450,image_BS1_1450_17_02_21.jpg,29
1451,image_BS1_1451_17_02_21.jpg,28
1452,image_BS1_1452_17_02_21.jpg,27
1453,image_BS1_1453_17_02_21.jpg,27
1454,image_BS1_1454_17_02_21.jpg,27
1455,image_BS1_1455_17_02_22.jpg,27
1456,image_BS1_1456_17_02_22.jpg,26
1457,image_BS1_1457_17_02_22.jpg,27
1458,image_BS1_1458_17_02_22.jpg,26
1459,image_BS1_1459_17_02_22.jpg,26
1460,image_BS1_1460_17_02_22.jpg,26
1461,image_BS1_1461_17_02_23.jpg,26
1462,image_BS1_1462_17_02_23.jpg,26
1463,image_BS1_1463_17_02_23.jpg,27
1464,image_BS1_1464_17_02_23.jpg,27
1465,image_BS1_1465_17_02_23.jpg,27
1466,image_BS1_1466_17_02_23.jpg,27
1467,image_BS1_1467_17_02_24.jpg,27
1468,image_BS1_1468_17_02_24.jpg,27
1469,image_BS1_1469_17_02_24.jpg,27
1470,image_BS1_1470_17_02_24.jpg,28
1471,image_BS1_1471_17_02_24.jpg,29
1472,image_BS1_1472_17_02_24.jpg,29
1473,image_BS1_1473_17_02_24.jpg,29
1474,image_BS1_1474_17_02_25.jpg,29
1475,image_BS1_1475_17_02_25.jpg,29
1476,image_BS1_1476_17_02_25.jpg,31
1477,image_BS1_1477_17_02_25.jpg,32
1478,image_BS1_1478_17_02_25.jpg,32
1479,image_BS1_1479_17_02_26.jpg,33
1480,image_BS1_1480_17_02_26.jpg,33
1481,image_BS1_1481_17_02_27.jpg,34
1482,image_BS1_1482_17_02_28.jpg,34
1483,image_BS1_1483_17_02_28.jpg,34
1484,image_BS1_1484_17_02_28.jpg,34
1485,image_BS1_1485_17_02_28.jpg,33
1486,image_BS1_1486_17_02_28.jpg,34
1487,image_BS1_1487_17_02_29.jpg,33
1488,image_BS1_1488_17_02_29.jpg,34
1489,image_BS1_1489_17_02_29.jpg,33
1490,image_BS1_1490_17_02_29.jpg,34
1491,image_BS1_1491_17_02_29.jpg,34
1492,image_BS1_1492_17_02_29.jpg,34
1493,image_BS1_1493_17_02_29.jpg,34
1494,image_BS1_1494_17_02_29.jpg,33
1495,image_BS1_1495_17_02_30.jpg,33
1496,image_BS1_1496_17_02_30.jpg,33
1497,image_BS1_1497_17_02_30.jpg,34
1498,image_BS1_1498_17_02_30.jpg,33
1499,image_BS1_1499_17_02_30.jpg,33
1500,image_BS1_1500_17_02_30.jpg,34
1501,image_BS1_1501_17_02_30.jpg,33
1502,image_BS1_1502_17_02_30.jpg,33
1503,image_BS1_1503_17_02_31.jpg,33
1504,image_BS1_1504_17_02_31.jpg,33
1505,image_BS1_1505_17_02_31.jpg,33
1506,image_BS1_1506_17_02_31.jpg,33
1507,image_BS1_1507_17_02_31.jpg,33
1508,image_BS1_1508_17_02_31.jpg,33
1509,image_BS1_1509_17_02_31.jpg,33
1510,image_BS1_1510_17_02_32.jpg,34
1511,image_BS1_1511_17_02_32.jpg,34
1512,image_BS1_1512_17_02_32.jpg,33
1513,image_BS1_1513_17_02_32.jpg,33
1514,image_BS1_1514_17_02_32.jpg,33
1515,image_BS1_1515_17_02_32.jpg,33
1516,image_BS1_1516_17_02_32.jpg,33
1517,image_BS1_1517_17_02_33.jpg,33
1518,image_BS1_1518_17_02_33.jpg,33
1519,image_BS1_1519_17_02_33.jpg,33
1520,image_BS1_1520_17_02_33.jpg,33
1521,image_BS1_1521_17_02_33.jpg,33
1522,image_BS1_1522_17_02_33.jpg,34
1523,image_BS1_1523_17_02_33.jpg,33
1524,image_BS1_1524_17_02_33.jpg,33
1525,image_BS1_1525_17_02_34.jpg,32
1526,image_BS1_1526_17_02_34.jpg,34
1527,image_BS1_1527_17_02_34.jpg,33
1528,image_BS1_1528_17_02_34.jpg,33
1529,image_BS1_1529_17_02_34.jpg,34
1530,image_BS1_1530_17_02_34.jpg,33
1531,image_BS1_1531_17_02_34.jpg,33
1532,image_BS1_1532_17_02_35.jpg,33
1533,image_BS1_1533_17_02_35.jpg,34
1534,image_BS1_1534_17_02_35.jpg,33
1535,image_BS1_1535_17_02_35.jpg,34
1536,image_BS1_1536_17_02_35.jpg,34
1537,image_BS1_1537_17_02_35.jpg,34
1538,image_BS1_1538_17_02_35.jpg,33
1539,image_BS1_1539_17_02_35.jpg,33
1540,image_BS1_1540_17_02_36.jpg,26
1541,image_BS1_1541_17_02_36.jpg,34
1542,image_BS1_1542_17_02_36.jpg,34
1543,image_BS1_1543_17_02_36.jpg,34
1544,image_BS1_1544_17_02_37.jpg,34
1545,image_BS1_1545_17_02_37.jpg,33
1546,image_BS1_1546_17_02_37.jpg,34
1547,image_BS1_1547_17_02_37.jpg,34
1548,image_BS1_1548_17_02_37.jpg,33
1549,image_BS1_1549_17_02_37.jpg,34
1550,image_BS1_1550_17_02_37.jpg,34
1551,image_BS1_1551_17_02_38.jpg,33
1552,image_BS1_1552_17_02_38.jpg,34
1553,image_BS1_1553_17_02_38.jpg,33
1554,image_BS1_1554_17_02_38.jpg,34
1555,image_BS1_1555_17_02_38.jpg,34
1556,image_BS1_1556_17_02_38.jpg,33
1557,image_BS1_1557_17_02_38.jpg,33
1558,image_BS1_1558_17_02_40.jpg,32
1559,image_BS1_1559_17_02_40.jpg,32
1560,image_BS1_1560_17_02_40.jpg,31
1561,image_BS1_1561_17_02_40.jpg,31
1562,image_BS1_1562_17_02_40.jpg,29
1563,image_BS1_1563_17_02_40.jpg,29
1564,image_BS1_1564_17_02_41.jpg,29
1565,image_BS1_1565_17_02_41.jpg,29
1566,image_BS1_1566_17_02_41.jpg,29
1567,image_BS1_1567_17_02_41.jpg,29
1568,image_BS1_1568_17_02_41.jpg,29
1569,image_BS1_1569_17_02_41.jpg,29
1570,image_BS1_1570_17_02_41.jpg,29
1571,image_BS1_1571_17_02_42.jpg,29
1572,image_BS1_1572_17_02_42.jpg,29
1573,image_BS1_1573_17_02_42.jpg,29
1574,image_BS1_1574_17_02_42.jpg,29
1575,image_BS1_1575_17_02_42.jpg,29
1576,image_BS1_1576_17_02_42.jpg,29
1577,image_BS1_1577_17_02_42.jpg,29
1578,image_BS1_1578_17_02_43.jpg,29
1579,image_BS1_1579_17_02_43.jpg,29
1580,image_BS1_1580_17_02_43.jpg,29
1581,image_BS1_1581_17_02_43.jpg,29
1582,image_BS1_1582_17_02_43.jpg,29
1583,image_BS1_1583_17_02_43.jpg,29
1584,image_BS1_1584_17_02_43.jpg,29
1585,image_BS1_1585_17_02_43.jpg,29
1586,image_BS1_1586_17_02_44.jpg,29
1587,image_BS1_1587_17_02_46.jpg,33
1588,image_BS1_1588_17_02_46.jpg,34
1589,image_BS1_1589_17_02_47.jpg,34
1590,image_BS1_1590_17_02_47.jpg,34
1591,image_BS1_1591_17_02_47.jpg,34
1592,image_BS1_1592_17_02_47.jpg,34
1593,image_BS1_1593_17_02_47.jpg,34
1594,image_BS1_1594_17_02_47.jpg,34
1595,image_BS1_1595_17_02_48.jpg,34
1596,image_BS1_1596_17_02_48.jpg,34
1597,image_BS1_1597_17_02_48.jpg,34
1598,image_BS1_1598_17_02_48.jpg,34
1599,image_BS1_1599_17_02_48.jpg,34
1600,image_BS1_1600_17_02_48.jpg,34
1601,image_BS1_1601_17_02_48.jpg,34
1602,image_BS1_1602_17_02_49.jpg,33
1603,image_BS1_1603_17_02_49.jpg,32
1604,image_BS1_1604_17_02_49.jpg,32
1605,image_BS1_1605_17_02_49.jpg,33
1606,image_BS1_1606_17_02_49.jpg,32
1607,image_BS1_1607_17_02_49.jpg,33
1608,image_BS1_1608_17_02_49.jpg,29
1609,image_BS1_1609_17_02_49.jpg,31
1610,image_BS1_1610_17_02_50.jpg,31
1611,image_BS1_1611_17_02_50.jpg,32
1612,image_BS1_1612_17_02_50.jpg,32
1613,image_BS1_1613_17_02_50.jpg,31
1614,image_BS1_1614_17_02_50.jpg,31
1615,image_BS1_1615_17_02_50.jpg,31
1616,image_BS1_1616_17_02_50.jpg,31
1617,image_BS1_1617_17_02_50.jpg,30
1618,image_BS1_1618_17_02_51.jpg,29
1619,image_BS1_1619_17_02_51.jpg,29
1620,image_BS1_1620_17_02_51.jpg,29
1621,image_BS1_1621_17_02_51.jpg,29
1622,image_BS1_1622_17_02_51.jpg,29
1623,image_BS1_1623_17_02_51.jpg,29
1624,image_BS1_1624_17_02_51.jpg,29
1625,image_BS1_1625_17_02_52.jpg,29
1626,image_BS1_1626_17_02_52.jpg,29
1627,image_BS1_1627_17_02_52.jpg,29
1628,image_BS1_1628_17_02_52.jpg,29
1629,image_BS1_1629_17_02_52.jpg,29
1630,image_BS1_1630_17_02_52.jpg,29
1631,image_BS1_1631_17_02_52.jpg,29
1632,image_BS1_1632_17_02_53.jpg,29
1633,image_BS1_1633_17_02_53.jpg,29
1634,image_BS1_1634_17_02_53.jpg,29
1635,image_BS1_1635_17_02_53.jpg,29
1636,image_BS1_1636_17_02_53.jpg,29
1637,image_BS1_1637_17_02_53.jpg,29
1638,image_BS1_1638_17_02_53.jpg,29
1639,image_BS1_1639_17_02_53.jpg,29
1640,image_BS1_1640_17_02_54.jpg,31
1641,image_BS1_1641_17_02_54.jpg,32
1642,image_BS1_1642_17_02_54.jpg,32
1643,image_BS1_1643_17_02_54.jpg,32
1644,image_BS1_1644_17_02_54.jpg,32
1645,image_BS1_1645_17_02_54.jpg,33
1646,image_BS1_1646_17_02_54.jpg,33
1647,image_BS1_1647_17_02_54.jpg,34
1648,image_BS1_1648_17_02_55.jpg,34
1649,image_BS1_1649_17_02_55.jpg,34
1650,image_BS1_1650_17_02_55.jpg,34
1651,image_BS1_1651_17_02_55.jpg,34
1652,image_BS1_1652_17_02_55.jpg,34
1653,image_BS1_1653_17_02_55.jpg,34
1654,image_BS1_1654_17_02_55.jpg,34
1655,image_BS1_1655_17_02_56.jpg,34
1656,image_BS1_1656_17_02_56.jpg,34
1657,image_BS1_1657_17_02_56.jpg,34
1658,image_BS1_1658_17_02_56.jpg,37
1659,image_BS1_1659_17_02_56.jpg,37
1660,image_BS1_1660_17_02_56.jpg,36
1661,image_BS1_1661_17_02_56.jpg,37
1662,image_BS1_1662_17_02_56.jpg,37
1663,image_BS1_1663_17_02_57.jpg,37
1664,image_BS1_1664_17_02_57.jpg,37
1665,image_BS1_1665_17_02_57.jpg,37
1666,image_BS1_1666_17_02_57.jpg,37
1667,image_BS1_1667_17_02_57.jpg,36
1668,image_BS1_1668_17_02_58.jpg,34
1669,image_BS1_1669_17_02_58.jpg,34
1670,image_BS1_1670_17_02_58.jpg,34
1671,image_BS1_1671_17_02_58.jpg,34
1672,image_BS1_1672_17_02_59.jpg,34
1673,image_BS1_1673_17_02_59.jpg,33
1674,image_BS1_1674_17_02_59.jpg,33
1675,image_BS1_1675_17_02_59.jpg,32
1676,image_BS1_1676_17_02_59.jpg,32
1677,image_BS1_1677_17_02_59.jpg,32
1678,image_BS1_1678_17_02_59.jpg,31
1679,image_BS1_1679_17_03_00.jpg,29
1680,image_BS1_1680_17_03_00.jpg,29
1681,image_BS1_1681_17_03_00.jpg,29
1682,image_BS1_1682_17_03_00.jpg,29
1683,image_BS1_1683_17_03_00.jpg,29
1684,image_BS1_1684_17_03_00.jpg,29
1685,image_BS1_1685_17_03_00.jpg,28
1686,image_BS1_1686_17_03_01.jpg,27
1687,image_BS1_1687_17_03_01.jpg,26
1688,image_BS1_1688_17_03_03.jpg,22
1689,image_BS1_1689_17_03_04.jpg,23
1690,image_BS1_1690_17_03_04.jpg,23
1691,image_BS1_1691_17_03_04.jpg,23
1692,image_BS1_1692_17_03_04.jpg,23
1693,image_BS1_1693_17_03_04.jpg,23
1694,image_BS1_1694_17_03_04.jpg,26
1695,image_BS1_1695_17_03_05.jpg,26
1696,image_BS1_1696_17_03_05.jpg,26
1697,image_BS1_1697_17_03_05.jpg,26
1698,image_BS1_1698_17_03_05.jpg,26
1699,image_BS1_1699_17_03_05.jpg,27
1700,image_BS1_1700_17_03_05.jpg,27
1701,image_BS1_1701_17_03_05.jpg,27
1702,image_BS1_1702_17_03_06.jpg,29
1703,image_BS1_1703_17_03_06.jpg,29
1704,image_BS1_1704_17_03_06.jpg,29
1705,image_BS1_1705_17_03_06.jpg,29
1706,image_BS1_1706_17_03_06.jpg,29
1707,image_BS1_1707_17_03_06.jpg,29
1708,image_BS1_1708_17_03_06.jpg,29
1709,image_BS1_1709_17_03_07.jpg,31
1710,image_BS1_1710_17_03_07.jpg,32
1711,image_BS1_1711_17_03_07.jpg,32
1712,image_BS1_1712_17_03_07.jpg,32
1713,image_BS1_1713_17_03_07.jpg,33
1714,image_BS1_1714_17_03_07.jpg,32
1715,image_BS1_1715_17_03_07.jpg,33
1716,image_BS1_1716_17_03_07.jpg,33
1717,image_BS1_1717_17_03_08.jpg,33
1718,image_BS1_1718_17_03_08.jpg,34
1719,image_BS1_1719_17_03_08.jpg,34
1720,image_BS1_1720_17_03_08.jpg,34
1721,image_BS1_1721_17_03_08.jpg,34
1722,image_BS1_1722_17_03_08.jpg,33
1723,image_BS1_1723_17_03_09.jpg,34
1724,image_BS1_1724_17_03_17.jpg,26
1725,image_BS1_1725_17_03_17.jpg,26
1726,image_BS1_1726_17_03_17.jpg,26
1727,image_BS1_1727_17_03_17.jpg,26
1728,image_BS1_1728_17_03_17.jpg,26
1729,image_BS1_1729_17_03_18.jpg,26
1730,image_BS1_1730_17_03_18.jpg,26
1731,image_BS1_1731_17_03_18.jpg,26
1732,image_BS1_1732_17_03_18.jpg,26
1733,image_BS1_1733_17_03_18.jpg,26
1734,image_BS1_1734_17_03_18.jpg,26
1735,image_BS1_1735_17_03_18.jpg,26
1736,image_BS1_1736_17_03_18.jpg,26
1737,image_BS1_1737_17_03_19.jpg,26
1738,image_BS1_1738_17_03_19.jpg,26
1739,image_BS1_1739_17_03_21.jpg,29
1740,image_BS1_1740_17_03_21.jpg,29
1741,image_BS1_1741_17_03_22.jpg,29
1742,image_BS1_1742_17_03_22.jpg,29
1743,image_BS1_1743_17_03_22.jpg,29
1744,image_BS1_1744_17_03_23.jpg,29
1745,image_BS1_1745_17_03_23.jpg,29
1746,image_BS1_1746_17_03_23.jpg,29
1747,image_BS1_1747_17_03_23.jpg,29
1748,image_BS1_1748_17_03_23.jpg,29
1749,image_BS1_1749_17_03_23.jpg,29
1750,image_BS1_1750_17_03_23.jpg,29
1751,image_BS1_1751_17_03_24.jpg,29
1752,image_BS1_1752_17_03_24.jpg,30
1753,image_BS1_1753_17_03_24.jpg,29
1754,image_BS1_1754_17_03_24.jpg,31
1755,image_BS1_1755_17_03_24.jpg,31
1756,image_BS1_1756_17_03_24.jpg,31
1757,image_BS1_1757_17_03_24.jpg,31
1758,image_BS1_1758_17_03_25.jpg,32
1759,image_BS1_1759_17_03_25.jpg,31
1760,image_BS1_1760_17_03_25.jpg,32
1761,image_BS1_1761_17_03_25.jpg,31
1762,image_BS1_1762_17_03_25.jpg,31
1763,image_BS1_1763_17_03_25.jpg,31
1764,image_BS1_1764_17_03_25.jpg,31
1765,image_BS1_1765_17_03_26.jpg,31
1766,image_BS1_1766_17_03_26.jpg,31
1767,image_BS1_1767_17_03_26.jpg,31
1768,image_BS1_1768_17_03_26.jpg,32
1769,image_BS1_1769_17_03_26.jpg,32
1770,image_BS1_1770_17_03_26.jpg,32
1771,image_BS1_1771_17_03_26.jpg,32
1772,image_BS1_1772_17_03_26.jpg,31
1773,image_BS1_1773_17_03_27.jpg,32
1774,image_BS1_1774_17_03_27.jpg,32
1775,image_BS1_1775_17_03_27.jpg,32
1776,image_BS1_1776_17_03_27.jpg,32
1777,image_BS1_1777_17_03_27.jpg,32
1778,image_BS1_1778_17_03_27.jpg,32
1779,image_BS1_1779_17_03_27.jpg,31
1780,image_BS1_1780_17_03_28.jpg,31
1781,image_BS1_1781_17_03_28.jpg,31
1782,image_BS1_1782_17_03_28.jpg,32
1783,image_BS1_1783_17_03_28.jpg,31
1784,image_BS1_1784_17_03_28.jpg,31
1785,image_BS1_1785_17_03_28.jpg,32
1786,image_BS1_1786_17_03_28.jpg,32
1787,image_BS1_1787_17_03_28.jpg,31
1788,image_BS1_1788_17_03_29.jpg,32
1789,image_BS1_1789_17_03_29.jpg,32
1790,image_BS1_1790_17_03_29.jpg,32
1791,image_BS1_1791_17_03_29.jpg,31
1792,image_BS1_1792_17_03_29.jpg,32
1793,image_BS1_1793_17_03_29.jpg,31
1794,image_BS1_1794_17_03_29.jpg,30
1795,image_BS1_1795_17_03_29.jpg,29
1796,image_BS1_1796_17_03_30.jpg,30
1797,image_BS1_1797_17_03_30.jpg,29
1798,image_BS1_1798_17_03_30.jpg,30
1799,image_BS1_1799_17_03_30.jpg,29
1800,image_BS1_1800_17_03_30.jpg,29
1801,image_BS1_1801_17_03_30.jpg,29
1802,image_BS1_1802_17_03_30.jpg,29
1803,image_BS1_1803_17_03_31.jpg,29
1804,image_BS1_1804_17_03_31.jpg,29
1805,image_BS1_1805_17_03_31.jpg,29
1806,image_BS1_1806_17_03_31.jpg,29
1807,image_BS1_1807_17_03_31.jpg,29
1808,image_BS1_1808_17_03_31.jpg,29
1809,image_BS1_1809_17_03_31.jpg,29
1810,image_BS1_1810_17_03_31.jpg,29
1811,image_BS1_1811_17_03_32.jpg,29
1812,image_BS1_1812_17_03_32.jpg,29
1813,image_BS1_1813_17_03_32.jpg,29
1814,image_BS1_1814_17_03_32.jpg,29
1815,image_BS1_1815_17_03_32.jpg,29
1816,image_BS1_1816_17_03_32.jpg,29
1817,image_BS1_1817_17_03_32.jpg,29
1818,image_BS1_1818_17_03_33.jpg,29
1819,image_BS1_1819_17_03_33.jpg,29
1820,image_BS1_1820_17_03_33.jpg,29
1821,image_BS1_1821_17_03_33.jpg,29
1822,image_BS1_1822_17_03_33.jpg,29
1823,image_BS1_1823_17_03_33.jpg,29
1824,image_BS1_1824_17_03_33.jpg,29
1825,image_BS1_1825_17_03_33.jpg,29
1826,image_BS1_1826_17_03_34.jpg,29
1827,image_BS1_1827_17_03_34.jpg,29
1828,image_BS1_1828_17_03_34.jpg,29
1829,image_BS1_1829_17_03_34.jpg,29
1830,image_BS1_1830_17_03_34.jpg,29
1831,image_BS1_1831_17_03_34.jpg,29
1832,image_BS1_1832_17_03_35.jpg,29
1833,image_BS1_1833_17_03_35.jpg,29
1834,image_BS1_1834_17_03_35.jpg,29
1835,image_BS1_1835_17_03_35.jpg,29
1836,image_BS1_1836_17_03_35.jpg,29
1837,image_BS1_1837_17_03_35.jpg,29
1838,image_BS1_1838_17_03_35.jpg,29
1839,image_BS1_1839_17_03_36.jpg,29
1840,image_BS1_1840_17_03_36.jpg,29
1841,image_BS1_1841_17_03_36.jpg,29
1842,image_BS1_1842_17_03_36.jpg,29
1843,image_BS1_1843_17_03_36.jpg,28
1844,image_BS1_1844_17_03_37.jpg,28
1845,image_BS1_1845_17_03_37.jpg,28
1846,image_BS1_1846_17_03_37.jpg,27
1847,image_BS1_1847_17_03_37.jpg,28
1848,image_BS1_1848_17_03_37.jpg,27
1849,image_BS1_1849_17_03_37.jpg,28
1850,image_BS1_1850_17_03_37.jpg,27
1851,image_BS1_1851_17_03_37.jpg,28
1852,image_BS1_1852_17_03_38.jpg,28
1853,image_BS1_1853_17_03_38.jpg,27
1854,image_BS1_1854_17_03_38.jpg,28
1855,image_BS1_1855_17_03_39.jpg,26
1856,image_BS1_1856_17_03_39.jpg,29
1857,image_BS1_1857_17_03_39.jpg,27
1858,image_BS1_1858_17_03_39.jpg,27
1859,image_BS1_1859_17_03_39.jpg,29
1860,image_BS1_1860_17_03_39.jpg,39
1861,image_BS1_1861_17_03_39.jpg,28
1862,image_BS1_1862_17_03_40.jpg,28
1863,image_BS1_1863_17_03_40.jpg,29
1864,image_BS1_1864_17_03_40.jpg,28
1865,image_BS1_1865_17_03_40.jpg,27
1866,image_BS1_1866_17_03_40.jpg,27
1867,image_BS1_1867_17_03_40.jpg,27
1868,image_BS1_1868_17_03_41.jpg,27
1869,image_BS1_1869_17_03_41.jpg,27
1870,image_BS1_1870_17_03_41.jpg,27
1871,image_BS1_1871_17_03_41.jpg,27
1872,image_BS1_1872_17_03_41.jpg,29
1873,image_BS1_1873_17_03_41.jpg,27
1874,image_BS1_1874_17_03_41.jpg,27
1875,image_BS1_1875_17_03_42.jpg,27
1876,image_BS1_1876_17_03_42.jpg,29
1877,image_BS1_1877_17_03_42.jpg,27
1878,image_BS1_1878_17_03_42.jpg,27
1879,image_BS1_1879_17_03_42.jpg,27
1880,image_BS1_1880_17_03_42.jpg,27
1881,image_BS1_1881_17_03_42.jpg,27
1882,image_BS1_1882_17_03_42.jpg,27
1883,image_BS1_1883_17_03_43.jpg,26
1884,image_BS1_1884_17_03_43.jpg,26
1885,image_BS1_1885_17_03_43.jpg,26
1886,image_BS1_1886_17_03_43.jpg,26
1887,image_BS1_1887_17_03_43.jpg,25
1888,image_BS1_1888_17_03_43.jpg,23
1889,image_BS1_1889_17_03_43.jpg,23
1890,image_BS1_1890_17_03_44.jpg,23
1891,image_BS1_1891_17_03_44.jpg,22
1892,image_BS1_1892_17_03_44.jpg,22
1893,image_BS1_1893_17_03_44.jpg,22
1894,image_BS1_1894_17_03_45.jpg,22
1895,image_BS1_1895_17_03_45.jpg,22
1896,image_BS1_1896_17_03_46.jpg,23
1897,image_BS1_1897_17_03_46.jpg,23
1898,image_BS1_1898_17_03_46.jpg,26
1899,image_BS1_1899_17_03_46.jpg,26
1900,image_BS1_1900_17_03_47.jpg,27
1901,image_BS1_1901_17_03_47.jpg,27
1902,image_BS1_1902_17_03_47.jpg,27
1903,image_BS1_1903_17_03_47.jpg,28
1904,image_BS1_1904_17_03_47.jpg,29
1905,image_BS1_1905_17_03_47.jpg,29
1906,image_BS1_1906_17_03_47.jpg,29
1907,image_BS1_1907_17_03_48.jpg,29
1908,image_BS1_1908_17_03_48.jpg,29
1909,image_BS1_1909_17_03_48.jpg,29
1910,image_BS1_1910_17_03_48.jpg,29
1911,image_BS1_1911_17_03_48.jpg,30
1912,image_BS1_1912_17_03_48.jpg,29
1913,image_BS1_1913_17_03_48.jpg,29
1914,image_BS1_1914_17_03_48.jpg,33
1915,image_BS1_1915_17_03_49.jpg,33
1916,image_BS1_1916_17_03_49.jpg,33
1917,image_BS1_1917_17_03_49.jpg,32
1918,image_BS1_1918_17_03_49.jpg,33
1919,image_BS1_1919_17_03_49.jpg,29
1920,image_BS1_1920_17_03_49.jpg,30
1921,image_BS1_1921_17_03_49.jpg,32
1922,image_BS1_1922_17_03_49.jpg,32
1923,image_BS1_1923_17_03_50.jpg,32
1924,image_BS1_1924_17_03_50.jpg,32
1925,image_BS1_1925_17_03_50.jpg,33
1926,image_BS1_1926_17_03_50.jpg,32
1927,image_BS1_1927_17_03_50.jpg,33
1928,image_BS1_1928_17_03_50.jpg,33
1929,image_BS1_1929_17_03_50.jpg,33
1930,image_BS1_1930_17_03_51.jpg,33
1931,image_BS1_1931_17_03_51.jpg,33
1932,image_BS1_1932_17_03_51.jpg,34
1933,image_BS1_1933_17_03_51.jpg,33
1934,image_BS1_1934_17_03_51.jpg,33
1935,image_BS1_1935_17_03_51.jpg,33
1936,image_BS1_1936_17_03_51.jpg,34
1937,image_BS1_1937_17_03_51.jpg,33
1938,image_BS1_1938_17_03_52.jpg,34
1939,image_BS1_1939_17_03_52.jpg,34
1940,image_BS1_1940_17_03_52.jpg,33
1941,image_BS1_1941_17_03_52.jpg,33
1942,image_BS1_1942_17_03_52.jpg,33
1943,image_BS1_1943_17_03_52.jpg,33
1944,image_BS1_1944_17_03_52.jpg,34
1945,image_BS1_1945_17_03_53.jpg,34
1946,image_BS1_1946_17_03_53.jpg,33
1947,image_BS1_1947_17_03_53.jpg,33
1948,image_BS1_1948_17_03_53.jpg,33
1949,image_BS1_1949_17_03_53.jpg,33
1950,image_BS1_1950_17_03_53.jpg,34
1951,image_BS1_1951_17_03_53.jpg,33
1952,image_BS1_1952_17_03_53.jpg,33
1953,image_BS1_1953_17_03_54.jpg,32
1954,image_BS1_1954_17_03_54.jpg,32
1955,image_BS1_1955_17_03_54.jpg,32
1956,image_BS1_1956_17_03_54.jpg,32
1957,image_BS1_1957_17_03_54.jpg,32
1958,image_BS1_1958_17_03_54.jpg,31
1959,image_BS1_1959_17_03_54.jpg,29
1960,image_BS1_1960_17_03_54.jpg,29
1961,image_BS1_1961_17_03_55.jpg,29
1962,image_BS1_1962_17_03_55.jpg,29
1963,image_BS1_1963_17_03_55.jpg,29
1964,image_BS1_1964_17_03_55.jpg,29
1965,image_BS1_1965_17_03_55.jpg,27
1966,image_BS1_1966_17_03_55.jpg,27
1967,image_BS1_1967_17_03_55.jpg,27
1968,image_BS1_1968_17_03_56.jpg,26
1969,image_BS1_1969_17_03_56.jpg,26
1970,image_BS1_1970_17_03_56.jpg,26
1971,image_BS1_1971_17_03_56.jpg,23
1972,image_BS1_1972_17_03_56.jpg,23
1973,image_BS1_1973_17_03_56.jpg,23
1974,image_BS1_1974_17_03_56.jpg,22
1975,image_BS1_1975_17_03_57.jpg,22
1976,image_BS1_1976_17_03_57.jpg,22
1977,image_BS1_1977_17_03_57.jpg,21
1978,image_BS1_1978_17_03_57.jpg,21
1979,image_BS1_1979_17_03_57.jpg,21
1980,image_BS1_1980_17_03_57.jpg,21
1981,image_BS1_1981_17_03_57.jpg,20
1982,image_BS1_1982_17_03_57.jpg,20
1983,image_BS1_1983_17_03_58.jpg,20
1984,image_BS1_1984_17_03_58.jpg,20
1985,image_BS1_1985_17_03_58.jpg,20
1986,image_BS1_1986_17_03_58.jpg,20
1987,image_BS1_1987_17_03_58.jpg,20
1988,image_BS1_1988_17_03_58.jpg,21
1989,image_BS1_1989_17_03_58.jpg,20
1990,image_BS1_1990_17_03_59.jpg,21
1991,image_BS1_1991_17_03_59.jpg,21
1992,image_BS1_1992_17_03_59.jpg,21
1993,image_BS1_1993_17_03_59.jpg,22
1994,image_BS1_1994_17_03_59.jpg,22
1995,image_BS1_1995_17_03_59.jpg,22
1996,image_BS1_1996_17_03_59.jpg,22
1997,image_BS1_1997_17_03_59.jpg,22
1998,image_BS1_1998_17_04_00.jpg,23
1999,image_BS1_1999_17_04_00.jpg,23
2000,image_BS1_2000_17_04_00.jpg,23
2001,image_BS1_2001_17_04_00.jpg,26
2002,image_BS1_2002_17_04_01.jpg,29
2003,image_BS1_2003_17_04_01.jpg,29
2004,image_BS1_2004_17_04_01.jpg,29
2005,image_BS1_2005_17_04_01.jpg,29
2006,image_BS1_2006_17_04_01.jpg,29
2007,image_BS1_2007_17_04_01.jpg,29
2008,image_BS1_2008_17_04_02.jpg,29
2009,image_BS1_2009_17_04_02.jpg,31
2010,image_BS1_2010_17_04_02.jpg,31
2011,image_BS1_2011_17_04_02.jpg,32
2012,image_BS1_2012_17_04_02.jpg,32
2013,image_BS1_2013_17_04_02.jpg,32
2014,image_BS1_2014_17_04_02.jpg,32
2015,image_BS1_2015_17_04_02.jpg,32
2016,image_BS1_2016_17_04_03.jpg,32
2017,image_BS1_2017_17_04_03.jpg,32
2018,image_BS1_2018_17_04_03.jpg,32
2019,image_BS1_2019_17_04_03.jpg,33
2020,image_BS1_2020_17_04_03.jpg,34
2021,image_BS1_2021_17_04_03.jpg,33
2022,image_BS1_2022_17_04_03.jpg,34
2023,image_BS1_2023_17_04_03.jpg,34
2024,image_BS1_2024_17_04_04.jpg,34
2025,image_BS1_2025_17_04_05.jpg,37
2026,image_BS1_2026_17_04_05.jpg,37
2027,image_BS1_2027_17_04_05.jpg,37
2028,image_BS1_2028_17_04_05.jpg,37
2029,image_BS1_2029_17_04_05.jpg,38
2030,image_BS1_2030_17_04_06.jpg,38
2031,image_BS1_2031_17_04_06.jpg,38
2032,image_BS1_2032_17_04_06.jpg,38
2033,image_BS1_2033_17_04_06.jpg,38
2034,image_BS1_2034_17_04_06.jpg,38
2035,image_BS1_2035_17_04_06.jpg,38
2036,image_BS1_2036_17_04_06.jpg,38
2037,image_BS1_2037_17_04_06.jpg,38
2038,image_BS1_2038_17_04_07.jpg,37
2039,image_BS1_2039_17_04_07.jpg,37
2040,image_BS1_2040_17_04_07.jpg,37
2041,image_BS1_2041_17_04_07.jpg,37
2042,image_BS1_2042_17_04_07.jpg,37
2043,image_BS1_2043_17_04_07.jpg,36
2044,image_BS1_2044_17_04_07.jpg,34
2045,image_BS1_2045_17_04_07.jpg,34
2046,image_BS1_2046_17_04_08.jpg,34
2047,image_BS1_2047_17_04_08.jpg,34
2048,image_BS1_2048_17_04_08.jpg,34
2049,image_BS1_2049_17_04_08.jpg,33
2050,image_BS1_2050_17_04_08.jpg,33
2051,image_BS1_2051_17_04_08.jpg,31
2052,image_BS1_2052_17_04_08.jpg,31
2053,image_BS1_2053_17_04_09.jpg,29
2054,image_BS1_2054_17_04_09.jpg,29
2055,image_BS1_2055_17_04_09.jpg,29
2056,image_BS1_2056_17_04_09.jpg,29
2057,image_BS1_2057_17_04_09.jpg,28
2058,image_BS1_2058_17_04_09.jpg,27
2059,image_BS1_2059_17_04_09.jpg,27
2060,image_BS1_2060_17_04_09.jpg,27
2061,image_BS1_2061_17_04_10.jpg,27
2062,image_BS1_2062_17_04_10.jpg,26
2063,image_BS1_2063_17_04_10.jpg,26
2064,image_BS1_2064_17_04_10.jpg,26
2065,image_BS1_2065_17_04_10.jpg,26
2066,image_BS1_2066_17_04_10.jpg,26
2067,image_BS1_2067_17_04_10.jpg,26
2068,image_BS1_2068_17_04_10.jpg,26
2069,image_BS1_2069_17_04_11.jpg,26
2070,image_BS1_2070_17_04_11.jpg,26
2071,image_BS1_2071_17_04_11.jpg,26
2072,image_BS1_2072_17_04_11.jpg,26
2073,image_BS1_2073_17_04_11.jpg,26
2074,image_BS1_2074_17_04_11.jpg,26
2075,image_BS1_2075_17_04_11.jpg,26
2076,image_BS1_2076_17_04_11.jpg,26
2077,image_BS1_2077_17_04_12.jpg,27
2078,image_BS1_2078_17_04_12.jpg,28
2079,image_BS1_2079_17_04_12.jpg,29
2080,image_BS1_2080_17_04_12.jpg,29
2081,image_BS1_2081_17_04_12.jpg,29
2082,image_BS1_2082_17_04_12.jpg,29
2083,image_BS1_2083_17_04_12.jpg,29
2084,image_BS1_2084_17_04_13.jpg,32
2085,image_BS1_2085_17_04_13.jpg,33
2086,image_BS1_2086_17_04_13.jpg,31
2087,image_BS1_2087_17_04_13.jpg,33
2088,image_BS1_2088_17_04_13.jpg,33
2089,image_BS1_2089_17_04_13.jpg,34
2090,image_BS1_2090_17_04_14.jpg,34
2091,image_BS1_2091_17_04_14.jpg,34
2092,image_BS1_2092_17_04_14.jpg,34
2093,image_BS1_2093_17_04_14.jpg,34
2094,image_BS1_2094_17_04_14.jpg,34
2095,image_BS1_2095_17_04_15.jpg,34
2096,image_BS1_2096_17_04_15.jpg,34
2097,image_BS1_2097_17_04_15.jpg,34
2098,image_BS1_2098_17_04_15.jpg,34
2099,image_BS1_2099_17_04_15.jpg,34
2100,image_BS1_2100_17_04_15.jpg,34
2101,image_BS1_2101_17_04_15.jpg,34
2102,image_BS1_2102_17_04_15.jpg,33
2103,image_BS1_2103_17_04_16.jpg,33
2104,image_BS1_2104_17_04_16.jpg,33
2105,image_BS1_2105_17_04_16.jpg,32
2106,image_BS1_2106_17_04_16.jpg,32
2107,image_BS1_2107_17_04_16.jpg,31
2108,image_BS1_2108_17_04_18.jpg,22
2109,image_BS1_2109_17_04_18.jpg,22
2110,image_BS1_2110_17_04_19.jpg,22
2111,image_BS1_2111_17_04_19.jpg,22
2112,image_BS1_2112_17_04_19.jpg,22
2113,image_BS1_2113_17_04_19.jpg,22
2114,image_BS1_2114_17_04_19.jpg,21
2115,image_BS1_2115_17_04_19.jpg,21
2116,image_BS1_2116_17_04_19.jpg,20
2117,image_BS1_2117_17_04_19.jpg,20
2118,image_BS1_2118_17_04_20.jpg,20
2119,image_BS1_2119_17_04_20.jpg,17
2120,image_BS1_2120_17_04_20.jpg,17
2121,image_BS1_2121_17_04_20.jpg,16
2122,image_BS1_2122_17_04_21.jpg,16
2123,image_BS1_2123_17_04_21.jpg,16
2124,image_BS1_2124_17_04_21.jpg,17
2125,image_BS1_2125_17_04_21.jpg,17
2126,image_BS1_2126_17_04_21.jpg,17
2127,image_BS1_2127_17_04_21.jpg,17
2128,image_BS1_2128_17_04_21.jpg,17
2129,image_BS1_2129_17_04_21.jpg,17
2130,image_BS1_2130_17_04_22.jpg,17
2131,image_BS1_2131_17_04_22.jpg,17
2132,image_BS1_2132_17_04_22.jpg,17
2133,image_BS1_2133_17_04_22.jpg,17
2134,image_BS1_2134_17_04_22.jpg,17
2135,image_BS1_2135_17_04_22.jpg,17
2136,image_BS1_2136_17_04_22.jpg,17
2137,image_BS1_2137_17_04_22.jpg,19
2138,image_BS1_2138_17_04_23.jpg,19
2139,image_BS1_2139_17_04_23.jpg,20
2140,image_BS1_2140_17_04_23.jpg,20
2141,image_BS1_2141_17_04_23.jpg,21
2142,image_BS1_2142_17_04_23.jpg,21
2143,image_BS1_2143_17_04_23.jpg,21
2144,image_BS1_2144_17_04_23.jpg,22
2145,image_BS1_2145_17_04_24.jpg,22
2146,image_BS1_2146_17_04_24.jpg,22
2147,image_BS1_2147_17_04_24.jpg,22
2148,image_BS1_2148_17_04_24.jpg,23
2149,image_BS1_2149_17_04_24.jpg,23
2150,image_BS1_2150_17_04_24.jpg,23
2151,image_BS1_2151_17_04_24.jpg,23
2152,image_BS1_2152_17_04_24.jpg,26
2153,image_BS1_2153_17_04_25.jpg,26
2154,image_BS1_2154_17_04_25.jpg,26
2155,image_BS1_2155_17_04_25.jpg,26
2156,image_BS1_2156_17_04_25.jpg,26
2157,image_BS1_2157_17_04_25.jpg,27
2158,image_BS1_2158_17_04_25.jpg,27
2159,image_BS1_2159_17_04_25.jpg,27
2160,image_BS1_2160_17_04_25.jpg,29
2161,image_BS1_2161_17_04_26.jpg,29
2162,image_BS1_2162_17_04_26.jpg,28
2163,image_BS1_2163_17_04_26.jpg,28
2164,image_BS1_2164_17_04_26.jpg,29
2165,image_BS1_2165_17_04_26.jpg,29
2166,image_BS1_2166_17_04_26.jpg,29
2167,image_BS1_2167_17_04_26.jpg,29
2168,image_BS1_2168_17_04_26.jpg,29
2169,image_BS1_2169_17_04_27.jpg,29
2170,image_BS1_2170_17_04_27.jpg,29
2171,image_BS1_2171_17_04_27.jpg,29
2172,image_BS1_2172_17_04_27.jpg,29
2173,image_BS1_2173_17_04_27.jpg,29
2174,image_BS1_2174_17_04_27.jpg,29
2175,image_BS1_2175_17_04_27.jpg,29
2176,image_BS1_2176_17_04_28.jpg,29
2177,image_BS1_2177_17_04_28.jpg,29
2178,image_BS1_2178_17_04_28.jpg,29
2179,image_BS1_2179_17_04_28.jpg,29
2180,image_BS1_2180_17_04_28.jpg,29
2181,image_BS1_2181_17_04_28.jpg,29
2182,image_BS1_2182_17_04_28.jpg,29
2183,image_BS1_2183_17_04_28.jpg,29
2184,image_BS1_2184_17_04_29.jpg,29
2185,image_BS1_2185_17_04_29.jpg,29
2186,image_BS1_2186_17_04_29.jpg,29
2187,image_BS1_2187_17_04_29.jpg,29
2188,image_BS1_2188_17_04_29.jpg,29
2189,image_BS1_2189_17_04_29.jpg,31
2190,image_BS1_2190_17_04_30.jpg,34
2191,image_BS1_2191_17_04_30.jpg,34
2192,image_BS1_2192_17_04_30.jpg,34
2193,image_BS1_2193_17_04_31.jpg,37
2194,image_BS1_2194_17_04_31.jpg,37
2195,image_BS1_2195_17_04_31.jpg,37
2196,image_BS1_2196_17_04_31.jpg,37
2197,image_BS1_2197_17_04_31.jpg,37
2198,image_BS1_2198_17_04_31.jpg,37
2199,image_BS1_2199_17_04_31.jpg,37
2200,image_BS1_2200_17_04_31.jpg,37
2201,image_BS1_2201_17_04_32.jpg,37
2202,image_BS1_2202_17_04_32.jpg,37
2203,image_BS1_2203_17_04_32.jpg,37
2204,image_BS1_2204_17_04_32.jpg,37
2205,image_BS1_2205_17_04_32.jpg,37
2206,image_BS1_2206_17_04_32.jpg,36
2207,image_BS1_2207_17_04_32.jpg,34
2208,image_BS1_2208_17_04_33.jpg,34
2209,image_BS1_2209_17_04_33.jpg,34
2210,image_BS1_2210_17_04_33.jpg,34
2211,image_BS1_2211_17_04_33.jpg,34
2212,image_BS1_2212_17_04_33.jpg,34
2213,image_BS1_2213_17_04_33.jpg,33
2214,image_BS1_2214_17_04_33.jpg,32
2215,image_BS1_2215_17_04_33.jpg,31
2216,image_BS1_2216_17_04_34.jpg,29
2217,image_BS1_2217_17_04_34.jpg,29
2218,image_BS1_2218_17_04_34.jpg,29
2219,image_BS1_2219_17_04_34.jpg,29
2220,image_BS1_2220_17_04_34.jpg,29
2221,image_BS1_2221_17_04_34.jpg,28
2222,image_BS1_2222_17_04_34.jpg,27
2223,image_BS1_2223_17_04_35.jpg,26
2224,image_BS1_2224_17_04_35.jpg,26
2225,image_BS1_2225_17_04_35.jpg,26
2226,image_BS1_2226_17_04_35.jpg,26
2227,image_BS1_2227_17_04_35.jpg,26
2228,image_BS1_2228_17_04_35.jpg,23
2229,image_BS1_2229_17_04_35.jpg,23
2230,image_BS1_2230_17_04_35.jpg,23
2231,image_BS1_2231_17_04_36.jpg,23
2232,image_BS1_2232_17_04_36.jpg,23
2233,image_BS1_2233_17_04_36.jpg,23
2234,image_BS1_2234_17_04_36.jpg,23
2235,image_BS1_2235_17_04_38.jpg,22
2236,image_BS1_2236_17_04_38.jpg,23
2237,image_BS1_2237_17_04_38.jpg,23
2238,image_BS1_2238_17_04_38.jpg,22
2239,image_BS1_2239_17_04_38.jpg,22
2240,image_BS1_2240_17_04_38.jpg,23
2241,image_BS1_2241_17_04_38.jpg,23
2242,image_BS1_2242_17_04_38.jpg,23
2243,image_BS1_2243_17_04_39.jpg,23
2244,image_BS1_2244_17_04_39.jpg,22
2245,image_BS1_2245_17_04_39.jpg,23
2246,image_BS1_2246_17_04_39.jpg,23
2247,image_BS1_2247_17_04_39.jpg,23
2248,image_BS1_2248_17_04_39.jpg,22
2249,image_BS1_2249_17_04_39.jpg,23
2250,image_BS1_2250_17_04_40.jpg,23
2251,image_BS1_2251_17_04_40.jpg,23
2252,image_BS1_2252_17_04_40.jpg,23
2253,image_BS1_2253_17_04_40.jpg,23
2254,image_BS1_2254_17_04_40.jpg,23
2255,image_BS1_2255_17_04_40.jpg,23
2256,image_BS1_2256_17_04_40.jpg,23
2257,image_BS1_2257_17_04_40.jpg,23
2258,image_BS1_2258_17_04_41.jpg,23
2259,image_BS1_2259_17_04_41.jpg,23
2260,image_BS1_2260_17_04_41.jpg,23
2261,image_BS1_2261_17_04_41.jpg,23
2262,image_BS1_2262_17_04_41.jpg,23
2263,image_BS1_2263_17_04_41.jpg,23
2264,image_BS1_2264_17_04_41.jpg,23
2265,image_BS1_2265_17_04_41.jpg,23
2266,image_BS1_2266_17_04_42.jpg,23
2267,image_BS1_2267_17_04_42.jpg,23
2268,image_BS1_2268_17_04_42.jpg,23
2269,image_BS1_2269_17_04_42.jpg,23
2270,image_BS1_2270_17_04_42.jpg,23
2271,image_BS1_2271_17_04_42.jpg,23
2272,image_BS1_2272_17_04_42.jpg,23
2273,image_BS1_2273_17_04_42.jpg,22
2274,image_BS1_2274_17_04_43.jpg,23
2275,image_BS1_2275_17_04_43.jpg,24
2276,image_BS1_2276_17_04_43.jpg,22
2277,image_BS1_2277_17_04_43.jpg,28
2278,image_BS1_2278_17_04_43.jpg,26
2279,image_BS1_2279_17_04_43.jpg,23
2280,image_BS1_2280_17_04_43.jpg,23
2281,image_BS1_2281_17_04_44.jpg,23
2282,image_BS1_2282_17_04_44.jpg,23
2283,image_BS1_2283_17_04_44.jpg,23
2284,image_BS1_2284_17_04_44.jpg,26
2285,image_BS1_2285_17_04_44.jpg,26
2286,image_BS1_2286_17_04_44.jpg,26
2287,image_BS1_2287_17_04_44.jpg,26
2288,image_BS1_2288_17_04_44.jpg,27
2289,image_BS1_2289_17_04_45.jpg,27
2290,image_BS1_2290_17_04_45.jpg,27
2291,image_BS1_2291_17_04_45.jpg,28
2292,image_BS1_2292_17_04_45.jpg,29
2293,image_BS1_2293_17_04_45.jpg,29
2294,image_BS1_2294_17_04_45.jpg,29
2295,image_BS1_2295_17_04_45.jpg,30
2296,image_BS1_2296_17_04_45.jpg,32
2297,image_BS1_2297_17_04_46.jpg,33
2298,image_BS1_2298_17_04_46.jpg,34
2299,image_BS1_2299_17_04_46.jpg,34
2300,image_BS1_2300_17_04_46.jpg,34
2301,image_BS1_2301_17_04_46.jpg,34
2302,image_BS1_2302_17_04_46.jpg,34
2303,image_BS1_2303_17_04_46.jpg,34
2304,image_BS1_2304_17_04_47.jpg,34
2305,image_BS1_2305_17_04_47.jpg,34
2306,image_BS1_2306_17_04_47.jpg,34
2307,image_BS1_2307_17_04_48.jpg,34
2308,image_BS1_2308_17_04_48.jpg,34
2309,image_BS1_2309_17_04_48.jpg,34
2310,image_BS1_2310_17_04_48.jpg,34
2311,image_BS1_2311_17_04_48.jpg,34
2312,image_BS1_2312_17_04_48.jpg,34
2313,image_BS1_2313_17_04_48.jpg,33
2314,image_BS1_2314_17_04_49.jpg,32
2315,image_BS1_2315_17_04_49.jpg,32
2316,image_BS1_2316_17_04_49.jpg,31
2317,image_BS1_2317_17_04_49.jpg,29
2318,image_BS1_2318_17_04_49.jpg,29
2319,image_BS1_2319_17_04_49.jpg,29
2320,image_BS1_2320_17_04_49.jpg,29
2321,image_BS1_2321_17_04_49.jpg,29
2322,image_BS1_2322_17_04_50.jpg,29
2323,image_BS1_2323_17_04_50.jpg,29
2324,image_BS1_2324_17_04_50.jpg,29
2325,image_BS1_2325_17_04_50.jpg,29
2326,image_BS1_2326_17_04_50.jpg,29
2327,image_BS1_2327_17_04_50.jpg,29
2328,image_BS1_2328_17_04_50.jpg,29
2329,image_BS1_2329_17_04_51.jpg,29
2330,image_BS1_2330_17_04_51.jpg,29
2331,image_BS1_2331_17_04_51.jpg,29
2332,image_BS1_2332_17_04_51.jpg,29
2333,image_BS1_2333_17_04_51.jpg,29
2334,image_BS1_2334_17_04_51.jpg,29
2335,image_BS1_2335_17_04_51.jpg,29
2336,image_BS1_2336_17_04_51.jpg,29
2337,image_BS1_2337_17_04_52.jpg,29
2338,image_BS1_2338_17_04_52.jpg,29
2339,image_BS1_2339_17_04_52.jpg,27
2340,image_BS1_2340_17_04_52.jpg,27
2341,image_BS1_2341_17_04_52.jpg,27
2342,image_BS1_2342_17_04_52.jpg,27
2343,image_BS1_2343_17_04_52.jpg,26
2344,image_BS1_2344_17_04_52.jpg,26
2345,image_BS1_2345_17_04_53.jpg,26
2346,image_BS1_2346_17_04_53.jpg,26
2347,image_BS1_2347_17_04_53.jpg,23
2348,image_BS1_2348_17_04_53.jpg,23
2349,image_BS1_2349_17_04_53.jpg,22
2350,image_BS1_2350_17_04_53.jpg,22
2351,image_BS1_2351_17_04_54.jpg,22
2352,image_BS1_2352_17_04_55.jpg,22
2353,image_BS1_2353_17_04_55.jpg,22
2354,image_BS1_2354_17_04_55.jpg,22
2355,image_BS1_2355_17_04_55.jpg,22
2356,image_BS1_2356_17_04_55.jpg,22
2357,image_BS1_2357_17_04_56.jpg,22
2358,image_BS1_2358_17_04_56.jpg,23
2359,image_BS1_2359_17_04_56.jpg,23
2360,image_BS1_2360_17_04_56.jpg,23
2361,image_BS1_2361_17_04_56.jpg,23
2362,image_BS1_2362_17_04_56.jpg,26
2363,image_BS1_2363_17_04_56.jpg,26
2364,image_BS1_2364_17_04_56.jpg,27
2365,image_BS1_2365_17_04_57.jpg,27
2366,image_BS1_2366_17_04_57.jpg,27
2367,image_BS1_2367_17_04_57.jpg,29
2368,image_BS1_2368_17_04_57.jpg,29
2369,image_BS1_2369_17_04_57.jpg,29
2370,image_BS1_2370_17_04_57.jpg,29
2371,image_BS1_2371_17_04_57.jpg,32
2372,image_BS1_2372_17_04_57.jpg,32
2373,image_BS1_2373_17_04_58.jpg,32
2374,image_BS1_2374_17_04_58.jpg,33
2375,image_BS1_2375_17_04_58.jpg,33
2376,image_BS1_2376_17_04_58.jpg,34
2377,image_BS1_2377_17_04_58.jpg,34
2378,image_BS1_2378_17_04_58.jpg,34
2379,image_BS1_2379_17_04_58.jpg,34
2380,image_BS1_2380_17_04_59.jpg,34
2381,image_BS1_2381_17_04_59.jpg,34
2382,image_BS1_2382_17_04_59.jpg,34
2383,image_BS1_2383_17_04_59.jpg,34
2384,image_BS1_2384_17_04_59.jpg,34
2385,image_BS1_2385_17_04_59.jpg,34
2386,image_BS1_2386_17_04_59.jpg,34
2387,image_BS1_2387_17_04_59.jpg,34
2388,image_BS1_2388_17_05_00.jpg,34
2389,image_BS1_2389_17_05_00.jpg,34
2390,image_BS1_2390_17_05_00.jpg,34
2391,image_BS1_2391_17_05_00.jpg,34
2392,image_BS1_2392_17_05_00.jpg,34
2393,image_BS1_2393_17_05_00.jpg,34
2394,image_BS1_2394_17_05_00.jpg,34
2395,image_BS1_2395_17_05_01.jpg,34
2396,image_BS1_2396_17_05_01.jpg,34
2397,image_BS1_2397_17_05_01.jpg,34
2398,image_BS1_2398_17_05_01.jpg,34
2399,image_BS1_2399_17_05_01.jpg,34
2400,image_BS1_2400_17_05_01.jpg,33
2401,image_BS1_2401_17_05_01.jpg,33
2402,image_BS1_2402_17_05_02.jpg,33
2403,image_BS1_2403_17_05_02.jpg,32
2404,image_BS1_2404_17_05_02.jpg,32
2405,image_BS1_2405_17_05_02.jpg,31
2406,image_BS1_2406_17_05_02.jpg,29
2407,image_BS1_2407_17_05_02.jpg,29
2408,image_BS1_2408_17_05_02.jpg,29
2409,image_BS1_2409_17_05_02.jpg,29
2410,image_BS1_2410_17_05_03.jpg,29
2411,image_BS1_2411_17_05_03.jpg,29
2412,image_BS1_2412_17_05_03.jpg,29
2413,image_BS1_2413_17_05_03.jpg,28
2414,image_BS1_2414_17_05_03.jpg,27
2415,image_BS1_2415_17_05_04.jpg,26
2416,image_BS1_2416_17_05_04.jpg,26
2417,image_BS1_2417_17_05_04.jpg,26
2418,image_BS1_2418_17_05_04.jpg,26
2419,image_BS1_2419_17_05_04.jpg,26
2420,image_BS1_2420_17_05_05.jpg,26
2421,image_BS1_2421_17_05_05.jpg,25
2422,image_BS1_2422_17_05_05.jpg,23
2423,image_BS1_2423_17_05_05.jpg,23
2424,image_BS1_2424_17_05_05.jpg,23
2425,image_BS1_2425_17_05_05.jpg,23
2426,image_BS1_2426_17_05_05.jpg,23
2427,image_BS1_2427_17_05_05.jpg,23
2428,image_BS1_2428_17_05_06.jpg,23
2429,image_BS1_2429_17_05_06.jpg,23
2430,image_BS1_2430_17_05_06.jpg,23
2431,image_BS1_2431_17_05_06.jpg,23
2432,image_BS1_2432_17_05_06.jpg,23
2433,image_BS1_2433_17_05_06.jpg,26
2434,image_BS1_2434_17_05_07.jpg,26
2435,image_BS1_2435_17_05_07.jpg,27
2436,image_BS1_2436_17_05_07.jpg,27
2437,image_BS1_2437_17_05_08.jpg,31
2438,image_BS1_2438_17_05_09.jpg,31
2439,image_BS1_2439_17_05_09.jpg,32
2440,image_BS1_2440_17_05_09.jpg,32
2441,image_BS1_2441_17_05_09.jpg,33
2442,image_BS1_2442_17_05_09.jpg,34
2443,image_BS1_2443_17_05_09.jpg,34
2444,image_BS1_2444_17_05_09.jpg,34
2445,image_BS1_2445_17_05_10.jpg,34
2446,image_BS1_2446_17_05_10.jpg,34
2447,image_BS1_2447_17_05_10.jpg,34
2448,image_BS1_2448_17_05_10.jpg,34
2449,image_BS1_2449_17_05_10.jpg,37
2450,image_BS1_2450_17_05_10.jpg,37
2451,image_BS1_2451_17_05_10.jpg,37
2452,image_BS1_2452_17_05_10.jpg,37
2453,image_BS1_2453_17_05_11.jpg,37
2454,image_BS1_2454_17_05_11.jpg,37
2455,image_BS1_2455_17_05_11.jpg,37
2456,image_BS1_2456_17_05_11.jpg,37
2457,image_BS1_2457_17_05_11.jpg,37
2458,image_BS1_2458_17_05_11.jpg,37
2459,image_BS1_2459_17_05_11.jpg,34
2460,image_BS1_2460_17_05_11.jpg,34
2461,image_BS1_2461_17_05_12.jpg,34
2462,image_BS1_2462_17_05_12.jpg,34
2463,image_BS1_2463_17_05_12.jpg,34
2464,image_BS1_2464_17_05_12.jpg,34
2465,image_BS1_2465_17_05_12.jpg,33
2466,image_BS1_2466_17_05_12.jpg,32
2467,image_BS1_2467_17_05_12.jpg,32
2468,image_BS1_2468_17_05_13.jpg,32
2469,image_BS1_2469_17_05_13.jpg,30
2470,image_BS1_2470_17_05_13.jpg,29
2471,image_BS1_2471_17_05_13.jpg,29
2472,image_BS1_2472_17_05_13.jpg,29
2473,image_BS1_2473_17_05_13.jpg,29
2474,image_BS1_2474_17_05_13.jpg,28
2475,image_BS1_2475_17_05_13.jpg,27
2476,image_BS1_2476_17_05_14.jpg,27
2477,image_BS1_2477_17_05_14.jpg,26
2478,image_BS1_2478_17_05_14.jpg,26
2479,image_BS1_2479_17_05_14.jpg,25
2480,image_BS1_2480_17_05_14.jpg,23
2481,image_BS1_2481_17_05_14.jpg,23
2482,image_BS1_2482_17_05_14.jpg,22
2483,image_BS1_2483_17_05_14.jpg,22
2484,image_BS1_2484_17_05_15.jpg,22
2485,image_BS1_2485_17_05_15.jpg,22
2486,image_BS1_2486_17_05_15.jpg,22
2487,image_BS1_2487_17_05_15.jpg,22
2488,image_BS1_2488_17_05_15.jpg,22
2489,image_BS1_2489_17_05_15.jpg,22
2490,image_BS1_2490_17_05_15.jpg,22
2491,image_BS1_2491_17_05_16.jpg,22
2492,image_BS1_2492_17_05_16.jpg,22
2493,image_BS1_2493_17_05_16.jpg,22
2494,image_BS1_2494_17_05_16.jpg,22
2495,image_BS1_2495_17_05_16.jpg,22
2496,image_BS1_2496_17_05_16.jpg,22
2497,image_BS1_2497_17_05_16.jpg,22
2498,image_BS1_2498_17_05_17.jpg,22
2499,image_BS1_2499_17_05_17.jpg,23
2500,image_BS1_2500_17_05_17.jpg,23
2501,image_BS1_2501_17_05_17.jpg,23
2502,image_BS1_2502_17_05_17.jpg,26
2503,image_BS1_2503_17_05_17.jpg,26
2504,image_BS1_2504_17_05_17.jpg,26
2505,image_BS1_2505_17_05_18.jpg,26
2506,image_BS1_2506_17_05_18.jpg,27
2507,image_BS1_2507_17_05_18.jpg,27
2508,image_BS1_2508_17_05_18.jpg,29
2509,image_BS1_2509_17_05_18.jpg,29
2510,image_BS1_2510_17_05_18.jpg,29
2511,image_BS1_2511_17_05_18.jpg,29
2512,image_BS1_2512_17_05_18.jpg,29
2513,image_BS1_2513_17_05_19.jpg,29
2514,image_BS1_2514_17_05_19.jpg,29
2515,image_BS1_2515_17_05_19.jpg,29
2516,image_BS1_2516_17_05_19.jpg,29
2517,image_BS1_2517_17_05_19.jpg,29
2518,image_BS1_2518_17_05_19.jpg,31
2519,image_BS1_2519_17_05_20.jpg,31
2520,image_BS1_2520_17_05_20.jpg,32
2521,image_BS1_2521_17_05_20.jpg,32
2522,image_BS1_2522_17_05_20.jpg,32
2523,image_BS1_2523_17_05_20.jpg,32
2524,image_BS1_2524_17_05_20.jpg,32
2525,image_BS1_2525_17_05_20.jpg,32
2526,image_BS1_2526_17_05_21.jpg,32
2527,image_BS1_2527_17_05_21.jpg,33
2528,image_BS1_2528_17_05_21.jpg,33
2529,image_BS1_2529_17_05_27.jpg,26
2530,image_BS1_2530_17_05_27.jpg,26
2531,image_BS1_2531_17_05_27.jpg,26
2532,image_BS1_2532_17_05_27.jpg,26
2533,image_BS1_2533_17_05_27.jpg,26
2534,image_BS1_2534_17_05_28.jpg,26
2535,image_BS1_2535_17_05_28.jpg,26
2536,image_BS1_2536_17_05_28.jpg,26
2537,image_BS1_2537_17_05_28.jpg,26
2538,image_BS1_2538_17_05_28.jpg,26
2539,image_BS1_2539_17_05_28.jpg,26
2540,image_BS1_2540_17_05_28.jpg,26
2541,image_BS1_2541_17_05_29.jpg,27
2542,image_BS1_2542_17_05_29.jpg,27
2543,image_BS1_2543_17_05_29.jpg,29
2544,image_BS1_2544_17_05_29.jpg,29
2545,image_BS1_2545_17_05_29.jpg,29
2546,image_BS1_2546_17_05_29.jpg,29
2547,image_BS1_2547_17_05_29.jpg,29
2548,image_BS1_2548_17_05_29.jpg,29
2549,image_BS1_2549_17_05_30.jpg,30
2550,image_BS1_2550_17_05_30.jpg,29
2551,image_BS1_2551_17_05_30.jpg,30
2552,image_BS1_2552_17_05_30.jpg,32
2553,image_BS1_2553_17_05_30.jpg,31
2554,image_BS1_2554_17_05_30.jpg,32
2555,image_BS1_2555_17_05_30.jpg,32
2556,image_BS1_2556_17_05_30.jpg,32
2557,image_BS1_2557_17_05_31.jpg,32
2558,image_BS1_2558_17_05_31.jpg,32
2559,image_BS1_2559_17_05_31.jpg,32
2560,image_BS1_2560_17_05_31.jpg,31
2561,image_BS1_2561_17_05_31.jpg,32
2562,image_BS1_2562_17_05_31.jpg,32
2563,image_BS1_2563_17_05_31.jpg,33
2564,image_BS1_2564_17_05_31.jpg,31
2565,image_BS1_2565_17_05_32.jpg,32
2566,image_BS1_2566_17_05_32.jpg,32
2567,image_BS1_2567_17_05_32.jpg,32
2568,image_BS1_2568_17_05_32.jpg,32
2569,image_BS1_2569_17_05_32.jpg,32
2570,image_BS1_2570_17_05_32.jpg,32
2571,image_BS1_2571_17_05_32.jpg,32
2572,image_BS1_2572_17_05_33.jpg,32
2573,image_BS1_2573_17_05_33.jpg,32
2574,image_BS1_2574_17_05_33.jpg,32
2575,image_BS1_2575_17_05_33.jpg,32
2576,image_BS1_2576_17_05_33.jpg,33
2577,image_BS1_2577_17_05_33.jpg,31
2578,image_BS1_2578_17_05_33.jpg,31
2579,image_BS1_2579_17_05_33.jpg,33
2580,image_BS1_2580_17_05_34.jpg,31
2581,image_BS1_2581_17_05_34.jpg,31
2582,image_BS1_2582_17_05_34.jpg,29
2583,image_BS1_2583_17_05_34.jpg,29
2584,image_BS1_2584_17_05_34.jpg,29
2585,image_BS1_2585_17_05_34.jpg,29
2586,image_BS1_2586_17_05_34.jpg,29
2587,image_BS1_2587_17_05_34.jpg,29
2588,image_BS1_2588_17_05_35.jpg,29
2589,image_BS1_2589_17_05_35.jpg,29
2590,image_BS1_2590_17_05_35.jpg,29
2591,image_BS1_2591_17_05_35.jpg,29
2592,image_BS1_2592_17_05_35.jpg,27
2593,image_BS1_2593_17_05_35.jpg,26
2594,image_BS1_2594_17_05_35.jpg,27
2595,image_BS1_2595_17_05_36.jpg,27
2596,image_BS1_2596_17_05_36.jpg,27
2597,image_BS1_2597_17_05_36.jpg,27
2598,image_BS1_2598_17_05_36.jpg,27
2599,image_BS1_2599_17_05_36.jpg,26
2600,image_BS1_2600_17_05_36.jpg,27
2601,image_BS1_2601_17_05_36.jpg,26
2602,image_BS1_2602_17_05_36.jpg,27
2603,image_BS1_2603_17_05_37.jpg,26
2604,image_BS1_2604_17_05_37.jpg,27
2605,image_BS1_2605_17_05_37.jpg,27
2606,image_BS1_2606_17_05_37.jpg,27
2607,image_BS1_2607_17_05_37.jpg,27
2608,image_BS1_2608_17_05_37.jpg,27
2609,image_BS1_2609_17_05_37.jpg,27
2610,image_BS1_2610_17_05_38.jpg,27
2611,image_BS1_2611_17_05_38.jpg,29
2612,image_BS1_2612_17_05_38.jpg,29
2613,image_BS1_2613_17_05_38.jpg,29
2614,image_BS1_2614_17_05_38.jpg,29
2615,image_BS1_2615_17_05_38.jpg,29
2616,image_BS1_2616_17_05_39.jpg,29
2617,image_BS1_2617_17_05_39.jpg,29
2618,image_BS1_2618_17_05_39.jpg,30
2619,image_BS1_2619_17_05_39.jpg,31
2620,image_BS1_2620_17_05_39.jpg,32
2621,image_BS1_2621_17_05_40.jpg,34
2622,image_BS1_2622_17_05_40.jpg,34
2623,image_BS1_2623_17_05_40.jpg,34
2624,image_BS1_2624_17_05_41.jpg,34
2625,image_BS1_2625_17_05_41.jpg,34
2626,image_BS1_2626_17_05_41.jpg,34
2627,image_BS1_2627_17_05_41.jpg,34
2628,image_BS1_2628_17_05_41.jpg,34
2629,image_BS1_2629_17_05_41.jpg,34
2630,image_BS1_2630_17_05_41.jpg,34
2631,image_BS1_2631_17_05_42.jpg,34
2632,image_BS1_2632_17_05_42.jpg,36
2633,image_BS1_2633_17_05_42.jpg,34
2634,image_BS1_2634_17_05_42.jpg,34
2635,image_BS1_2635_17_05_42.jpg,34
2636,image_BS1_2636_17_05_42.jpg,34
2637,image_BS1_2637_17_05_42.jpg,34
2638,image_BS1_2638_17_05_42.jpg,34
2639,image_BS1_2639_17_05_43.jpg,34
2640,image_BS1_2640_17_05_43.jpg,34
2641,image_BS1_2641_17_05_44.jpg,34
2642,image_BS1_2642_17_05_45.jpg,34
2643,image_BS1_2643_17_05_45.jpg,34
2644,image_BS1_2644_17_05_45.jpg,34
2645,image_BS1_2645_17_05_45.jpg,34
2646,image_BS1_2646_17_05_46.jpg,34
2647,image_BS1_2647_17_05_46.jpg,37
2648,image_BS1_2648_17_05_46.jpg,37
2649,image_BS1_2649_17_05_46.jpg,37
2650,image_BS1_2650_17_05_46.jpg,37
2651,image_BS1_2651_17_05_46.jpg,37
2652,image_BS1_2652_17_05_46.jpg,38
2653,image_BS1_2653_17_05_47.jpg,38
2654,image_BS1_2654_17_05_47.jpg,39
2655,image_BS1_2655_17_05_47.jpg,39
2656,image_BS1_2656_17_05_47.jpg,39
2657,image_BS1_2657_17_05_47.jpg,39
2658,image_BS1_2658_17_05_47.jpg,39
2659,image_BS1_2659_17_05_47.jpg,39
2660,image_BS1_2660_17_05_48.jpg,42
2661,image_BS1_2661_17_05_48.jpg,42
2662,image_BS1_2662_17_05_48.jpg,43
2663,image_BS1_2663_17_05_48.jpg,43
2664,image_BS1_2664_17_05_48.jpg,43
2665,image_BS1_2665_17_05_48.jpg,43
2666,image_BS1_2666_17_05_48.jpg,44
2667,image_BS1_2667_17_05_48.jpg,44
2668,image_BS1_2668_17_05_49.jpg,44
2669,image_BS1_2669_17_05_49.jpg,44
2670,image_BS1_2670_17_05_49.jpg,46
2671,image_BS1_2671_17_05_49.jpg,46
2672,image_BS1_2672_17_05_49.jpg,46
2673,image_BS1_2673_17_05_49.jpg,47
2674,image_BS1_2674_17_05_49.jpg,48
2675,image_BS1_2675_17_05_50.jpg,48
2676,image_BS1_2676_17_05_50.jpg,47
2677,image_BS1_2677_17_05_50.jpg,46
2678,image_BS1_2678_17_05_50.jpg,48
2679,image_BS1_2679_17_05_50.jpg,48
2680,image_BS1_2680_17_05_50.jpg,48
2681,image_BS1_2681_17_05_50.jpg,47
2682,image_BS1_2682_17_05_51.jpg,47
2683,image_BS1_2683_17_05_51.jpg,47
2684,image_BS1_2684_17_05_51.jpg,46
2685,image_BS1_2685_17_05_51.jpg,47
2686,image_BS1_2686_17_05_51.jpg,45
2687,image_BS1_2687_17_05_51.jpg,45
2688,image_BS1_2688_17_05_51.jpg,44
2689,image_BS1_2689_17_05_51.jpg,45
2690,image_BS1_2690_17_05_52.jpg,44
2691,image_BS1_2691_17_05_52.jpg,44
2692,image_BS1_2692_17_05_52.jpg,44
2693,image_BS1_2693_17_05_52.jpg,44
2694,image_BS1_2694_17_05_52.jpg,43
2695,image_BS1_2695_17_05_52.jpg,44
2696,image_BS1_2696_17_05_52.jpg,43
2697,image_BS1_2697_17_05_53.jpg,43
2698,image_BS1_2698_17_05_53.jpg,42
2699,image_BS1_2699_17_05_53.jpg,42
2700,image_BS1_2700_17_05_53.jpg,42
2701,image_BS1_2701_17_05_53.jpg,40
2702,image_BS1_2702_17_05_53.jpg,39
2703,image_BS1_2703_17_05_53.jpg,39
2704,image_BS1_2704_17_05_53.jpg,39
2705,image_BS1_2705_17_05_54.jpg,39
2706,image_BS1_2706_17_05_54.jpg,39
2707,image_BS1_2707_17_05_54.jpg,39
2708,image_BS1_2708_17_05_54.jpg,37
2709,image_BS1_2709_17_05_54.jpg,37
2710,image_BS1_2710_17_05_54.jpg,37
2711,image_BS1_2711_17_05_55.jpg,34
2712,image_BS1_2712_17_05_55.jpg,34
2713,image_BS1_2713_17_05_55.jpg,34
2714,image_BS1_2714_17_05_55.jpg,34
2715,image_BS1_2715_17_05_55.jpg,34
2716,image_BS1_2716_17_05_55.jpg,33
2717,image_BS1_2717_17_05_55.jpg,32
2718,image_BS1_2718_17_05_55.jpg,32
2719,image_BS1_2719_17_05_56.jpg,29
2720,image_BS1_2720_17_05_56.jpg,29
2721,image_BS1_2721_17_05_56.jpg,29
2722,image_BS1_2722_17_05_56.jpg,29
2723,image_BS1_2723_17_05_56.jpg,29
2724,image_BS1_2724_17_05_56.jpg,29
2725,image_BS1_2725_17_05_57.jpg,27
2726,image_BS1_2726_17_05_57.jpg,26
2727,image_BS1_2727_17_05_57.jpg,27
2728,image_BS1_2728_17_05_58.jpg,26
2729,image_BS1_2729_17_05_58.jpg,26
2730,image_BS1_2730_17_05_58.jpg,26
2731,image_BS1_2731_17_05_58.jpg,26
2732,image_BS1_2732_17_05_58.jpg,26
2733,image_BS1_2733_17_05_58.jpg,26
2734,image_BS1_2734_17_05_58.jpg,26
2735,image_BS1_2735_17_05_58.jpg,26
2736,image_BS1_2736_17_05_59.jpg,26
2737,image_BS1_2737_17_05_59.jpg,26
2738,image_BS1_2738_17_05_59.jpg,27
2739,image_BS1_2739_17_05_59.jpg,26
2740,image_BS1_2740_17_05_59.jpg,27
2741,image_BS1_2741_17_05_59.jpg,27
2742,image_BS1_2742_17_05_59.jpg,27
2743,image_BS1_2743_17_05_59.jpg,27
2744,image_BS1_2744_17_06_00.jpg,27
2745,image_BS1_2745_17_06_00.jpg,29
2746,image_BS1_2746_17_06_00.jpg,29
2747,image_BS1_2747_17_06_01.jpg,29
2748,image_BS1_2748_17_06_02.jpg,31
2749,image_BS1_2749_17_06_02.jpg,32
2750,image_BS1_2750_17_06_02.jpg,32
2751,image_BS1_2751_17_06_02.jpg,32
2752,image_BS1_2752_17_06_02.jpg,32
2753,image_BS1_2753_17_06_02.jpg,32
2754,image_BS1_2754_17_06_02.jpg,33
2755,image_BS1_2755_17_06_03.jpg,34
2756,image_BS1_2756_17_06_03.jpg,34
2757,image_BS1_2757_17_06_03.jpg,34
2758,image_BS1_2758_17_06_03.jpg,34
2759,image_BS1_2759_17_06_03.jpg,34
2760,image_BS1_2760_17_06_03.jpg,34
2761,image_BS1_2761_17_06_03.jpg,34
2762,image_BS1_2762_17_06_03.jpg,34
2763,image_BS1_2763_17_06_04.jpg,34
2764,image_BS1_2764_17_06_04.jpg,34
2765,image_BS1_2765_17_06_04.jpg,34
2766,image_BS1_2766_17_06_04.jpg,34
2767,image_BS1_2767_17_06_04.jpg,34
2768,image_BS1_2768_17_06_04.jpg,34
2769,image_BS1_2769_17_06_04.jpg,34
2770,image_BS1_2770_17_06_05.jpg,34
2771,image_BS1_2771_17_06_05.jpg,34
2772,image_BS1_2772_17_06_05.jpg,34
2773,image_BS1_2773_17_06_05.jpg,34
2774,image_BS1_2774_17_06_05.jpg,34
2775,image_BS1_2775_17_06_05.jpg,34
2776,image_BS1_2776_17_06_06.jpg,34
2777,image_BS1_2777_17_06_06.jpg,34
2778,image_BS1_2778_17_06_06.jpg,34
2779,image_BS1_2779_17_06_06.jpg,33
2780,image_BS1_2780_17_06_06.jpg,33
2781,image_BS1_2781_17_06_06.jpg,33
2782,image_BS1_2782_17_06_06.jpg,32
2783,image_BS1_2783_17_06_06.jpg,32
2784,image_BS1_2784_17_06_07.jpg,32
2785,image_BS1_2785_17_06_07.jpg,29
2786,image_BS1_2786_17_06_07.jpg,29
2787,image_BS1_2787_17_06_07.jpg,29
2788,image_BS1_2788_17_06_07.jpg,29
2789,image_BS1_2789_17_06_07.jpg,29
2790,image_BS1_2790_17_06_07.jpg,29
2791,image_BS1_2791_17_06_07.jpg,28
2792,image_BS1_2792_17_06_08.jpg,29
2793,image_BS1_2793_17_06_08.jpg,27
2794,image_BS1_2794_17_06_08.jpg,27
2795,image_BS1_2795_17_06_08.jpg,26
2796,image_BS1_2796_17_06_08.jpg,26
2797,image_BS1_2797_17_06_08.jpg,26
2798,image_BS1_2798_17_06_08.jpg,23
2799,image_BS1_2799_17_06_09.jpg,23
2800,image_BS1_2800_17_06_09.jpg,22
2801,image_BS1_2801_17_06_09.jpg,22
2802,image_BS1_2802_17_06_09.jpg,22
2803,image_BS1_2803_17_06_09.jpg,22
2804,image_BS1_2804_17_06_09.jpg,22
2805,image_BS1_2805_17_06_09.jpg,21
2806,image_BS1_2806_17_06_09.jpg,21
2807,image_BS1_2807_17_06_10.jpg,21
2808,image_BS1_2808_17_06_10.jpg,20
2809,image_BS1_2809_17_06_10.jpg,21
2810,image_BS1_2810_17_06_10.jpg,20
2811,image_BS1_2811_17_06_10.jpg,21
2812,image_BS1_2812_17_06_10.jpg,21
2813,image_BS1_2813_17_06_10.jpg,21
2814,image_BS1_2814_17_06_11.jpg,21
2815,image_BS1_2815_17_06_11.jpg,20
2816,image_BS1_2816_17_06_11.jpg,19
2817,image_BS1_2817_17_06_11.jpg,21
2818,image_BS1_2818_17_06_11.jpg,20
2819,image_BS1_2819_17_06_11.jpg,21
2820,image_BS1_2820_17_06_11.jpg,20
2821,image_BS1_2821_17_06_11.jpg,21
2822,image_BS1_2822_17_06_12.jpg,21
2823,image_BS1_2823_17_06_12.jpg,21
2824,image_BS1_2824_17_06_12.jpg,21
2825,image_BS1_2825_17_06_12.jpg,21
2826,image_BS1_2826_17_06_12.jpg,21
2827,image_BS1_2827_17_06_12.jpg,21
2828,image_BS1_2828_17_06_12.jpg,22
2829,image_BS1_2829_17_06_13.jpg,21
2830,image_BS1_2830_17_06_13.jpg,22
2831,image_BS1_2831_17_06_13.jpg,22
2832,image_BS1_2832_17_06_13.jpg,22
2833,image_BS1_2833_17_06_13.jpg,22
2834,image_BS1_2834_17_06_13.jpg,23
2835,image_BS1_2835_17_06_14.jpg,26
2836,image_BS1_2836_17_06_14.jpg,27
2837,image_BS1_2837_17_06_14.jpg,27
2838,image_BS1_2838_17_06_14.jpg,28
2839,image_BS1_2839_17_06_15.jpg,29
2840,image_BS1_2840_17_06_15.jpg,29
2841,image_BS1_2841_17_06_15.jpg,29
2842,image_BS1_2842_17_06_15.jpg,29
2843,image_BS1_2843_17_06_15.jpg,29
2844,image_BS1_2844_17_06_15.jpg,31
2845,image_BS1_2845_17_06_15.jpg,32
2846,image_BS1_2846_17_06_15.jpg,33
2847,image_BS1_2847_17_06_16.jpg,33
2848,image_BS1_2848_17_06_16.jpg,34
2849,image_BS1_2849_17_06_16.jpg,34
2850,image_BS1_2850_17_06_16.jpg,34
2851,image_BS1_2851_17_06_16.jpg,34
2852,image_BS1_2852_17_06_16.jpg,37
2853,image_BS1_2853_17_06_16.jpg,37
2854,image_BS1_2854_17_06_17.jpg,37
2855,image_BS1_2855_17_06_17.jpg,39
2856,image_BS1_2856_17_06_17.jpg,39
2857,image_BS1_2857_17_06_18.jpg,39
2858,image_BS1_2858_17_06_18.jpg,40
2859,image_BS1_2859_17_06_18.jpg,39
2860,image_BS1_2860_17_06_18.jpg,40
2861,image_BS1_2861_17_06_18.jpg,42
2862,image_BS1_2862_17_06_19.jpg,42
2863,image_BS1_2863_17_06_19.jpg,42
2864,image_BS1_2864_17_06_19.jpg,42
2865,image_BS1_2865_17_06_19.jpg,42
2866,image_BS1_2866_17_06_19.jpg,42
2867,image_BS1_2867_17_06_19.jpg,42
2868,image_BS1_2868_17_06_19.jpg,42
2869,image_BS1_2869_17_06_20.jpg,42
2870,image_BS1_2870_17_06_20.jpg,42
2871,image_BS1_2871_17_06_20.jpg,40
2872,image_BS1_2872_17_06_20.jpg,40
2873,image_BS1_2873_17_06_20.jpg,40
2874,image_BS1_2874_17_06_20.jpg,39
2875,image_BS1_2875_17_06_20.jpg,39
2876,image_BS1_2876_17_06_20.jpg,39
2877,image_BS1_2877_17_06_21.jpg,39
2878,image_BS1_2878_17_06_21.jpg,39
2879,image_BS1_2879_17_06_21.jpg,39
2880,image_BS1_2880_17_06_21.jpg,39
2881,image_BS1_2881_17_06_21.jpg,39
2882,image_BS1_2882_17_06_21.jpg,39
2883,image_BS1_2883_17_06_21.jpg,39
2884,image_BS1_2884_17_06_21.jpg,39
2885,image_BS1_2885_17_06_22.jpg,39
2886,image_BS1_2886_17_06_22.jpg,39
2887,image_BS1_2887_17_06_22.jpg,39
2888,image_BS1_2888_17_06_22.jpg,39
2889,image_BS1_2889_17_06_22.jpg,39
2890,image_BS1_2890_17_06_22.jpg,39
2891,image_BS1_2891_17_06_22.jpg,39
2892,image_BS1_2892_17_06_23.jpg,39
2893,image_BS1_2893_17_06_23.jpg,39
2894,image_BS1_2894_17_06_23.jpg,39
2895,image_BS1_2895_17_06_23.jpg,39
2896,image_BS1_2896_17_06_23.jpg,39
2897,image_BS1_2897_17_06_23.jpg,39
2898,image_BS1_2898_17_06_23.jpg,39
2899,image_BS1_2899_17_06_24.jpg,39
2900,image_BS1_2900_17_06_24.jpg,39
2901,image_BS1_2901_17_06_24.jpg,39
2902,image_BS1_2902_17_06_24.jpg,39
2903,image_BS1_2903_17_06_24.jpg,39
2904,image_BS1_2904_17_06_24.jpg,39
2905,image_BS1_2905_17_06_24.jpg,39
2906,image_BS1_2906_17_06_24.jpg,39
2907,image_BS1_2907_17_06_25.jpg,39
2908,image_BS1_2908_17_06_25.jpg,39
2909,image_BS1_2909_17_06_25.jpg,39
2910,image_BS1_2910_17_06_25.jpg,39
2911,image_BS1_2911_17_06_25.jpg,39
2912,image_BS1_2912_17_06_25.jpg,39
2913,image_BS1_2913_17_06_25.jpg,39
2914,image_BS1_2914_17_06_25.jpg,39
2915,image_BS1_2915_17_06_26.jpg,39
2916,image_BS1_2916_17_06_26.jpg,39
2917,image_BS1_2917_17_06_26.jpg,39
2918,image_BS1_2918_17_06_26.jpg,39
2919,image_BS1_2919_17_06_26.jpg,39
2920,image_BS1_2920_17_06_26.jpg,39
2921,image_BS1_2921_17_06_26.jpg,39
2922,image_BS1_2922_17_06_27.jpg,39
2923,image_BS1_2923_17_06_27.jpg,39
2924,image_BS1_2924_17_06_27.jpg,39
2925,image_BS1_2925_17_06_27.jpg,39
2926,image_BS1_2926_17_06_27.jpg,39
2927,image_BS1_2927_17_06_27.jpg,39
2928,image_BS1_2928_17_06_27.jpg,39
2929,image_BS1_2929_17_06_28.jpg,38
2930,image_BS1_2930_17_06_28.jpg,38
2931,image_BS1_2931_17_06_28.jpg,38
2932,image_BS1_2932_17_06_28.jpg,37
2933,image_BS1_2933_17_06_28.jpg,38
2934,image_BS1_2934_17_06_28.jpg,37
2935,image_BS1_2935_17_06_29.jpg,37
2936,image_BS1_2936_17_06_29.jpg,37
2937,image_BS1_2937_17_06_29.jpg,36
2938,image_BS1_2938_17_06_29.jpg,34
2939,image_BS1_2939_17_06_29.jpg,34
2940,image_BS1_2940_17_06_29.jpg,34
2941,image_BS1_2941_17_06_29.jpg,34
2942,image_BS1_2942_17_06_29.jpg,34
2943,image_BS1_2943_17_06_30.jpg,33
2944,image_BS1_2944_17_06_30.jpg,33
2945,image_BS1_2945_17_06_30.jpg,33
2946,image_BS1_2946_17_06_30.jpg,32
2947,image_BS1_2947_17_06_30.jpg,29
2948,image_BS1_2948_17_06_30.jpg,29
2949,image_BS1_2949_17_06_31.jpg,29
2950,image_BS1_2950_17_06_31.jpg,29
2951,image_BS1_2951_17_06_31.jpg,29
2952,image_BS1_2952_17_06_31.jpg,28
2953,image_BS1_2953_17_06_31.jpg,27
2954,image_BS1_2954_17_06_31.jpg,28
2955,image_BS1_2955_17_06_32.jpg,27
2956,image_BS1_2956_17_06_32.jpg,27
2957,image_BS1_2957_17_06_32.jpg,27
2958,image_BS1_2958_17_06_32.jpg,27
2959,image_BS1_2959_17_06_32.jpg,27
2960,image_BS1_2960_17_06_32.jpg,27
2961,image_BS1_2961_17_06_32.jpg,26
2962,image_BS1_2962_17_06_32.jpg,26
2963,image_BS1_2963_17_06_33.jpg,26
2964,image_BS1_2964_17_06_33.jpg,27
2965,image_BS1_2965_17_06_33.jpg,27
2966,image_BS1_2966_17_06_33.jpg,26
2967,image_BS1_2967_17_06_33.jpg,27
2968,image_BS1_2968_17_06_34.jpg,29
2969,image_BS1_2969_17_06_35.jpg,29
2970,image_BS1_2970_17_06_35.jpg,29
2971,image_BS1_2971_17_06_35.jpg,29
2972,image_BS1_2972_17_06_36.jpg,29
2973,image_BS1_2973_17_06_36.jpg,29
2974,image_BS1_2974_17_06_36.jpg,30
2975,image_BS1_2975_17_06_36.jpg,31
2976,image_BS1_2976_17_06_36.jpg,31
2977,image_BS1_2977_17_06_36.jpg,32
2978,image_BS1_2978_17_06_36.jpg,33
2979,image_BS1_2979_17_06_37.jpg,32
2980,image_BS1_2980_17_06_37.jpg,33
2981,image_BS1_2981_17_06_37.jpg,34
2982,image_BS1_2982_17_06_37.jpg,34
2983,image_BS1_2983_17_06_37.jpg,34
2984,image_BS1_2984_17_06_37.jpg,34
2985,image_BS1_2985_17_06_37.jpg,34
2986,image_BS1_2986_17_06_37.jpg,34
2987,image_BS1_2987_17_06_38.jpg,34
2988,image_BS1_2988_17_06_38.jpg,36
2989,image_BS1_2989_17_06_38.jpg,37
2990,image_BS1_2990_17_06_38.jpg,37
2991,image_BS1_2991_17_06_38.jpg,37
2992,image_BS1_2992_17_06_38.jpg,37
2993,image_BS1_2993_17_06_38.jpg,37
2994,image_BS1_2994_17_06_38.jpg,37
2995,image_BS1_2995_17_06_39.jpg,37
2996,image_BS1_2996_17_06_39.jpg,38
2997,image_BS1_2997_17_06_39.jpg,38
2998,image_BS1_2998_17_06_39.jpg,38
2999,image_BS1_2999_17_06_39.jpg,38
3000,image_BS1_3000_17_06_39.jpg,38
3001,image_BS1_3001_17_06_39.jpg,37
3002,image_BS1_3002_17_06_40.jpg,38
3003,image_BS1_3003_17_06_40.jpg,38
3004,image_BS1_3004_17_06_40.jpg,38
3005,image_BS1_3005_17_06_40.jpg,38
3006,image_BS1_3006_17_06_40.jpg,38
3007,image_BS1_3007_17_06_40.jpg,38
3008,image_BS1_3008_17_06_40.jpg,38
3009,image_BS1_3009_17_06_40.jpg,38
3010,image_BS1_3010_17_06_41.jpg,38
3011,image_BS1_3011_17_06_41.jpg,38
3012,image_BS1_3012_17_06_41.jpg,38
3013,image_BS1_3013_17_06_41.jpg,38
3014,image_BS1_3014_17_06_41.jpg,37
3015,image_BS1_3015_17_06_41.jpg,37
3016,image_BS1_3016_17_06_41.jpg,37
3017,image_BS1_3017_17_06_41.jpg,37
3018,image_BS1_3018_17_06_42.jpg,37
3019,image_BS1_3019_17_06_42.jpg,37
3020,image_BS1_3020_17_06_42.jpg,37
3021,image_BS1_3021_17_06_42.jpg,36
3022,image_BS1_3022_17_06_42.jpg,34
3023,image_BS1_3023_17_06_42.jpg,34
3024,image_BS1_3024_17_06_42.jpg,34
3025,image_BS1_3025_17_06_43.jpg,34
3026,image_BS1_3026_17_06_43.jpg,34
3027,image_BS1_3027_17_06_43.jpg,34
3028,image_BS1_3028_17_06_43.jpg,34
3029,image_BS1_3029_17_06_43.jpg,33
3030,image_BS1_3030_17_06_43.jpg,34
3031,image_BS1_3031_17_06_43.jpg,32
3032,image_BS1_3032_17_06_43.jpg,32
3033,image_BS1_3033_17_06_44.jpg,30
3034,image_BS1_3034_17_06_44.jpg,29
3035,image_BS1_3035_17_06_44.jpg,29
3036,image_BS1_3036_17_06_44.jpg,29
3037,image_BS1_3037_17_06_44.jpg,29
3038,image_BS1_3038_17_06_44.jpg,29
3039,image_BS1_3039_17_06_44.jpg,29
3040,image_BS1_3040_17_06_45.jpg,29
3041,image_BS1_3041_17_06_45.jpg,29
3042,image_BS1_3042_17_06_45.jpg,28
3043,image_BS1_3043_17_06_45.jpg,27
3044,image_BS1_3044_17_06_45.jpg,27
3045,image_BS1_3045_17_06_45.jpg,27
3046,image_BS1_3046_17_06_45.jpg,27
3047,image_BS1_3047_17_06_45.jpg,27
3048,image_BS1_3048_17_06_46.jpg,26
3049,image_BS1_3049_17_06_46.jpg,26
3050,image_BS1_3050_17_06_46.jpg,23
3051,image_BS1_3051_17_06_47.jpg,23
3052,image_BS1_3052_17_06_47.jpg,23
3053,image_BS1_3053_17_06_47.jpg,23
3054,image_BS1_3054_17_06_47.jpg,23
3055,image_BS1_3055_17_06_47.jpg,23
3056,image_BS1_3056_17_06_47.jpg,23
3057,image_BS1_3057_17_06_47.jpg,23
3058,image_BS1_3058_17_06_47.jpg,23
3059,image_BS1_3059_17_06_48.jpg,23
3060,image_BS1_3060_17_06_48.jpg,23
3061,image_BS1_3061_17_06_48.jpg,23
3062,image_BS1_3062_17_06_48.jpg,23
3063,image_BS1_3063_17_06_48.jpg,23
3064,image_BS1_3064_17_06_48.jpg,23
3065,image_BS1_3065_17_06_48.jpg,23
3066,image_BS1_3066_17_06_49.jpg,26
3067,image_BS1_3067_17_06_49.jpg,26
3068,image_BS1_3068_17_06_49.jpg,26
3069,image_BS1_3069_17_06_50.jpg,26
3070,image_BS1_3070_17_06_50.jpg,27
3071,image_BS1_3071_17_06_51.jpg,26
3072,image_BS1_3072_17_06_51.jpg,27
3073,image_BS1_3073_17_06_51.jpg,27
3074,image_BS1_3074_17_06_51.jpg,27
3075,image_BS1_3075_17_06_51.jpg,27
3076,image_BS1_3076_17_06_51.jpg,27
3077,image_BS1_3077_17_06_51.jpg,28
3078,image_BS1_3078_17_06_52.jpg,27
3079,image_BS1_3079_17_06_52.jpg,29
3080,image_BS1_3080_17_06_52.jpg,28
3081,image_BS1_3081_17_06_52.jpg,28
3082,image_BS1_3082_17_06_52.jpg,29
3083,image_BS1_3083_17_06_52.jpg,28
3084,image_BS1_3084_17_06_52.jpg,29
3085,image_BS1_3085_17_06_52.jpg,29
3086,image_BS1_3086_17_06_53.jpg,29
3087,image_BS1_3087_17_06_53.jpg,29
3088,image_BS1_3088_17_06_53.jpg,29
3089,image_BS1_3089_17_06_53.jpg,29
3090,image_BS1_3090_17_06_53.jpg,29
3091,image_BS1_3091_17_06_53.jpg,29
3092,image_BS1_3092_17_06_53.jpg,29
3093,image_BS1_3093_17_06_54.jpg,29
3094,image_BS1_3094_17_06_54.jpg,29
3095,image_BS1_3095_17_06_54.jpg,29
3096,image_BS1_3096_17_06_54.jpg,29
3097,image_BS1_3097_17_06_54.jpg,29
3098,image_BS1_3098_17_06_54.jpg,29
3099,image_BS1_3099_17_06_54.jpg,29
3100,image_BS1_3100_17_06_54.jpg,29
3101,image_BS1_3101_17_06_55.jpg,30
3102,image_BS1_3102_17_06_55.jpg,32
3103,image_BS1_3103_17_06_55.jpg,32
3104,image_BS1_3104_17_06_55.jpg,32
3105,image_BS1_3105_17_06_55.jpg,33
3106,image_BS1_3106_17_06_55.jpg,33
3107,image_BS1_3107_17_06_55.jpg,33
3108,image_BS1_3108_17_06_55.jpg,33
3109,image_BS1_3109_17_06_56.jpg,34
3110,image_BS1_3110_17_06_56.jpg,34
3111,image_BS1_3111_17_06_56.jpg,34
3112,image_BS1_3112_17_06_56.jpg,34
3113,image_BS1_3113_17_06_56.jpg,34
3114,image_BS1_3114_17_06_56.jpg,37
3115,image_BS1_3115_17_06_56.jpg,36
3116,image_BS1_3116_17_06_57.jpg,37
3117,image_BS1_3117_17_06_57.jpg,37
3118,image_BS1_3118_17_06_57.jpg,37
3119,image_BS1_3119_17_06_57.jpg,38
3120,image_BS1_3120_17_06_57.jpg,39
3121,image_BS1_3121_17_06_57.jpg,39
3122,image_BS1_3122_17_06_57.jpg,39
3123,image_BS1_3123_17_06_58.jpg,39
3124,image_BS1_3124_17_06_58.jpg,39
3125,image_BS1_3125_17_06_58.jpg,39
3126,image_BS1_3126_17_06_58.jpg,39
3127,image_BS1_3127_17_06_58.jpg,39
3128,image_BS1_3128_17_06_58.jpg,39
3129,image_BS1_3129_17_06_58.jpg,39
3130,image_BS1_3130_17_06_58.jpg,39
3131,image_BS1_3131_17_06_59.jpg,39
3132,image_BS1_3132_17_06_59.jpg,39
3133,image_BS1_3133_17_06_59.jpg,39
3134,image_BS1_3134_17_06_59.jpg,39
3135,image_BS1_3135_17_06_59.jpg,39
3136,image_BS1_3136_17_06_59.jpg,39
3137,image_BS1_3137_17_06_59.jpg,39
3138,image_BS1_3138_17_07_00.jpg,39
3139,image_BS1_3139_17_07_00.jpg,39
3140,image_BS1_3140_17_07_00.jpg,39
3141,image_BS1_3141_17_07_00.jpg,39
3142,image_BS1_3142_17_07_00.jpg,39
3143,image_BS1_3143_17_07_00.jpg,39
3144,image_BS1_3144_17_07_00.jpg,39
3145,image_BS1_3145_17_07_00.jpg,39
3146,image_BS1_3146_17_07_01.jpg,39
3147,image_BS1_3147_17_07_01.jpg,37
3148,image_BS1_3148_17_07_01.jpg,37
3149,image_BS1_3149_17_07_01.jpg,37
3150,image_BS1_3150_17_07_02.jpg,37
3151,image_BS1_3151_17_07_02.jpg,37
3152,image_BS1_3152_17_07_02.jpg,34
3153,image_BS1_3153_17_07_02.jpg,34
3154,image_BS1_3154_17_07_02.jpg,34
3155,image_BS1_3155_17_07_02.jpg,34
3156,image_BS1_3156_17_07_02.jpg,33
3157,image_BS1_3157_17_07_03.jpg,33
3158,image_BS1_3158_17_07_03.jpg,32
3159,image_BS1_3159_17_07_03.jpg,31
3160,image_BS1_3160_17_07_03.jpg,29
3161,image_BS1_3161_17_07_03.jpg,29
3162,image_BS1_3162_17_07_03.jpg,29
3163,image_BS1_3163_17_07_03.jpg,29
3164,image_BS1_3164_17_07_03.jpg,28
3165,image_BS1_3165_17_07_04.jpg,27
3166,image_BS1_3166_17_07_04.jpg,27
3167,image_BS1_3167_17_07_04.jpg,26
3168,image_BS1_3168_17_07_04.jpg,26
3169,image_BS1_3169_17_07_04.jpg,26
3170,image_BS1_3170_17_07_05.jpg,23
3171,image_BS1_3171_17_07_05.jpg,23
3172,image_BS1_3172_17_07_05.jpg,22
3173,image_BS1_3173_17_07_05.jpg,23
3174,image_BS1_3174_17_07_05.jpg,22
3175,image_BS1_3175_17_07_05.jpg,22
3176,image_BS1_3176_17_07_05.jpg,22
3177,image_BS1_3177_17_07_06.jpg,22
3178,image_BS1_3178_17_07_06.jpg,22
3179,image_BS1_3179_17_07_06.jpg,22
3180,image_BS1_3180_17_07_06.jpg,22
3181,image_BS1_3181_17_07_06.jpg,22
3182,image_BS1_3182_17_07_06.jpg,22
3183,image_BS1_3183_17_07_06.jpg,22
3184,image_BS1_3184_17_07_07.jpg,23
3185,image_BS1_3185_17_07_07.jpg,23
3186,image_BS1_3186_17_07_07.jpg,23
3187,image_BS1_3187_17_07_07.jpg,23
3188,image_BS1_3188_17_07_07.jpg,23
3189,image_BS1_3189_17_07_08.jpg,26
3190,image_BS1_3190_17_07_09.jpg,28
3191,image_BS1_3191_17_07_09.jpg,29
3192,image_BS1_3192_17_07_09.jpg,29
3193,image_BS1_3193_17_07_09.jpg,29
3194,image_BS1_3194_17_07_09.jpg,29
3195,image_BS1_3195_17_07_10.jpg,29
3196,image_BS1_3196_17_07_10.jpg,31
3197,image_BS1_3197_17_07_10.jpg,32
3198,image_BS1_3198_17_07_10.jpg,32
3199,image_BS1_3199_17_07_10.jpg,32
3200,image_BS1_3200_17_07_10.jpg,34
3201,image_BS1_3201_17_07_10.jpg,33
3202,image_BS1_3202_17_07_10.jpg,34
3203,image_BS1_3203_17_07_11.jpg,34
3204,image_BS1_3204_17_07_11.jpg,34
3205,image_BS1_3205_17_07_11.jpg,34
3206,image_BS1_3206_17_07_11.jpg,34
3207,image_BS1_3207_17_07_11.jpg,34
3208,image_BS1_3208_17_07_11.jpg,34
3209,image_BS1_3209_17_07_11.jpg,34
3210,image_BS1_3210_17_07_12.jpg,34
3211,image_BS1_3211_17_07_12.jpg,34
3212,image_BS1_3212_17_07_12.jpg,34
3213,image_BS1_3213_17_07_12.jpg,34
3214,image_BS1_3214_17_07_12.jpg,34
3215,image_BS1_3215_17_07_12.jpg,34
3216,image_BS1_3216_17_07_12.jpg,34
3217,image_BS1_3217_17_07_12.jpg,34
3218,image_BS1_3218_17_07_13.jpg,34
3219,image_BS1_3219_17_07_13.jpg,34
3220,image_BS1_3220_17_07_13.jpg,34
3221,image_BS1_3221_17_07_13.jpg,34
3222,image_BS1_3222_17_07_13.jpg,34
3223,image_BS1_3223_17_07_13.jpg,34
3224,image_BS1_3224_17_07_13.jpg,34
3225,image_BS1_3225_17_07_14.jpg,34
3226,image_BS1_3226_17_07_14.jpg,34
3227,image_BS1_3227_17_07_14.jpg,34
3228,image_BS1_3228_17_07_14.jpg,34
3229,image_BS1_3229_17_07_14.jpg,34
3230,image_BS1_3230_17_07_14.jpg,34
3231,image_BS1_3231_17_07_14.jpg,34
3232,image_BS1_3232_17_07_14.jpg,34
3233,image_BS1_3233_17_07_15.jpg,34
3234,image_BS1_3234_17_07_15.jpg,34
3235,image_BS1_3235_17_07_15.jpg,34
3236,image_BS1_3236_17_07_15.jpg,34
3237,image_BS1_3237_17_07_15.jpg,37
3238,image_BS1_3238_17_07_15.jpg,37
3239,image_BS1_3239_17_07_15.jpg,37
3240,image_BS1_3240_17_07_15.jpg,37
3241,image_BS1_3241_17_07_16.jpg,37
3242,image_BS1_3242_17_07_16.jpg,37
3243,image_BS1_3243_17_07_16.jpg,37
3244,image_BS1_3244_17_07_16.jpg,38
3245,image_BS1_3245_17_07_16.jpg,38
3246,image_BS1_3246_17_07_16.jpg,39
3247,image_BS1_3247_17_07_16.jpg,39
3248,image_BS1_3248_17_07_17.jpg,39
3249,image_BS1_3249_17_07_17.jpg,39
3250,image_BS1_3250_17_07_17.jpg,39
3251,image_BS1_3251_17_07_17.jpg,39
3252,image_BS1_3252_17_07_17.jpg,39
3253,image_BS1_3253_17_07_17.jpg,39
3254,image_BS1_3254_17_07_17.jpg,39
3255,image_BS1_3255_17_07_17.jpg,39
3256,image_BS1_3256_17_07_18.jpg,39
3257,image_BS1_3257_17_07_18.jpg,39
3258,image_BS1_3258_17_07_18.jpg,39
3259,image_BS1_3259_17_07_18.jpg,39
3260,image_BS1_3260_17_07_18.jpg,39
3261,image_BS1_3261_17_07_18.jpg,39
3262,image_BS1_3262_17_07_19.jpg,39
3263,image_BS1_3263_17_07_19.jpg,39
3264,image_BS1_3264_17_07_19.jpg,39
3265,image_BS1_3265_17_07_19.jpg,39
3266,image_BS1_3266_17_07_19.jpg,39
3267,image_BS1_3267_17_07_19.jpg,39
3268,image_BS1_3268_17_07_19.jpg,39
3269,image_BS1_3269_17_07_19.jpg,39
3270,image_BS1_3270_17_07_20.jpg,39
3271,image_BS1_3271_17_07_20.jpg,39
3272,image_BS1_3272_17_07_20.jpg,39
3273,image_BS1_3273_17_07_20.jpg,39
3274,image_BS1_3274_17_07_20.jpg,39
3275,image_BS1_3275_17_07_20.jpg,39
3276,image_BS1_3276_17_07_20.jpg,39
3277,image_BS1_3277_17_07_20.jpg,39
3278,image_BS1_3278_17_07_21.jpg,39
3279,image_BS1_3279_17_07_21.jpg,38
3280,image_BS1_3280_17_07_21.jpg,38
3281,image_BS1_3281_17_07_21.jpg,37
3282,image_BS1_3282_17_07_22.jpg,37
3283,image_BS1_3283_17_07_22.jpg,37
3284,image_BS1_3284_17_07_22.jpg,34
3285,image_BS1_3285_17_07_22.jpg,34
3286,image_BS1_3286_17_07_22.jpg,34
3287,image_BS1_3287_17_07_22.jpg,34
3288,image_BS1_3288_17_07_22.jpg,33
3289,image_BS1_3289_17_07_22.jpg,33
3290,image_BS1_3290_17_07_23.jpg,32
3291,image_BS1_3291_17_07_23.jpg,32
3292,image_BS1_3292_17_07_23.jpg,29
3293,image_BS1_3293_17_07_23.jpg,29
3294,image_BS1_3294_17_07_23.jpg,29
3295,image_BS1_3295_17_07_23.jpg,29
3296,image_BS1_3296_17_07_23.jpg,29
3297,image_BS1_3297_17_07_24.jpg,29
3298,image_BS1_3298_17_07_24.jpg,27
3299,image_BS1_3299_17_07_24.jpg,27
3300,image_BS1_3300_17_07_24.jpg,26
3301,image_BS1_3301_17_07_24.jpg,23
3302,image_BS1_3302_17_07_25.jpg,22
3303,image_BS1_3303_17_07_25.jpg,22
3304,image_BS1_3304_17_07_26.jpg,22
3305,image_BS1_3305_17_07_26.jpg,21
3306,image_BS1_3306_17_07_26.jpg,21
3307,image_BS1_3307_17_07_26.jpg,21
3308,image_BS1_3308_17_07_26.jpg,21
3309,image_BS1_3309_17_07_26.jpg,21
3310,image_BS1_3310_17_07_26.jpg,21
3311,image_BS1_3311_17_07_27.jpg,21
3312,image_BS1_3312_17_07_27.jpg,21
3313,image_BS1_3313_17_07_27.jpg,21
3314,image_BS1_3314_17_07_27.jpg,21
3315,image_BS1_3315_17_07_27.jpg,21
3316,image_BS1_3316_17_07_27.jpg,21
3317,image_BS1_3317_17_07_27.jpg,22
3318,image_BS1_3318_17_07_27.jpg,22
3319,image_BS1_3319_17_07_28.jpg,22
3320,image_BS1_3320_17_07_28.jpg,22
3321,image_BS1_3321_17_07_28.jpg,22
3322,image_BS1_3322_17_07_28.jpg,22
3323,image_BS1_3323_17_07_28.jpg,22
3324,image_BS1_3324_17_07_28.jpg,23
3325,image_BS1_3325_17_07_28.jpg,23
3326,image_BS1_3326_17_07_29.jpg,23
3327,image_BS1_3327_17_07_29.jpg,23
3328,image_BS1_3328_17_07_29.jpg,23
3329,image_BS1_3329_17_07_29.jpg,23
3330,image_BS1_3330_17_07_29.jpg,26
3331,image_BS1_3331_17_07_29.jpg,26
3332,image_BS1_3332_17_07_29.jpg,26
3333,image_BS1_3333_17_07_29.jpg,26
3334,image_BS1_3334_17_07_30.jpg,27
3335,image_BS1_3335_17_07_30.jpg,27
3336,image_BS1_3336_17_07_30.jpg,27
3337,image_BS1_3337_17_07_30.jpg,29
3338,image_BS1_3338_17_07_30.jpg,29
3339,image_BS1_3339_17_07_30.jpg,29
3340,image_BS1_3340_17_07_30.jpg,29
3341,image_BS1_3341_17_07_30.jpg,29
3342,image_BS1_3342_17_07_31.jpg,29
3343,image_BS1_3343_17_07_31.jpg,30
3344,image_BS1_3344_17_07_31.jpg,32
3345,image_BS1_3345_17_07_31.jpg,32
3346,image_BS1_3346_17_07_31.jpg,32
3347,image_BS1_3347_17_07_31.jpg,33
3348,image_BS1_3348_17_07_31.jpg,33
3349,image_BS1_3349_17_07_32.jpg,34
3350,image_BS1_3350_17_07_32.jpg,34
3351,image_BS1_3351_17_07_32.jpg,34
3352,image_BS1_3352_17_07_32.jpg,34
3353,image_BS1_3353_17_07_32.jpg,34
3354,image_BS1_3354_17_07_32.jpg,34
3355,image_BS1_3355_17_07_32.jpg,37
3356,image_BS1_3356_17_07_32.jpg,37
3357,image_BS1_3357_17_07_33.jpg,37
3358,image_BS1_3358_17_07_33.jpg,37
3359,image_BS1_3359_17_07_33.jpg,37
3360,image_BS1_3360_17_07_33.jpg,37
3361,image_BS1_3361_17_07_33.jpg,38
3362,image_BS1_3362_17_07_33.jpg,38
3363,image_BS1_3363_17_07_33.jpg,38
3364,image_BS1_3364_17_07_33.jpg,39
3365,image_BS1_3365_17_07_34.jpg,38
3366,image_BS1_3366_17_07_34.jpg,38
3367,image_BS1_3367_17_07_34.jpg,39
3368,image_BS1_3368_17_07_34.jpg,39
3369,image_BS1_3369_17_07_34.jpg,39
3370,image_BS1_3370_17_07_34.jpg,39
3371,image_BS1_3371_17_07_34.jpg,39
3372,image_BS1_3372_17_07_34.jpg,39
3373,image_BS1_3373_17_07_35.jpg,39
3374,image_BS1_3374_17_07_35.jpg,39
3375,image_BS1_3375_17_07_35.jpg,39
3376,image_BS1_3376_17_07_35.jpg,39
3377,image_BS1_3377_17_07_36.jpg,39
3378,image_BS1_3378_17_07_36.jpg,39
3379,image_BS1_3379_17_07_36.jpg,39
3380,image_BS1_3380_17_07_36.jpg,39
3381,image_BS1_3381_17_07_36.jpg,39
3382,image_BS1_3382_17_07_36.jpg,39
3383,image_BS1_3383_17_07_36.jpg,39
3384,image_BS1_3384_17_07_36.jpg,39
3385,image_BS1_3385_17_07_37.jpg,39
3386,image_BS1_3386_17_07_37.jpg,39
3387,image_BS1_3387_17_07_37.jpg,39
3388,image_BS1_3388_17_07_37.jpg,39
3389,image_BS1_3389_17_07_37.jpg,39
3390,image_BS1_3390_17_07_37.jpg,39
3391,image_BS1_3391_17_07_37.jpg,39
3392,image_BS1_3392_17_07_38.jpg,39
3393,image_BS1_3393_17_07_38.jpg,39
3394,image_BS1_3394_17_07_38.jpg,39
3395,image_BS1_3395_17_07_38.jpg,39
3396,image_BS1_3396_17_07_38.jpg,39
3397,image_BS1_3397_17_07_38.jpg,39
3398,image_BS1_3398_17_07_38.jpg,39
3399,image_BS1_3399_17_07_38.jpg,39
3400,image_BS1_3400_17_07_39.jpg,39
3401,image_BS1_3401_17_07_39.jpg,39
3402,image_BS1_3402_17_07_39.jpg,38
3403,image_BS1_3403_17_07_39.jpg,38
3404,image_BS1_3404_17_07_39.jpg,37
3405,image_BS1_3405_17_07_39.jpg,37
3406,image_BS1_3406_17_07_39.jpg,37
3407,image_BS1_3407_17_07_39.jpg,37
3408,image_BS1_3408_17_07_40.jpg,34
3409,image_BS1_3409_17_07_41.jpg,32
3410,image_BS1_3410_17_07_41.jpg,31
3411,image_BS1_3411_17_07_41.jpg,31
3412,image_BS1_3412_17_07_41.jpg,29
3413,image_BS1_3413_17_07_41.jpg,29
3414,image_BS1_3414_17_07_41.jpg,29
3415,image_BS1_3415_17_07_42.jpg,29
3416,image_BS1_3416_17_07_42.jpg,29
3417,image_BS1_3417_17_07_42.jpg,29
3418,image_BS1_3418_17_07_42.jpg,29
3419,image_BS1_3419_17_07_42.jpg,29
3420,image_BS1_3420_17_07_42.jpg,29
3421,image_BS1_3421_17_07_42.jpg,29
3422,image_BS1_3422_17_07_43.jpg,29
3423,image_BS1_3423_17_07_43.jpg,29
3424,image_BS1_3424_17_07_43.jpg,29
3425,image_BS1_3425_17_07_43.jpg,29
3426,image_BS1_3426_17_07_43.jpg,29
3427,image_BS1_3427_17_07_43.jpg,29
3428,image_BS1_3428_17_07_43.jpg,29
3429,image_BS1_3429_17_07_43.jpg,29
3430,image_BS1_3430_17_07_44.jpg,29
3431,image_BS1_3431_17_07_44.jpg,29
3432,image_BS1_3432_17_07_44.jpg,29
3433,image_BS1_3433_17_07_44.jpg,29
3434,image_BS1_3434_17_07_44.jpg,29
3435,image_BS1_3435_17_07_44.jpg,29
3436,image_BS1_3436_17_07_45.jpg,29
3437,image_BS1_3437_17_07_45.jpg,29
3438,image_BS1_3438_17_07_45.jpg,29
3439,image_BS1_3439_17_07_45.jpg,29
3440,image_BS1_3440_17_07_45.jpg,29
3441,image_BS1_3441_17_07_45.jpg,29
3442,image_BS1_3442_17_07_45.jpg,29
3443,image_BS1_3443_17_07_45.jpg,29
3444,image_BS1_3444_17_07_46.jpg,29
3445,image_BS1_3445_17_07_46.jpg,29
3446,image_BS1_3446_17_07_46.jpg,29
3447,image_BS1_3447_17_07_46.jpg,29
3448,image_BS1_3448_17_07_46.jpg,30
3449,image_BS1_3449_17_07_46.jpg,31
3450,image_BS1_3450_17_07_46.jpg,31
3451,image_BS1_3451_17_07_46.jpg,31
3452,image_BS1_3452_17_07_47.jpg,31
3453,image_BS1_3453_17_07_47.jpg,32
3454,image_BS1_3454_17_07_47.jpg,32
3455,image_BS1_3455_17_07_47.jpg,32
3456,image_BS1_3456_17_07_47.jpg,32
3457,image_BS1_3457_17_07_47.jpg,32
3458,image_BS1_3458_17_07_47.jpg,32
3459,image_BS1_3459_17_07_48.jpg,32
3460,image_BS1_3460_17_07_48.jpg,32
3461,image_BS1_3461_17_07_48.jpg,32
3462,image_BS1_3462_17_07_48.jpg,32
3463,image_BS1_3463_17_07_48.jpg,32
3464,image_BS1_3464_17_07_48.jpg,32
3465,image_BS1_3465_17_07_48.jpg,32
3466,image_BS1_3466_17_07_49.jpg,32
3467,image_BS1_3467_17_07_49.jpg,32
3468,image_BS1_3468_17_07_49.jpg,32
3469,image_BS1_3469_17_07_49.jpg,32
3470,image_BS1_3470_17_07_49.jpg,32
3471,image_BS1_3471_17_07_49.jpg,32
3472,image_BS1_3472_17_07_50.jpg,34
3473,image_BS1_3473_17_07_50.jpg,33
3474,image_BS1_3474_17_07_50.jpg,34
3475,image_BS1_3475_17_07_51.jpg,34
3476,image_BS1_3476_17_07_51.jpg,34
3477,image_BS1_3477_17_07_51.jpg,34
3478,image_BS1_3478_17_07_51.jpg,34
3479,image_BS1_3479_17_07_51.jpg,34
3480,image_BS1_3480_17_07_51.jpg,34
3481,image_BS1_3481_17_07_51.jpg,37
3482,image_BS1_3482_17_07_52.jpg,37
3483,image_BS1_3483_17_07_52.jpg,37
3484,image_BS1_3484_17_07_52.jpg,37
3485,image_BS1_3485_17_07_52.jpg,37
3486,image_BS1_3486_17_07_52.jpg,37
3487,image_BS1_3487_17_07_52.jpg,38
3488,image_BS1_3488_17_07_52.jpg,37
3489,image_BS1_3489_17_07_52.jpg,37
3490,image_BS1_3490_17_07_53.jpg,38
3491,image_BS1_3491_17_07_53.jpg,38
3492,image_BS1_3492_17_07_53.jpg,38
3493,image_BS1_3493_17_08_05.jpg,29
3494,image_BS1_3494_17_08_05.jpg,29
3495,image_BS1_3495_17_08_05.jpg,29
3496,image_BS1_3496_17_08_06.jpg,29
3497,image_BS1_3497_17_08_06.jpg,29
3498,image_BS1_3498_17_08_06.jpg,29
3499,image_BS1_3499_17_08_06.jpg,30
3500,image_BS1_3500_17_08_06.jpg,32
3501,image_BS1_3501_17_08_06.jpg,31
3502,image_BS1_3502_17_08_07.jpg,31
3503,image_BS1_3503_17_08_07.jpg,32
3504,image_BS1_3504_17_08_07.jpg,32
3505,image_BS1_3505_17_08_07.jpg,32
3506,image_BS1_3506_17_08_07.jpg,32
3507,image_BS1_3507_17_08_07.jpg,32
3508,image_BS1_3508_17_08_07.jpg,32
3509,image_BS1_3509_17_08_08.jpg,32
3510,image_BS1_3510_17_08_08.jpg,32
3511,image_BS1_3511_17_08_08.jpg,32
3512,image_BS1_3512_17_08_08.jpg,31
3513,image_BS1_3513_17_08_08.jpg,31
3514,image_BS1_3514_17_08_08.jpg,31
3515,image_BS1_3515_17_08_08.jpg,29
3516,image_BS1_3516_17_08_08.jpg,29
3517,image_BS1_3517_17_08_09.jpg,29
3518,image_BS1_3518_17_08_09.jpg,29
3519,image_BS1_3519_17_08_09.jpg,29
3520,image_BS1_3520_17_08_10.jpg,29
3521,image_BS1_3521_17_08_10.jpg,28
3522,image_BS1_3522_17_08_10.jpg,28
3523,image_BS1_3523_17_08_10.jpg,27
3524,image_BS1_3524_17_08_10.jpg,27
3525,image_BS1_3525_17_08_10.jpg,27
3526,image_BS1_3526_17_08_10.jpg,26
3527,image_BS1_3527_17_08_10.jpg,27
3528,image_BS1_3528_17_08_11.jpg,27
3529,image_BS1_3529_17_08_22.jpg,34
3530,image_BS1_3530_17_08_22.jpg,34
3531,image_BS1_3531_17_08_22.jpg,34
3532,image_BS1_3532_17_08_22.jpg,34
3533,image_BS1_3533_17_08_22.jpg,34
3534,image_BS1_3534_17_08_22.jpg,34
3535,image_BS1_3535_17_08_22.jpg,34
3536,image_BS1_3536_17_08_23.jpg,34
3537,image_BS1_3537_17_08_23.jpg,34
3538,image_BS1_3538_17_08_23.jpg,34
3539,image_BS1_3539_17_08_23.jpg,34
3540,image_BS1_3540_17_08_23.jpg,33
3541,image_BS1_3541_17_08_23.jpg,33
3542,image_BS1_3542_17_08_23.jpg,32
3543,image_BS1_3543_17_08_24.jpg,33
3544,image_BS1_3544_17_08_24.jpg,33
3545,image_BS1_3545_17_08_24.jpg,33
3546,image_BS1_3546_17_08_24.jpg,30
3547,image_BS1_3547_17_08_24.jpg,29
3548,image_BS1_3548_17_08_24.jpg,29
3549,image_BS1_3549_17_08_24.jpg,29
3550,image_BS1_3550_17_08_25.jpg,29
3551,image_BS1_3551_17_08_25.jpg,28
3552,image_BS1_3552_17_08_25.jpg,29
3553,image_BS1_3553_17_08_25.jpg,29
3554,image_BS1_3554_17_08_25.jpg,28
3555,image_BS1_3555_17_08_25.jpg,28
3556,image_BS1_3556_17_08_26.jpg,29
3557,image_BS1_3557_17_08_26.jpg,27
3558,image_BS1_3558_17_08_26.jpg,29
3559,image_BS1_3559_17_08_27.jpg,28
3560,image_BS1_3560_17_08_27.jpg,27
3561,image_BS1_3561_17_08_27.jpg,28
3562,image_BS1_3562_17_08_27.jpg,27
3563,image_BS1_3563_17_08_27.jpg,28
3564,image_BS1_3564_17_08_27.jpg,29
3565,image_BS1_3565_17_08_27.jpg,29
3566,image_BS1_3566_17_08_27.jpg,29
3567,image_BS1_3567_17_08_28.jpg,28
3568,image_BS1_3568_17_08_28.jpg,28
3569,image_BS1_3569_17_08_28.jpg,28
3570,image_BS1_3570_17_08_28.jpg,29
3571,image_BS1_3571_17_08_28.jpg,28
3572,image_BS1_3572_17_08_28.jpg,29
3573,image_BS1_3573_17_08_28.jpg,29
3574,image_BS1_3574_17_08_29.jpg,28
3575,image_BS1_3575_17_08_29.jpg,28
3576,image_BS1_3576_17_08_29.jpg,28
3577,image_BS1_3577_17_08_29.jpg,28
3578,image_BS1_3578_17_08_29.jpg,28
3579,image_BS1_3579_17_08_29.jpg,28
3580,image_BS1_3580_17_08_31.jpg,28
3581,image_BS1_3581_17_08_31.jpg,28
3582,image_BS1_3582_17_08_31.jpg,29
3583,image_BS1_3583_17_08_32.jpg,28
3584,image_BS1_3584_17_08_32.jpg,28
3585,image_BS1_3585_17_08_32.jpg,29
3586,image_BS1_3586_17_08_32.jpg,29
3587,image_BS1_3587_17_08_32.jpg,28
3588,image_BS1_3588_17_08_32.jpg,28
3589,image_BS1_3589_17_08_32.jpg,29
3590,image_BS1_3590_17_08_32.jpg,28
3591,image_BS1_3591_17_08_33.jpg,28
3592,image_BS1_3592_17_08_33.jpg,28
3593,image_BS1_3593_17_08_33.jpg,29
3594,image_BS1_3594_17_08_33.jpg,28
3595,image_BS1_3595_17_08_33.jpg,28
3596,image_BS1_3596_17_08_33.jpg,29
3597,image_BS1_3597_17_08_33.jpg,28
3598,image_BS1_3598_17_08_34.jpg,29
3599,image_BS1_3599_17_08_34.jpg,28
3600,image_BS1_3600_17_08_34.jpg,27
3601,image_BS1_3601_17_08_34.jpg,29
3602,image_BS1_3602_17_08_34.jpg,29
3603,image_BS1_3603_17_08_34.jpg,29
3604,image_BS1_3604_17_08_34.jpg,29
3605,image_BS1_3605_17_08_34.jpg,28
3606,image_BS1_3606_17_08_35.jpg,28
3607,image_BS1_3607_17_08_35.jpg,28
3608,image_BS1_3608_17_08_35.jpg,28
3609,image_BS1_3609_17_08_35.jpg,29
3610,image_BS1_3610_17_08_35.jpg,29
3611,image_BS1_3611_17_08_35.jpg,29
3612,image_BS1_3612_17_08_35.jpg,27
3613,image_BS1_3613_17_08_35.jpg,27
3614,image_BS1_3614_17_08_36.jpg,27
3615,image_BS1_3615_17_08_36.jpg,28
3616,image_BS1_3616_17_08_36.jpg,28
3617,image_BS1_3617_17_08_36.jpg,29
3618,image_BS1_3618_17_08_36.jpg,28
3619,image_BS1_3619_17_08_36.jpg,28
3620,image_BS1_3620_17_08_36.jpg,28
3621,image_BS1_3621_17_08_37.jpg,28
3622,image_BS1_3622_17_08_37.jpg,28
3623,image_BS1_3623_17_08_37.jpg,28
3624,image_BS1_3624_17_08_37.jpg,28
3625,image_BS1_3625_17_08_37.jpg,29
3626,image_BS1_3626_17_08_37.jpg,28
3627,image_BS1_3627_17_08_37.jpg,29
3628,image_BS1_3628_17_08_37.jpg,29
3629,image_BS1_3629_17_08_38.jpg,28
3630,image_BS1_3630_17_08_38.jpg,28
3631,image_BS1_3631_17_08_38.jpg,28
3632,image_BS1_3632_17_08_38.jpg,28
3633,image_BS1_3633_17_08_38.jpg,27
3634,image_BS1_3634_17_08_38.jpg,28
3635,image_BS1_3635_17_08_38.jpg,29
3636,image_BS1_3636_17_08_39.jpg,28
3637,image_BS1_3637_17_08_39.jpg,29
3638,image_BS1_3638_17_08_39.jpg,28
3639,image_BS1_3639_17_08_39.jpg,28
3640,image_BS1_3640_17_08_39.jpg,28
3641,image_BS1_3641_17_08_39.jpg,28
3642,image_BS1_3642_17_08_39.jpg,28
3643,image_BS1_3643_17_08_39.jpg,29
3644,image_BS1_3644_17_08_40.jpg,28
3645,image_BS1_3645_17_08_40.jpg,29
3646,image_BS1_3646_17_08_40.jpg,29
3647,image_BS1_3647_17_08_40.jpg,28
3648,image_BS1_3648_17_08_41.jpg,28
3649,image_BS1_3649_17_08_41.jpg,29
3650,image_BS1_3650_17_08_41.jpg,28
3651,image_BS1_3651_17_08_41.jpg,29
3652,image_BS1_3652_17_08_41.jpg,29
3653,image_BS1_3653_17_08_41.jpg,29
3654,image_BS1_3654_17_08_41.jpg,29
3655,image_BS1_3655_17_08_42.jpg,29
3656,image_BS1_3656_17_08_42.jpg,29
3657,image_BS1_3657_17_08_42.jpg,29
3658,image_BS1_3658_17_08_42.jpg,28
3659,image_BS1_3659_17_08_42.jpg,28
3660,image_BS1_3660_17_08_42.jpg,29
3661,image_BS1_3661_17_08_42.jpg,29
3662,image_BS1_3662_17_08_42.jpg,29
3663,image_BS1_3663_17_08_43.jpg,28
3664,image_BS1_3664_17_08_43.jpg,29
3665,image_BS1_3665_17_08_44.jpg,29
3666,image_BS1_3666_17_08_45.jpg,29
3667,image_BS1_3667_17_08_45.jpg,29
3668,image_BS1_3668_17_08_45.jpg,29
3669,image_BS1_3669_17_08_45.jpg,29
3670,image_BS1_3670_17_08_45.jpg,29
3671,image_BS1_3671_17_08_46.jpg,29
3672,image_BS1_3672_17_08_46.jpg,29
3673,image_BS1_3673_17_08_46.jpg,29
3674,image_BS1_3674_17_08_46.jpg,29
3675,image_BS1_3675_17_08_46.jpg,29
3676,image_BS1_3676_17_08_46.jpg,29
3677,image_BS1_3677_17_08_46.jpg,29
3678,image_BS1_3678_17_08_47.jpg,29
3679,image_BS1_3679_17_08_47.jpg,29
3680,image_BS1_3680_17_08_47.jpg,29
3681,image_BS1_3681_17_08_47.jpg,29
3682,image_BS1_3682_17_08_47.jpg,29
3683,image_BS1_3683_17_08_47.jpg,28
3684,image_BS1_3684_17_08_47.jpg,29
3685,image_BS1_3685_17_08_48.jpg,29
3686,image_BS1_3686_17_08_48.jpg,29
3687,image_BS1_3687_17_08_48.jpg,29
3688,image_BS1_3688_17_08_48.jpg,29
3689,image_BS1_3689_17_08_48.jpg,29
3690,image_BS1_3690_17_08_48.jpg,29
3691,image_BS1_3691_17_08_48.jpg,29
3692,image_BS1_3692_17_08_48.jpg,29
3693,image_BS1_3693_17_08_49.jpg,29
3694,image_BS1_3694_17_08_49.jpg,29
3695,image_BS1_3695_17_08_49.jpg,29
3696,image_BS1_3696_17_08_49.jpg,29
3697,image_BS1_3697_17_08_49.jpg,28
3698,image_BS1_3698_17_08_49.jpg,29
3699,image_BS1_3699_17_08_49.jpg,29
3700,image_BS1_3700_17_08_49.jpg,29
3701,image_BS1_3701_17_08_50.jpg,39
3702,image_BS1_3702_17_08_50.jpg,28
3703,image_BS1_3703_17_08_50.jpg,29
3704,image_BS1_3704_17_08_50.jpg,29
3705,image_BS1_3705_17_08_50.jpg,29
3706,image_BS1_3706_17_08_50.jpg,29
3707,image_BS1_3707_17_08_51.jpg,29
3708,image_BS1_3708_17_08_51.jpg,29
3709,image_BS1_3709_17_08_51.jpg,32
3710,image_BS1_3710_17_08_51.jpg,33
3711,image_BS1_3711_17_08_51.jpg,33
3712,image_BS1_3712_17_08_51.jpg,33
3713,image_BS1_3713_17_08_51.jpg,34
3714,image_BS1_3714_17_08_51.jpg,34
3715,image_BS1_3715_17_08_52.jpg,34
3716,image_BS1_3716_17_08_52.jpg,33
3717,image_BS1_3717_17_08_52.jpg,33
3718,image_BS1_3718_17_08_52.jpg,34
3719,image_BS1_3719_17_08_52.jpg,34
3720,image_BS1_3720_17_08_52.jpg,33
3721,image_BS1_3721_17_08_52.jpg,33
3722,image_BS1_3722_17_08_53.jpg,34
3723,image_BS1_3723_17_08_53.jpg,33
3724,image_BS1_3724_17_08_53.jpg,34
3725,image_BS1_3725_17_08_53.jpg,33
3726,image_BS1_3726_17_08_53.jpg,32
3727,image_BS1_3727_17_08_53.jpg,33
3728,image_BS1_3728_17_08_53.jpg,33
3729,image_BS1_3729_17_08_53.jpg,33
3730,image_BS1_3730_17_08_54.jpg,33
3731,image_BS1_3731_17_08_54.jpg,33
3732,image_BS1_3732_17_08_54.jpg,31
3733,image_BS1_3733_17_08_54.jpg,32
3734,image_BS1_3734_17_08_54.jpg,33
3735,image_BS1_3735_17_08_54.jpg,31
3736,image_BS1_3736_17_08_54.jpg,31
3737,image_BS1_3737_17_08_55.jpg,31
3738,image_BS1_3738_17_08_55.jpg,30
3739,image_BS1_3739_17_08_55.jpg,31
3740,image_BS1_3740_17_08_55.jpg,32
3741,image_BS1_3741_17_08_55.jpg,33
3742,image_BS1_3742_17_08_55.jpg,31
3743,image_BS1_3743_17_08_55.jpg,31
3744,image_BS1_3744_17_08_55.jpg,30
3745,image_BS1_3745_17_08_56.jpg,29
3746,image_BS1_3746_17_08_56.jpg,29
3747,image_BS1_3747_17_08_56.jpg,29
3748,image_BS1_3748_17_08_56.jpg,29
3749,image_BS1_3749_17_08_56.jpg,29
3750,image_BS1_3750_17_08_56.jpg,29
3751,image_BS1_3751_17_08_56.jpg,29
3752,image_BS1_3752_17_08_56.jpg,29
3753,image_BS1_3753_17_08_57.jpg,29
3754,image_BS1_3754_17_08_57.jpg,28
3755,image_BS1_3755_17_08_57.jpg,28
3756,image_BS1_3756_17_08_57.jpg,29
3757,image_BS1_3757_17_08_57.jpg,27
3758,image_BS1_3758_17_08_57.jpg,27
3759,image_BS1_3759_17_08_57.jpg,26
3760,image_BS1_3760_17_08_58.jpg,27
3761,image_BS1_3761_17_08_58.jpg,26
3762,image_BS1_3762_17_08_59.jpg,23
3763,image_BS1_3763_17_08_59.jpg,23
3764,image_BS1_3764_17_08_59.jpg,23
3765,image_BS1_3765_17_08_59.jpg,23
3766,image_BS1_3766_17_08_59.jpg,23
3767,image_BS1_3767_17_08_59.jpg,23
3768,image_BS1_3768_17_09_00.jpg,23
3769,image_BS1_3769_17_09_00.jpg,23
3770,image_BS1_3770_17_09_00.jpg,23
3771,image_BS1_3771_17_09_00.jpg,23
3772,image_BS1_3772_17_09_00.jpg,22
3773,image_BS1_3773_17_09_00.jpg,22
3774,image_BS1_3774_17_09_00.jpg,23
3775,image_BS1_3775_17_09_00.jpg,23
3776,image_BS1_3776_17_09_01.jpg,23
3777,image_BS1_3777_17_09_01.jpg,23
3778,image_BS1_3778_17_09_01.jpg,23
3779,image_BS1_3779_17_09_01.jpg,22
3780,image_BS1_3780_17_09_01.jpg,23
3781,image_BS1_3781_17_09_01.jpg,23
3782,image_BS1_3782_17_09_02.jpg,23
3783,image_BS1_3783_17_09_02.jpg,26
3784,image_BS1_3784_17_09_03.jpg,23
3785,image_BS1_3785_17_09_03.jpg,22
3786,image_BS1_3786_17_09_03.jpg,22
3787,image_BS1_3787_17_09_03.jpg,23
3788,image_BS1_3788_17_09_03.jpg,23
3789,image_BS1_3789_17_09_03.jpg,23
3790,image_BS1_3790_17_09_03.jpg,23
3791,image_BS1_3791_17_09_03.jpg,23
3792,image_BS1_3792_17_09_04.jpg,23
3793,image_BS1_3793_17_09_04.jpg,23
3794,image_BS1_3794_17_09_04.jpg,26
3795,image_BS1_3795_17_09_04.jpg,26
3796,image_BS1_3796_17_09_04.jpg,26
3797,image_BS1_3797_17_09_04.jpg,23
3798,image_BS1_3798_17_09_04.jpg,26
3799,image_BS1_3799_17_09_05.jpg,26
3800,image_BS1_3800_17_09_05.jpg,26
3801,image_BS1_3801_17_09_05.jpg,27
3802,image_BS1_3802_17_09_05.jpg,39
3803,image_BS1_3803_17_09_05.jpg,39
3804,image_BS1_3804_17_09_05.jpg,27
3805,image_BS1_3805_17_09_05.jpg,28
3806,image_BS1_3806_17_09_06.jpg,29
3807,image_BS1_3807_17_09_06.jpg,28
3808,image_BS1_3808_17_09_06.jpg,29
3809,image_BS1_3809_17_09_06.jpg,29
3810,image_BS1_3810_17_09_06.jpg,28
3811,image_BS1_3811_17_09_07.jpg,29
3812,image_BS1_3812_17_09_07.jpg,33
3813,image_BS1_3813_17_09_07.jpg,29
3814,image_BS1_3814_17_09_07.jpg,34
3815,image_BS1_3815_17_09_07.jpg,33
3816,image_BS1_3816_17_09_08.jpg,39
3817,image_BS1_3817_17_09_08.jpg,33
3818,image_BS1_3818_17_09_08.jpg,33
3819,image_BS1_3819_17_09_08.jpg,34
3820,image_BS1_3820_17_09_08.jpg,33
3821,image_BS1_3821_17_09_08.jpg,34
3822,image_BS1_3822_17_09_08.jpg,34
3823,image_BS1_3823_17_09_09.jpg,33
3824,image_BS1_3824_17_09_09.jpg,33
3825,image_BS1_3825_17_09_10.jpg,33
3826,image_BS1_3826_17_09_10.jpg,33
3827,image_BS1_3827_17_09_11.jpg,33
3828,image_BS1_3828_17_09_11.jpg,33
3829,image_BS1_3829_17_09_11.jpg,33
3830,image_BS1_3830_17_09_11.jpg,33
3831,image_BS1_3831_17_09_11.jpg,33
3832,image_BS1_3832_17_09_11.jpg,34
3833,image_BS1_3833_17_09_11.jpg,34
3834,image_BS1_3834_17_09_12.jpg,33
3835,image_BS1_3835_17_09_12.jpg,33
3836,image_BS1_3836_17_09_12.jpg,34
3837,image_BS1_3837_17_09_12.jpg,33
3838,image_BS1_3838_17_09_12.jpg,34
3839,image_BS1_3839_17_09_12.jpg,33
3840,image_BS1_3840_17_09_12.jpg,34
3841,image_BS1_3841_17_09_12.jpg,34
3842,image_BS1_3842_17_09_13.jpg,33
3843,image_BS1_3843_17_09_13.jpg,33
3844,image_BS1_3844_17_09_13.jpg,33
3845,image_BS1_3845_17_09_13.jpg,33
3846,image_BS1_3846_17_09_13.jpg,34
3847,image_BS1_3847_17_09_13.jpg,33
3848,image_BS1_3848_17_09_13.jpg,33
3849,image_BS1_3849_17_09_14.jpg,34
3850,image_BS1_3850_17_09_14.jpg,33
3851,image_BS1_3851_17_09_14.jpg,34
3852,image_BS1_3852_17_09_14.jpg,33
3853,image_BS1_3853_17_09_14.jpg,34
3854,image_BS1_3854_17_09_14.jpg,34
3855,image_BS1_3855_17_09_14.jpg,33
3856,image_BS1_3856_17_09_15.jpg,34
3857,image_BS1_3857_17_09_15.jpg,33
3858,image_BS1_3858_17_09_15.jpg,33
3859,image_BS1_3859_17_09_15.jpg,34
3860,image_BS1_3860_17_09_15.jpg,33
3861,image_BS1_3861_17_09_15.jpg,33
3862,image_BS1_3862_17_09_15.jpg,33
3863,image_BS1_3863_17_09_15.jpg,33
3864,image_BS1_3864_17_09_16.jpg,33
3865,image_BS1_3865_17_09_16.jpg,33
3866,image_BS1_3866_17_09_16.jpg,33
3867,image_BS1_3867_17_09_16.jpg,33
3868,image_BS1_3868_17_09_16.jpg,33
3869,image_BS1_3869_17_09_16.jpg,33
3870,image_BS1_3870_17_09_16.jpg,33
3871,image_BS1_3871_17_09_16.jpg,33
3872,image_BS1_3872_17_09_17.jpg,33
3873,image_BS1_3873_17_09_17.jpg,33
3874,image_BS1_3874_17_09_17.jpg,33
3875,image_BS1_3875_17_09_17.jpg,33
3876,image_BS1_3876_17_09_17.jpg,33
3877,image_BS1_3877_17_09_17.jpg,34
3878,image_BS1_3878_17_09_17.jpg,34
3879,image_BS1_3879_17_09_18.jpg,32
3880,image_BS1_3880_17_09_18.jpg,34
3881,image_BS1_3881_17_09_18.jpg,33
3882,image_BS1_3882_17_09_18.jpg,33
3883,image_BS1_3883_17_09_18.jpg,33
3884,image_BS1_3884_17_09_18.jpg,33
3885,image_BS1_3885_17_09_18.jpg,32
3886,image_BS1_3886_17_09_19.jpg,33
3887,image_BS1_3887_17_09_19.jpg,33
3888,image_BS1_3888_17_09_19.jpg,33
3889,image_BS1_3889_17_09_19.jpg,33
3890,image_BS1_3890_17_09_19.jpg,33
3891,image_BS1_3891_17_09_19.jpg,32
3892,image_BS1_3892_17_09_19.jpg,33
3893,image_BS1_3893_17_09_19.jpg,33
3894,image_BS1_3894_17_09_20.jpg,34
3895,image_BS1_3895_17_09_20.jpg,33
3896,image_BS1_3896_17_09_20.jpg,33
3897,image_BS1_3897_17_09_20.jpg,33
3898,image_BS1_3898_17_09_20.jpg,34
3899,image_BS1_3899_17_09_20.jpg,33
3900,image_BS1_3900_17_09_20.jpg,33
3901,image_BS1_3901_17_09_20.jpg,33
3902,image_BS1_3902_17_09_21.jpg,34
3903,image_BS1_3903_17_09_21.jpg,33
3904,image_BS1_3904_17_09_21.jpg,34
3905,image_BS1_3905_17_09_21.jpg,34
3906,image_BS1_3906_17_09_21.jpg,33
3907,image_BS1_3907_17_09_21.jpg,34
3908,image_BS1_3908_17_09_21.jpg,34
3909,image_BS1_3909_17_09_22.jpg,33
3910,image_BS1_3910_17_09_22.jpg,34
3911,image_BS1_3911_17_09_22.jpg,34
3912,image_BS1_3912_17_09_22.jpg,34
3913,image_BS1_3913_17_09_22.jpg,34
3914,image_BS1_3914_17_09_22.jpg,34
3915,image_BS1_3915_17_09_22.jpg,34
3916,image_BS1_3916_17_09_22.jpg,36
3917,image_BS1_3917_17_09_23.jpg,37
3918,image_BS1_3918_17_09_23.jpg,39
3919,image_BS1_3919_17_09_23.jpg,39
3920,image_BS1_3920_17_09_23.jpg,39
3921,image_BS1_3921_17_09_23.jpg,39
3922,image_BS1_3922_17_09_23.jpg,39
3923,image_BS1_3923_17_09_23.jpg,39
3924,image_BS1_3924_17_09_23.jpg,39
3925,image_BS1_3925_17_09_24.jpg,39
3926,image_BS1_3926_17_09_24.jpg,39
3927,image_BS1_3927_17_09_24.jpg,39
3928,image_BS1_4545_17_12_23.jpg,29
3929,image_BS1_4546_17_12_23.jpg,29
3930,image_BS1_4547_17_12_23.jpg,31
3931,image_BS1_4548_17_12_23.jpg,29
3932,image_BS1_4549_17_12_23.jpg,29
3933,image_BS1_4550_17_12_23.jpg,30
3934,image_BS1_4551_17_12_23.jpg,30
3935,image_BS1_4552_17_12_24.jpg,29
3936,image_BS1_4553_17_12_24.jpg,31
3937,image_BS1_4554_17_12_24.jpg,31
3938,image_BS1_4555_17_12_24.jpg,31
3939,image_BS1_4556_17_12_24.jpg,32
3940,image_BS1_4557_17_12_24.jpg,31
3941,image_BS1_4558_17_12_24.jpg,32
3942,image_BS1_4559_17_12_25.jpg,32
3943,image_BS1_4560_17_12_25.jpg,32
3944,image_BS1_4561_17_12_25.jpg,32
3945,image_BS1_4562_17_12_25.jpg,32
3946,image_BS1_4563_17_12_25.jpg,32
3947,image_BS1_4564_17_12_25.jpg,32
3948,image_BS1_4565_17_12_25.jpg,32
3949,image_BS1_4566_17_12_25.jpg,32
3950,image_BS1_4567_17_12_26.jpg,33
3951,image_BS1_4568_17_12_26.jpg,32
3952,image_BS1_4569_17_12_26.jpg,32
3953,image_BS1_4570_17_12_26.jpg,32
3954,image_BS1_4571_17_12_26.jpg,32
3955,image_BS1_4572_17_12_26.jpg,32
3956,image_BS1_4573_17_12_26.jpg,32
3957,image_BS1_4574_17_12_27.jpg,31
3958,image_BS1_4575_17_12_27.jpg,29
3959,image_BS1_4576_17_12_27.jpg,29
3960,image_BS1_4577_17_12_27.jpg,29
3961,image_BS1_4578_17_12_27.jpg,29
3962,image_BS1_4579_17_12_28.jpg,29
3963,image_BS1_4580_17_12_28.jpg,29
3964,image_BS1_4581_17_12_28.jpg,29
3965,image_BS1_4582_17_12_28.jpg,29
3966,image_BS1_4583_17_12_28.jpg,28
3967,image_BS1_4584_17_12_28.jpg,27
3968,image_BS1_4585_17_12_28.jpg,27
3969,image_BS1_4586_17_12_28.jpg,27
3970,image_BS1_4587_17_12_29.jpg,26
3971,image_BS1_4588_17_12_29.jpg,26
3972,image_BS1_4589_17_12_29.jpg,23
3973,image_BS1_4590_17_12_29.jpg,23
3974,image_BS1_4591_17_12_29.jpg,23
3975,image_BS1_4592_17_12_30.jpg,23
3976,image_BS1_4593_17_12_30.jpg,23
3977,image_BS1_4594_17_12_30.jpg,23
3978,image_BS1_4595_17_12_30.jpg,23
3979,image_BS1_4596_17_12_30.jpg,26
3980,image_BS1_4597_17_12_30.jpg,26
3981,image_BS1_4598_17_12_31.jpg,26
3982,image_BS1_4599_17_12_31.jpg,23
3983,image_BS1_4600_17_12_31.jpg,26
3984,image_BS1_4601_17_12_31.jpg,26
3985,image_BS1_4602_17_12_31.jpg,26
3986,image_BS1_4603_17_12_31.jpg,27
3987,image_BS1_4604_17_12_31.jpg,26
3988,image_BS1_4605_17_12_32.jpg,29
3989,image_BS1_4606_17_12_33.jpg,34
3990,image_BS1_4607_17_12_34.jpg,34
3991,image_BS1_4608_17_12_34.jpg,34
3992,image_BS1_4609_17_12_34.jpg,34
3993,image_BS1_4610_17_12_34.jpg,34
3994,image_BS1_4611_17_12_34.jpg,35
3995,image_BS1_4612_17_12_34.jpg,36
3996,image_BS1_4613_17_12_34.jpg,36
3997,image_BS1_4614_17_12_35.jpg,34
3998,image_BS1_4615_17_12_35.jpg,34
3999,image_BS1_4616_17_12_35.jpg,34
4000,image_BS1_4617_17_12_35.jpg,34
4001,image_BS1_4618_17_12_35.jpg,34
4002,image_BS1_4619_17_12_35.jpg,34
4003,image_BS1_4620_17_12_35.jpg,34
4004,image_BS1_4621_17_12_36.jpg,34
4005,image_BS1_4622_17_12_36.jpg,34
4006,image_BS1_4623_17_12_36.jpg,33
4007,image_BS1_4624_17_12_36.jpg,33
4008,image_BS1_4625_17_12_36.jpg,32
4009,image_BS1_4626_17_12_36.jpg,31
4010,image_BS1_4627_17_12_36.jpg,29
4011,image_BS1_4628_17_12_37.jpg,29
4012,image_BS1_4629_17_12_37.jpg,29
4013,image_BS1_4630_17_12_37.jpg,29
4014,image_BS1_4631_17_12_37.jpg,29
4015,image_BS1_4632_17_12_37.jpg,29
4016,image_BS1_4633_17_12_37.jpg,27
4017,image_BS1_4634_17_12_37.jpg,27
4018,image_BS1_4635_17_12_37.jpg,26
4019,image_BS1_4636_17_12_38.jpg,27
4020,image_BS1_4637_17_12_38.jpg,26
4021,image_BS1_4638_17_12_38.jpg,23
4022,image_BS1_4639_17_12_38.jpg,23
4023,image_BS1_4640_17_12_38.jpg,23
4024,image_BS1_4641_17_12_39.jpg,23
4025,image_BS1_4642_17_12_39.jpg,23
4026,image_BS1_4643_17_12_39.jpg,23
4027,image_BS1_4644_17_12_39.jpg,23
4028,image_BS1_4645_17_12_39.jpg,23
4029,image_BS1_4646_17_12_39.jpg,23
4030,image_BS1_4647_17_12_39.jpg,23
4031,image_BS1_4648_17_12_39.jpg,23
4032,image_BS1_4649_17_12_40.jpg,23
4033,image_BS1_4650_17_12_40.jpg,23
4034,image_BS1_4651_17_12_40.jpg,23
4035,image_BS1_4652_17_12_40.jpg,26
4036,image_BS1_4653_17_12_40.jpg,26
4037,image_BS1_4654_17_12_40.jpg,26
4038,image_BS1_4655_17_12_40.jpg,26
4039,image_BS1_4656_17_12_41.jpg,27
4040,image_BS1_4657_17_12_41.jpg,27
4041,image_BS1_4658_17_12_41.jpg,27
4042,image_BS1_4659_17_12_41.jpg,28
4043,image_BS1_4660_17_12_41.jpg,29
4044,image_BS1_4661_17_12_41.jpg,29
4045,image_BS1_4662_17_12_41.jpg,29
4046,image_BS1_4663_17_12_41.jpg,30
4047,image_BS1_4664_17_12_42.jpg,32
4048,image_BS1_4665_17_12_42.jpg,33
4049,image_BS1_4666_17_12_42.jpg,34
4050,image_BS1_4667_17_12_42.jpg,34
4051,image_BS1_4668_17_12_43.jpg,37
4052,image_BS1_4669_17_12_43.jpg,37
4053,image_BS1_4670_17_12_43.jpg,38
4054,image_BS1_4671_17_12_43.jpg,37
4055,image_BS1_4672_17_12_43.jpg,37
4056,image_BS1_4673_17_12_43.jpg,38
4057,image_BS1_4674_17_12_44.jpg,38
4058,image_BS1_4675_17_12_44.jpg,38
4059,image_BS1_4676_17_12_44.jpg,38
4060,image_BS1_4677_17_12_44.jpg,38
4061,image_BS1_4678_17_12_44.jpg,38
4062,image_BS1_4679_17_12_44.jpg,38
4063,image_BS1_4680_17_12_44.jpg,38
4064,image_BS1_4681_17_12_44.jpg,39
4065,image_BS1_4682_17_12_45.jpg,39
4066,image_BS1_4683_17_12_46.jpg,39
4067,image_BS1_4684_17_12_46.jpg,39
4068,image_BS1_4685_17_12_46.jpg,38
4069,image_BS1_4686_17_12_47.jpg,39
4070,image_BS1_4687_17_12_48.jpg,44
4071,image_BS1_4688_17_12_48.jpg,39
4072,image_BS1_4689_17_12_51.jpg,21
4073,image_BS1_4690_17_12_51.jpg,20
4074,image_BS1_4691_17_12_51.jpg,20
4075,image_BS1_4692_17_12_51.jpg,21
4076,image_BS1_4693_17_12_52.jpg,20
4077,image_BS1_4694_17_12_52.jpg,20
4078,image_BS1_4695_17_12_52.jpg,20
4079,image_BS1_4696_17_12_52.jpg,21
4080,image_BS1_4697_17_12_52.jpg,21
4081,image_BS1_4698_17_12_52.jpg,21
4082,image_BS1_4699_17_12_52.jpg,21
4083,image_BS1_4700_17_12_52.jpg,21
4084,image_BS1_4701_17_12_53.jpg,22
4085,image_BS1_4702_17_12_53.jpg,22
4086,image_BS1_4703_17_12_53.jpg,22
4087,image_BS1_4704_17_12_53.jpg,22
4088,image_BS1_4705_17_12_53.jpg,23
4089,image_BS1_4706_17_12_53.jpg,23
4090,image_BS1_4707_17_12_53.jpg,26
4091,image_BS1_4708_17_12_54.jpg,26
4092,image_BS1_4709_17_12_54.jpg,27
4093,image_BS1_4710_17_12_54.jpg,27
4094,image_BS1_4711_17_12_54.jpg,29
4095,image_BS1_4712_17_12_54.jpg,29
4096,image_BS1_4713_17_12_54.jpg,29
4097,image_BS1_4714_17_12_54.jpg,31
4098,image_BS1_4715_17_12_54.jpg,32
4099,image_BS1_4716_17_12_55.jpg,33
4100,image_BS1_4717_17_12_55.jpg,34
4101,image_BS1_4718_17_12_55.jpg,34
4102,image_BS1_4719_17_12_55.jpg,34
4103,image_BS1_4720_17_12_55.jpg,36
4104,image_BS1_4721_17_12_55.jpg,37
4105,image_BS1_4722_17_12_55.jpg,37
4106,image_BS1_4723_17_12_56.jpg,37
4107,image_BS1_4724_17_12_56.jpg,39
4108,image_BS1_4725_17_12_56.jpg,38
4109,image_BS1_4726_17_12_56.jpg,39
4110,image_BS1_4727_17_12_56.jpg,39
4111,image_BS1_4728_17_12_56.jpg,39
4112,image_BS1_4729_17_12_56.jpg,39
4113,image_BS1_4730_17_12_56.jpg,39
4114,image_BS1_4731_17_12_57.jpg,39
4115,image_BS1_4732_17_12_57.jpg,39
4116,image_BS1_4733_17_12_57.jpg,39
4117,image_BS1_4734_17_12_57.jpg,38
4118,image_BS1_4735_17_12_57.jpg,38
4119,image_BS1_4736_17_12_57.jpg,37
4120,image_BS1_4737_17_12_57.jpg,37
4121,image_BS1_4738_17_12_57.jpg,37
4122,image_BS1_4739_17_12_58.jpg,37
4123,image_BS1_4740_17_12_58.jpg,37
4124,image_BS1_4741_17_12_58.jpg,37
4125,image_BS1_4742_17_12_58.jpg,34
4126,image_BS1_4743_17_12_58.jpg,34
4127,image_BS1_4744_17_12_58.jpg,34
4128,image_BS1_4745_17_12_58.jpg,37
4129,image_BS1_4746_17_12_59.jpg,34
4130,image_BS1_4747_17_12_59.jpg,34
4131,image_BS1_4748_17_12_59.jpg,34
4132,image_BS1_4749_17_12_59.jpg,34
4133,image_BS1_4750_17_12_59.jpg,34
4134,image_BS1_4751_17_13_00.jpg,34
4135,image_BS1_4752_17_13_00.jpg,37
4136,image_BS1_4753_17_13_00.jpg,34
4137,image_BS1_4754_17_13_01.jpg,33
4138,image_BS1_4755_17_13_01.jpg,34
4139,image_BS1_4756_17_13_02.jpg,34
4140,image_BS1_4757_17_13_02.jpg,34
4141,image_BS1_4758_17_13_04.jpg,27
4142,image_BS1_4759_17_13_04.jpg,23
4143,image_BS1_4760_17_13_05.jpg,23
4144,image_BS1_4761_17_13_05.jpg,22
4145,image_BS1_4762_17_13_05.jpg,22
4146,image_BS1_4763_17_13_05.jpg,22
4147,image_BS1_4764_17_13_05.jpg,22
4148,image_BS1_4765_17_13_06.jpg,22
4149,image_BS1_4766_17_13_06.jpg,22
4150,image_BS1_4767_17_13_06.jpg,22
4151,image_BS1_4768_17_13_06.jpg,22
4152,image_BS1_4769_17_13_06.jpg,22
4153,image_BS1_4770_17_13_06.jpg,22
4154,image_BS1_4771_17_13_07.jpg,22
4155,image_BS1_4772_17_13_07.jpg,22
4156,image_BS1_4773_17_13_07.jpg,22
4157,image_BS1_4774_17_13_07.jpg,23
4158,image_BS1_4775_17_13_07.jpg,23
4159,image_BS1_4776_17_13_07.jpg,26
4160,image_BS1_4777_17_13_07.jpg,26
4161,image_BS1_4778_17_13_07.jpg,26
4162,image_BS1_4779_17_13_08.jpg,27
4163,image_BS1_4780_17_13_08.jpg,27
4164,image_BS1_4781_17_13_08.jpg,29
4165,image_BS1_4782_17_13_08.jpg,29
4166,image_BS1_4783_17_13_08.jpg,29
4167,image_BS1_4784_17_13_08.jpg,32
4168,image_BS1_4785_17_13_08.jpg,34
4169,image_BS1_4786_17_13_09.jpg,34
4170,image_BS1_4787_17_13_09.jpg,37
4171,image_BS1_4788_17_13_09.jpg,38
4172,image_BS1_4789_17_13_09.jpg,39
4173,image_BS1_4790_17_13_09.jpg,39
4174,image_BS1_4791_17_13_09.jpg,42
4175,image_BS1_4792_17_13_09.jpg,42
4176,image_BS1_4793_17_13_10.jpg,43
4177,image_BS1_4794_17_13_10.jpg,45
4178,image_BS1_4795_17_13_10.jpg,45
4179,image_BS1_4796_17_13_10.jpg,46
4180,image_BS1_4797_17_13_10.jpg,47
4181,image_BS1_4798_17_13_10.jpg,48
4182,image_BS1_4799_17_13_10.jpg,48
4183,image_BS1_4800_17_13_11.jpg,49
4184,image_BS1_4801_17_13_11.jpg,49
4185,image_BS1_4802_17_13_11.jpg,49
4186,image_BS1_4803_17_13_11.jpg,49
4187,image_BS1_4804_17_13_11.jpg,49
4188,image_BS1_4805_17_13_11.jpg,49
4189,image_BS1_4806_17_13_11.jpg,49
4190,image_BS1_4807_17_13_11.jpg,49
4191,image_BS1_4808_17_13_12.jpg,49
4192,image_BS1_4809_17_13_12.jpg,49
4193,image_BS1_4810_17_13_12.jpg,49
4194,image_BS1_4811_17_13_12.jpg,49
4195,image_BS1_4812_17_13_12.jpg,49
4196,image_BS1_4813_17_13_12.jpg,49
4197,image_BS1_4814_17_13_12.jpg,49
4198,image_BS1_4815_17_13_12.jpg,49
4199,image_BS1_4816_17_13_13.jpg,48
4200,image_BS1_4817_17_13_13.jpg,48
4201,image_BS1_4818_17_13_13.jpg,47
4202,image_BS1_4819_17_13_13.jpg,47
4203,image_BS1_4820_17_13_13.jpg,46
4204,image_BS1_4821_17_13_13.jpg,46
4205,image_BS1_4822_17_13_13.jpg,45
4206,image_BS1_4823_17_13_13.jpg,44
4207,image_BS1_4824_17_13_14.jpg,43
4208,image_BS1_4825_17_13_14.jpg,42
4209,image_BS1_4826_17_13_14.jpg,42
4210,image_BS1_4827_17_13_14.jpg,39
4211,image_BS1_4828_17_13_14.jpg,39
4212,image_BS1_4829_17_13_14.jpg,39
4213,image_BS1_4830_17_13_15.jpg,39
4214,image_BS1_4831_17_13_15.jpg,38
4215,image_BS1_4832_17_13_15.jpg,38
4216,image_BS1_4833_17_13_15.jpg,38
4217,image_BS1_4834_17_13_15.jpg,38
4218,image_BS1_4835_17_13_15.jpg,38
4219,image_BS1_4836_17_13_17.jpg,39
4220,image_BS1_4837_17_13_18.jpg,39
4221,image_BS1_4838_17_13_18.jpg,44
4222,image_BS1_4839_17_13_19.jpg,34
4223,image_BS1_4840_17_13_19.jpg,38
4224,image_BS1_4841_17_13_19.jpg,17
4225,image_BS1_4842_17_13_19.jpg,16
4226,image_BS1_4843_17_13_20.jpg,21
4227,image_BS1_4844_17_13_20.jpg,21
4228,image_BS1_4845_17_13_20.jpg,21
4229,image_BS1_4846_17_13_20.jpg,21
4230,image_BS1_4847_17_13_20.jpg,20
4231,image_BS1_4848_17_13_20.jpg,21
4232,image_BS1_4849_17_13_20.jpg,21
4233,image_BS1_4850_17_13_21.jpg,21
4234,image_BS1_4851_17_13_21.jpg,22
4235,image_BS1_4852_17_13_21.jpg,22
4236,image_BS1_4853_17_13_21.jpg,22
4237,image_BS1_4854_17_13_21.jpg,22
4238,image_BS1_4855_17_13_21.jpg,22
4239,image_BS1_4856_17_13_21.jpg,23
4240,image_BS1_4857_17_13_21.jpg,23
4241,image_BS1_4858_17_13_22.jpg,23
4242,image_BS1_4859_17_13_22.jpg,26
4243,image_BS1_4860_17_13_22.jpg,26
4244,image_BS1_4861_17_13_22.jpg,26
4245,image_BS1_4862_17_13_22.jpg,26
4246,image_BS1_4863_17_13_22.jpg,27
4247,image_BS1_4864_17_13_22.jpg,27
4248,image_BS1_4865_17_13_22.jpg,29
4249,image_BS1_4866_17_13_23.jpg,29
4250,image_BS1_4867_17_13_23.jpg,29
4251,image_BS1_4868_17_13_23.jpg,29
4252,image_BS1_4869_17_13_23.jpg,32
4253,image_BS1_4870_17_13_23.jpg,32
4254,image_BS1_4871_17_13_23.jpg,34
4255,image_BS1_4872_17_13_23.jpg,34
4256,image_BS1_4873_17_13_23.jpg,34
4257,image_BS1_4874_17_13_24.jpg,37
4258,image_BS1_4875_17_13_24.jpg,39
4259,image_BS1_4876_17_13_24.jpg,39
4260,image_BS1_4877_17_13_24.jpg,39
4261,image_BS1_4878_17_13_24.jpg,39
4262,image_BS1_4879_17_13_24.jpg,40
4263,image_BS1_4880_17_13_25.jpg,42
4264,image_BS1_4881_17_13_25.jpg,42
4265,image_BS1_4882_17_13_25.jpg,43
4266,image_BS1_4883_17_13_25.jpg,43
4267,image_BS1_4884_17_13_25.jpg,43
4268,image_BS1_4885_17_13_25.jpg,44
4269,image_BS1_4886_17_13_25.jpg,43
4270,image_BS1_4887_17_13_25.jpg,43
4271,image_BS1_4888_17_13_26.jpg,43
4272,image_BS1_4889_17_13_26.jpg,43
4273,image_BS1_4890_17_13_26.jpg,43
4274,image_BS1_4891_17_13_26.jpg,43
4275,image_BS1_4892_17_13_26.jpg,42
4276,image_BS1_4893_17_13_26.jpg,42
4277,image_BS1_4894_17_13_26.jpg,42
4278,image_BS1_4895_17_13_27.jpg,40
4279,image_BS1_4896_17_13_27.jpg,39
4280,image_BS1_4897_17_13_27.jpg,39
4281,image_BS1_4898_17_13_27.jpg,39
4282,image_BS1_4899_17_13_27.jpg,39
4283,image_BS1_4900_17_13_27.jpg,38
4284,image_BS1_4901_17_13_27.jpg,37
4285,image_BS1_4902_17_13_27.jpg,37
4286,image_BS1_4903_17_13_28.jpg,34
4287,image_BS1_4904_17_13_28.jpg,34
4288,image_BS1_4905_17_13_29.jpg,34
4289,image_BS1_4906_17_13_29.jpg,34
4290,image_BS1_4907_17_13_29.jpg,33
4291,image_BS1_4908_17_13_29.jpg,33
4292,image_BS1_4909_17_13_29.jpg,33
4293,image_BS1_4910_17_13_29.jpg,32
4294,image_BS1_4911_17_13_30.jpg,31
4295,image_BS1_4912_17_13_30.jpg,30
4296,image_BS1_4913_17_13_30.jpg,29
4297,image_BS1_4914_17_13_30.jpg,29
4298,image_BS1_4915_17_13_30.jpg,29
4299,image_BS1_4916_17_13_30.jpg,29
4300,image_BS1_4917_17_13_30.jpg,27
4301,image_BS1_4918_17_13_30.jpg,27
4302,image_BS1_4919_17_13_31.jpg,27
4303,image_BS1_4920_17_13_31.jpg,26
4304,image_BS1_4921_17_13_31.jpg,26
4305,image_BS1_4922_17_13_32.jpg,26
4306,image_BS1_4923_17_13_32.jpg,26
4307,image_BS1_4924_17_13_32.jpg,23
4308,image_BS1_4925_17_13_33.jpg,23
4309,image_BS1_4926_17_13_33.jpg,27
4310,image_BS1_4927_17_13_33.jpg,28
4311,image_BS1_4928_17_13_33.jpg,28
4312,image_BS1_4929_17_13_33.jpg,29
4313,image_BS1_4930_17_13_34.jpg,29
4314,image_BS1_4931_17_13_34.jpg,29
4315,image_BS1_4932_17_13_34.jpg,29
4316,image_BS1_4933_17_13_34.jpg,33
4317,image_BS1_4934_17_13_34.jpg,31
4318,image_BS1_4935_17_13_34.jpg,33
4319,image_BS1_4936_17_13_34.jpg,34
4320,image_BS1_4937_17_13_35.jpg,34
4321,image_BS1_4938_17_13_35.jpg,34
4322,image_BS1_4939_17_13_35.jpg,34
4323,image_BS1_4940_17_13_35.jpg,37
4324,image_BS1_4941_17_13_35.jpg,37
4325,image_BS1_4942_17_13_35.jpg,39
4326,image_BS1_4943_17_13_35.jpg,38
4327,image_BS1_4944_17_13_35.jpg,38
4328,image_BS1_4945_17_13_36.jpg,39
4329,image_BS1_4946_17_13_36.jpg,39
4330,image_BS1_4947_17_13_36.jpg,39
4331,image_BS1_4948_17_13_36.jpg,39
4332,image_BS1_4949_17_13_36.jpg,44
4333,image_BS1_4950_17_13_36.jpg,44
4334,image_BS1_4951_17_13_36.jpg,43
4335,image_BS1_4952_17_13_37.jpg,44
4336,image_BS1_4953_17_13_37.jpg,44
4337,image_BS1_4954_17_13_37.jpg,45
4338,image_BS1_4955_17_13_37.jpg,46
4339,image_BS1_4956_17_13_37.jpg,46
4340,image_BS1_4957_17_13_37.jpg,47
4341,image_BS1_4958_17_13_37.jpg,47
4342,image_BS1_4959_17_13_38.jpg,49
4343,image_BS1_4960_17_13_38.jpg,48
4344,image_BS1_4961_17_13_38.jpg,47
4345,image_BS1_4962_17_13_38.jpg,48
4346,image_BS1_4963_17_13_38.jpg,47
4347,image_BS1_4964_17_13_38.jpg,47
4348,image_BS1_4965_17_13_38.jpg,47
4349,image_BS1_4966_17_13_38.jpg,47
4350,image_BS1_4967_17_13_39.jpg,47
4351,image_BS1_4968_17_13_39.jpg,46
4352,image_BS1_4969_17_13_39.jpg,45
4353,image_BS1_4970_17_13_39.jpg,45
4354,image_BS1_4971_17_13_39.jpg,44
4355,image_BS1_4972_17_13_39.jpg,44
4356,image_BS1_4973_17_13_39.jpg,43
4357,image_BS1_4974_17_13_40.jpg,43
4358,image_BS1_4975_17_13_40.jpg,42
4359,image_BS1_4976_17_13_40.jpg,42
4360,image_BS1_4977_17_13_40.jpg,39
4361,image_BS1_4978_17_13_40.jpg,39
4362,image_BS1_4979_17_13_40.jpg,39
4363,image_BS1_4980_17_13_40.jpg,39
4364,image_BS1_4981_17_13_40.jpg,37
4365,image_BS1_4982_17_13_41.jpg,34
4366,image_BS1_4983_17_13_41.jpg,34
4367,image_BS1_4984_17_13_41.jpg,33
4368,image_BS1_4985_17_13_41.jpg,32
4369,image_BS1_4986_17_13_41.jpg,29
4370,image_BS1_4987_17_13_41.jpg,29
4371,image_BS1_4988_17_13_41.jpg,28
4372,image_BS1_4989_17_13_41.jpg,26
4373,image_BS1_4990_17_13_42.jpg,26
4374,image_BS1_4991_17_13_42.jpg,23
4375,image_BS1_4992_17_13_42.jpg,22
4376,image_BS1_4993_17_13_42.jpg,22
4377,image_BS1_4994_17_13_42.jpg,21
4378,image_BS1_4995_17_13_42.jpg,20
4379,image_BS1_4996_17_13_42.jpg,20
4380,image_BS1_4997_17_13_43.jpg,17
4381,image_BS1_4998_17_13_43.jpg,17
4382,image_BS1_4999_17_13_43.jpg,17
4383,image_BS1_5000_17_13_43.jpg,17
4384,image_BS1_5001_17_13_43.jpg,17
4385,image_BS1_5002_17_13_43.jpg,17
4386,image_BS1_5003_17_13_43.jpg,17
4387,image_BS1_5004_17_13_43.jpg,17
4388,image_BS1_5005_17_13_44.jpg,17
4389,image_BS1_5006_17_13_44.jpg,17
4390,image_BS1_5007_17_13_44.jpg,17
4391,image_BS1_5008_17_13_44.jpg,17
4392,image_BS1_5009_17_13_44.jpg,17
4393,image_BS1_5010_17_13_44.jpg,17
4394,image_BS1_5011_17_13_44.jpg,17
4395,image_BS1_5012_17_13_45.jpg,17
4396,image_BS1_5013_17_13_45.jpg,17
4397,image_BS1_5014_17_13_45.jpg,17
4398,image_BS1_5015_17_13_45.jpg,17
4399,image_BS1_5016_17_13_45.jpg,19
4400,image_BS1_5017_17_13_45.jpg,20
4401,image_BS1_5018_17_13_45.jpg,20
4402,image_BS1_5019_17_13_45.jpg,21
4403,image_BS1_5020_17_13_46.jpg,22
4404,image_BS1_5021_17_13_46.jpg,23
4405,image_BS1_5022_17_13_46.jpg,27
4406,image_BS1_5023_17_13_47.jpg,28
4407,image_BS1_5024_17_13_47.jpg,29
4408,image_BS1_5025_17_13_47.jpg,29
4409,image_BS1_5026_17_13_47.jpg,31
4410,image_BS1_5027_17_13_47.jpg,33
4411,image_BS1_5028_17_13_47.jpg,34
4412,image_BS1_5029_17_13_47.jpg,34
4413,image_BS1_5030_17_13_47.jpg,37
4414,image_BS1_5031_17_13_48.jpg,37
4415,image_BS1_5032_17_13_48.jpg,39
4416,image_BS1_5033_17_13_49.jpg,45
4417,image_BS1_5034_17_13_49.jpg,48
4418,image_BS1_5035_17_13_50.jpg,49
4419,image_BS1_5036_17_13_50.jpg,48
4420,image_BS1_5037_17_13_50.jpg,48
4421,image_BS1_5038_17_13_50.jpg,48
4422,image_BS1_5039_17_13_50.jpg,48
4423,image_BS1_5040_17_13_50.jpg,47
4424,image_BS1_5041_17_13_50.jpg,47
4425,image_BS1_5042_17_13_51.jpg,47
4426,image_BS1_5043_17_13_51.jpg,47
4427,image_BS1_5044_17_13_51.jpg,46
4428,image_BS1_5045_17_13_51.jpg,45
4429,image_BS1_5046_17_13_51.jpg,45
4430,image_BS1_5047_17_13_51.jpg,44
4431,image_BS1_5048_17_13_51.jpg,44
4432,image_BS1_5049_17_13_51.jpg,43
4433,image_BS1_5050_17_13_52.jpg,43
4434,image_BS1_5051_17_13_52.jpg,42
4435,image_BS1_5052_17_13_52.jpg,42
4436,image_BS1_5053_17_13_52.jpg,39
4437,image_BS1_5054_17_13_52.jpg,39
4438,image_BS1_5055_17_13_52.jpg,39
4439,image_BS1_5056_17_13_52.jpg,39
4440,image_BS1_5057_17_13_53.jpg,37
4441,image_BS1_5058_17_13_53.jpg,37
4442,image_BS1_5059_17_13_53.jpg,34
4443,image_BS1_5060_17_13_53.jpg,34
4444,image_BS1_5061_17_13_53.jpg,33
4445,image_BS1_5062_17_13_53.jpg,29
4446,image_BS1_5063_17_13_53.jpg,29
4447,image_BS1_5064_17_13_53.jpg,28
4448,image_BS1_5065_17_13_54.jpg,26
4449,image_BS1_5066_17_13_54.jpg,26
4450,image_BS1_5067_17_13_54.jpg,23
4451,image_BS1_5068_17_13_54.jpg,22
4452,image_BS1_5069_17_13_54.jpg,22
4453,image_BS1_5070_17_13_54.jpg,22
4454,image_BS1_5071_17_13_54.jpg,21
4455,image_BS1_5072_17_13_55.jpg,17
4456,image_BS1_5073_17_13_55.jpg,17
4457,image_BS1_5074_17_13_55.jpg,16
4458,image_BS1_5075_17_13_55.jpg,16
4459,image_BS1_5076_17_13_56.jpg,17
4460,image_BS1_5077_17_13_56.jpg,16
4461,image_BS1_5078_17_13_56.jpg,17
4462,image_BS1_5079_17_13_56.jpg,17
4463,image_BS1_5080_17_13_56.jpg,17
4464,image_BS1_5081_17_13_57.jpg,21
4465,image_BS1_5082_17_13_57.jpg,20
4466,image_BS1_5083_17_13_57.jpg,20
4467,image_BS1_5084_17_13_57.jpg,20
4468,image_BS1_5085_17_13_57.jpg,20
4469,image_BS1_5086_17_13_57.jpg,21
4470,image_BS1_5087_17_13_57.jpg,22
4471,image_BS1_5088_17_13_57.jpg,22
4472,image_BS1_5089_17_13_58.jpg,22
4473,image_BS1_5090_17_13_58.jpg,22
4474,image_BS1_5091_17_13_58.jpg,22
4475,image_BS1_5092_17_13_58.jpg,22
4476,image_BS1_5093_17_13_58.jpg,22
4477,image_BS1_5094_17_13_58.jpg,22
4478,image_BS1_5095_17_13_58.jpg,22
4479,image_BS1_5096_17_13_58.jpg,22
4480,image_BS1_5097_17_13_59.jpg,22
4481,image_BS1_5098_17_13_59.jpg,23
4482,image_BS1_5099_17_13_59.jpg,23
4483,image_BS1_5100_17_13_59.jpg,23
4484,image_BS1_5101_17_13_59.jpg,23
4485,image_BS1_5102_17_13_59.jpg,23
4486,image_BS1_5103_17_13_59.jpg,26
4487,image_BS1_5104_17_14_00.jpg,26
4488,image_BS1_5105_17_14_00.jpg,26
4489,image_BS1_5106_17_14_00.jpg,27
4490,image_BS1_5107_17_14_00.jpg,27
4491,image_BS1_5108_17_14_00.jpg,29
4492,image_BS1_5109_17_14_00.jpg,31
4493,image_BS1_5110_17_14_01.jpg,32
4494,image_BS1_5111_17_14_02.jpg,44
4495,image_BS1_5112_17_14_03.jpg,48
4496,image_BS1_5113_17_14_03.jpg,48
4497,image_BS1_5114_17_14_03.jpg,47
4498,image_BS1_5115_17_14_04.jpg,47
4499,image_BS1_5116_17_14_04.jpg,48
4500,image_BS1_5117_17_14_04.jpg,48
4501,image_BS1_5118_17_14_04.jpg,48
4502,image_BS1_5119_17_14_04.jpg,48
4503,image_BS1_5120_17_14_04.jpg,47
4504,image_BS1_5121_17_14_04.jpg,47
4505,image_BS1_5122_17_14_05.jpg,46
4506,image_BS1_5123_17_14_05.jpg,46
4507,image_BS1_5124_17_14_05.jpg,45
4508,image_BS1_5125_17_14_05.jpg,45
4509,image_BS1_5126_17_14_05.jpg,44
4510,image_BS1_5127_17_14_05.jpg,43
4511,image_BS1_5128_17_14_05.jpg,43
4512,image_BS1_5129_17_14_05.jpg,42
4513,image_BS1_5130_17_14_06.jpg,42
4514,image_BS1_5131_17_14_06.jpg,39
4515,image_BS1_5132_17_14_06.jpg,39
4516,image_BS1_5133_17_14_06.jpg,39
4517,image_BS1_5134_17_14_06.jpg,39
4518,image_BS1_5135_17_14_06.jpg,38
4519,image_BS1_5136_17_14_06.jpg,37
4520,image_BS1_5137_17_14_06.jpg,37
4521,image_BS1_5138_17_14_07.jpg,36
4522,image_BS1_5139_17_14_07.jpg,34
4523,image_BS1_5140_17_14_07.jpg,34
4524,image_BS1_5141_17_14_07.jpg,34
4525,image_BS1_5142_17_14_07.jpg,34
4526,image_BS1_5143_17_14_07.jpg,33
4527,image_BS1_5144_17_14_07.jpg,32
4528,image_BS1_5145_17_14_08.jpg,29
4529,image_BS1_5146_17_14_08.jpg,29
4530,image_BS1_5147_17_14_08.jpg,29
4531,image_BS1_5148_17_14_08.jpg,29
4532,image_BS1_5149_17_14_08.jpg,28
4533,image_BS1_5150_17_14_08.jpg,27
4534,image_BS1_5151_17_14_08.jpg,27
4535,image_BS1_5152_17_14_09.jpg,29
4536,image_BS1_5153_17_14_09.jpg,25
4537,image_BS1_5154_17_14_09.jpg,23
4538,image_BS1_5155_17_14_09.jpg,23
4539,image_BS1_5156_17_14_09.jpg,23
4540,image_BS1_5157_17_14_09.jpg,22
4541,image_BS1_5158_17_14_09.jpg,22
4542,image_BS1_5159_17_14_10.jpg,22
4543,image_BS1_5160_17_14_10.jpg,21
4544,image_BS1_5161_17_14_10.jpg,22
4545,image_BS1_5162_17_14_10.jpg,17
4546,image_BS1_5163_17_14_10.jpg,16
4547,image_BS1_5164_17_14_10.jpg,19
4548,image_BS1_5165_17_14_11.jpg,19
4549,image_BS1_5166_17_14_11.jpg,17
4550,image_BS1_5167_17_14_11.jpg,17
4551,image_BS1_5168_17_14_11.jpg,17
4552,image_BS1_5169_17_14_11.jpg,17
4553,image_BS1_5170_17_14_11.jpg,17
4554,image_BS1_5171_17_14_11.jpg,17
4555,image_BS1_5172_17_14_12.jpg,17
4556,image_BS1_5173_17_14_12.jpg,17
4557,image_BS1_5174_17_14_12.jpg,17
4558,image_BS1_5175_17_14_12.jpg,17
4559,image_BS1_5176_17_14_12.jpg,19
4560,image_BS1_5177_17_14_12.jpg,19
4561,image_BS1_5178_17_14_12.jpg,20
4562,image_BS1_5179_17_14_12.jpg,20
4563,image_BS1_5180_17_14_13.jpg,20
4564,image_BS1_5181_17_14_13.jpg,21
4565,image_BS1_5182_17_14_13.jpg,21
4566,image_BS1_5183_17_14_13.jpg,22
4567,image_BS1_5184_17_14_13.jpg,22
4568,image_BS1_5185_17_14_13.jpg,22
4569,image_BS1_5186_17_14_13.jpg,22
4570,image_BS1_5187_17_14_13.jpg,22
4571,image_BS1_5188_17_14_14.jpg,22
4572,image_BS1_5189_17_14_14.jpg,23
4573,image_BS1_5190_17_14_14.jpg,23
4574,image_BS1_5191_17_14_14.jpg,23
4575,image_BS1_5192_17_14_14.jpg,23
4576,image_BS1_5193_17_14_14.jpg,26
4577,image_BS1_5194_17_14_14.jpg,26
4578,image_BS1_5195_17_14_14.jpg,26
4579,image_BS1_5196_17_14_15.jpg,26
4580,image_BS1_5197_17_14_15.jpg,26
4581,image_BS1_5198_17_14_15.jpg,26
4582,image_BS1_5199_17_14_15.jpg,26
4583,image_BS1_5200_17_14_16.jpg,26
4584,image_BS1_5201_17_14_16.jpg,26
4585,image_BS1_5202_17_14_16.jpg,26
4586,image_BS1_5203_17_14_16.jpg,27
4587,image_BS1_5204_17_14_16.jpg,27
4588,image_BS1_5205_17_14_16.jpg,29
4589,image_BS1_5206_17_14_16.jpg,29
4590,image_BS1_5207_17_14_17.jpg,29
4591,image_BS1_5208_17_14_17.jpg,29
4592,image_BS1_5209_17_14_17.jpg,37
4593,image_BS1_5210_17_14_18.jpg,39
4594,image_BS1_5211_17_14_19.jpg,39
4595,image_BS1_5212_17_14_19.jpg,39
4596,image_BS1_5213_17_14_19.jpg,39
4597,image_BS1_5214_17_14_19.jpg,39
4598,image_BS1_5215_17_14_20.jpg,38
4599,image_BS1_5216_17_14_20.jpg,37
4600,image_BS1_5217_17_14_20.jpg,37
4601,image_BS1_5218_17_14_20.jpg,37
4602,image_BS1_5219_17_14_20.jpg,34
4603,image_BS1_5220_17_14_20.jpg,34
4604,image_BS1_5221_17_14_20.jpg,33
4605,image_BS1_5222_17_14_21.jpg,32
4606,image_BS1_5223_17_14_21.jpg,31
4607,image_BS1_5224_17_14_21.jpg,29
4608,image_BS1_5225_17_14_21.jpg,29
4609,image_BS1_5226_17_14_21.jpg,28
4610,image_BS1_5227_17_14_21.jpg,29
4611,image_BS1_5228_17_14_21.jpg,27
4612,image_BS1_5229_17_14_21.jpg,27
4613,image_BS1_5230_17_14_22.jpg,26
4614,image_BS1_5231_17_14_22.jpg,26
4615,image_BS1_5232_17_14_22.jpg,26
4616,image_BS1_5233_17_14_22.jpg,23
4617,image_BS1_5234_17_14_22.jpg,23
4618,image_BS1_5235_17_14_22.jpg,23
4619,image_BS1_5236_17_14_22.jpg,23
4620,image_BS1_5237_17_14_22.jpg,23
4621,image_BS1_5238_17_14_23.jpg,22
4622,image_BS1_5239_17_14_23.jpg,22
4623,image_BS1_5240_17_14_23.jpg,22
4624,image_BS1_5241_17_14_23.jpg,22
4625,image_BS1_5242_17_14_23.jpg,23
4626,image_BS1_5243_17_14_23.jpg,22
4627,image_BS1_5244_17_14_23.jpg,23
4628,image_BS1_5245_17_14_24.jpg,23
4629,image_BS1_5246_17_14_24.jpg,23
4630,image_BS1_5247_17_14_24.jpg,23
4631,image_BS1_5248_17_14_24.jpg,23
4632,image_BS1_5249_17_14_24.jpg,26
4633,image_BS1_5250_17_14_24.jpg,26
4634,image_BS1_5251_17_14_24.jpg,27
4635,image_BS1_5252_17_14_24.jpg,27
4636,image_BS1_5253_17_14_25.jpg,28
4637,image_BS1_5254_17_14_25.jpg,29
4638,image_BS1_5255_17_14_25.jpg,29
4639,image_BS1_5256_17_14_25.jpg,29
4640,image_BS1_5257_17_14_25.jpg,29
4641,image_BS1_5258_17_14_25.jpg,33
4642,image_BS1_5259_17_14_25.jpg,33
4643,image_BS1_5260_17_14_26.jpg,34
4644,image_BS1_5261_17_14_26.jpg,34
4645,image_BS1_5262_17_14_26.jpg,34
4646,image_BS1_5263_17_14_26.jpg,37
4647,image_BS1_5264_17_14_26.jpg,37
4648,image_BS1_5265_17_14_26.jpg,39
4649,image_BS1_5266_17_14_26.jpg,39
4650,image_BS1_5267_17_14_27.jpg,39
4651,image_BS1_5268_17_14_27.jpg,39
4652,image_BS1_5269_17_14_27.jpg,39
4653,image_BS1_5270_17_14_27.jpg,39
4654,image_BS1_5271_17_14_27.jpg,39
4655,image_BS1_5272_17_14_27.jpg,39
4656,image_BS1_5273_17_14_28.jpg,39
4657,image_BS1_5274_17_14_28.jpg,39
4658,image_BS1_5275_17_14_28.jpg,39
4659,image_BS1_5276_17_14_28.jpg,39
4660,image_BS1_5277_17_14_28.jpg,39
4661,image_BS1_5278_17_14_28.jpg,37
4662,image_BS1_5279_17_14_29.jpg,37
4663,image_BS1_5280_17_14_29.jpg,37
4664,image_BS1_5281_17_14_29.jpg,37
4665,image_BS1_5282_17_14_29.jpg,34
4666,image_BS1_5283_17_14_29.jpg,34
4667,image_BS1_5284_17_14_29.jpg,34
4668,image_BS1_5285_17_14_29.jpg,34
4669,image_BS1_5286_17_14_29.jpg,32
4670,image_BS1_5287_17_14_30.jpg,31
4671,image_BS1_5288_17_14_30.jpg,29
4672,image_BS1_5289_17_14_30.jpg,29
4673,image_BS1_5290_17_14_30.jpg,28
4674,image_BS1_5291_17_14_30.jpg,28
4675,image_BS1_5292_17_14_30.jpg,26
4676,image_BS1_5293_17_14_31.jpg,23
4677,image_BS1_5294_17_14_31.jpg,23
4678,image_BS1_5295_17_14_31.jpg,22
4679,image_BS1_5296_17_14_31.jpg,21
4680,image_BS1_5297_17_14_31.jpg,20
4681,image_BS1_5298_17_14_32.jpg,21
4682,image_BS1_5299_17_14_32.jpg,17
4683,image_BS1_5300_17_14_32.jpg,17
4684,image_BS1_5301_17_14_32.jpg,17
4685,image_BS1_5302_17_14_32.jpg,17
4686,image_BS1_5303_17_14_32.jpg,17
4687,image_BS1_5304_17_14_32.jpg,17
4688,image_BS1_5305_17_14_32.jpg,17
4689,image_BS1_5306_17_14_33.jpg,17
4690,image_BS1_5307_17_14_33.jpg,17
4691,image_BS1_5308_17_14_33.jpg,17
4692,image_BS1_5309_17_14_33.jpg,17
4693,image_BS1_5310_17_14_33.jpg,17
4694,image_BS1_5311_17_14_33.jpg,17
4695,image_BS1_5312_17_14_33.jpg,19
4696,image_BS1_5313_17_14_34.jpg,19
4697,image_BS1_5314_17_14_34.jpg,20
4698,image_BS1_5315_17_14_34.jpg,20
4699,image_BS1_5316_17_14_34.jpg,21
4700,image_BS1_5317_17_14_34.jpg,22
4701,image_BS1_5318_17_14_35.jpg,22
4702,image_BS1_5319_17_14_35.jpg,22
4703,image_BS1_5320_17_14_35.jpg,26
4704,image_BS1_5321_17_14_35.jpg,27
4705,image_BS1_5322_17_14_35.jpg,27
4706,image_BS1_5323_17_14_35.jpg,28
4707,image_BS1_5324_17_14_36.jpg,29
4708,image_BS1_5325_17_14_36.jpg,29
4709,image_BS1_5326_17_14_36.jpg,31
4710,image_BS1_5327_17_14_36.jpg,33
4711,image_BS1_5328_17_14_36.jpg,34
4712,image_BS1_5329_17_14_36.jpg,34
4713,image_BS1_5330_17_14_36.jpg,34
4714,image_BS1_5331_17_14_37.jpg,34
4715,image_BS1_5332_17_14_37.jpg,38
4716,image_BS1_5333_17_14_37.jpg,38
4717,image_BS1_5334_17_14_37.jpg,39
4718,image_BS1_5335_17_14_37.jpg,39
4719,image_BS1_5336_17_14_37.jpg,39
4720,image_BS1_5337_17_14_38.jpg,39
4721,image_BS1_5338_17_14_38.jpg,39
4722,image_BS1_5339_17_14_38.jpg,39
4723,image_BS1_5340_17_14_38.jpg,39
4724,image_BS1_5341_17_14_38.jpg,39
4725,image_BS1_5342_17_14_38.jpg,39
4726,image_BS1_5343_17_14_38.jpg,39
4727,image_BS1_5344_17_14_38.jpg,39
4728,image_BS1_5345_17_14_39.jpg,39
4729,image_BS1_5346_17_14_39.jpg,39
4730,image_BS1_5347_17_14_39.jpg,39
4731,image_BS1_5348_17_14_39.jpg,38
4732,image_BS1_5349_17_14_39.jpg,38
4733,image_BS1_5350_17_14_39.jpg,37
4734,image_BS1_5351_17_14_40.jpg,34
4735,image_BS1_5352_17_14_41.jpg,34
4736,image_BS1_5353_17_14_42.jpg,31
4737,image_BS1_5354_17_14_42.jpg,31
4738,image_BS1_5355_17_14_42.jpg,31
4739,image_BS1_5356_17_14_43.jpg,31
4740,image_BS1_5357_17_14_43.jpg,31
4741,image_BS1_5358_17_14_43.jpg,30
4742,image_BS1_5359_17_14_43.jpg,31
4743,image_BS1_5360_17_14_43.jpg,30
4744,image_BS1_5361_17_14_43.jpg,30
4745,image_BS1_5362_17_14_43.jpg,30
4746,image_BS1_5363_17_14_44.jpg,30
4747,image_BS1_5364_17_14_44.jpg,31
4748,image_BS1_5365_17_14_44.jpg,30
4749,image_BS1_5366_17_14_44.jpg,31
4750,image_BS1_5367_17_14_44.jpg,31
4751,image_BS1_5368_17_14_44.jpg,31
4752,image_BS1_5369_17_14_44.jpg,31
4753,image_BS1_5370_17_14_44.jpg,31
4754,image_BS1_5371_17_14_45.jpg,31
4755,image_BS1_5372_17_14_45.jpg,31
4756,image_BS1_5373_17_14_45.jpg,31
4757,image_BS1_5374_17_14_45.jpg,31
4758,image_BS1_5375_17_14_45.jpg,31
4759,image_BS1_5376_17_14_45.jpg,31
4760,image_BS1_5377_17_14_45.jpg,31
4761,image_BS1_5378_17_14_45.jpg,31
4762,image_BS1_5379_17_14_46.jpg,30
4763,image_BS1_5380_17_14_46.jpg,32
4764,image_BS1_5381_17_14_46.jpg,31
4765,image_BS1_5382_17_14_46.jpg,31
4766,image_BS1_5383_17_14_46.jpg,31
4767,image_BS1_5384_17_14_46.jpg,31
4768,image_BS1_5385_17_14_46.jpg,31
4769,image_BS1_5386_17_14_47.jpg,31
4770,image_BS1_5387_17_14_47.jpg,31
4771,image_BS1_5388_17_14_47.jpg,32
4772,image_BS1_5389_17_14_47.jpg,31
4773,image_BS1_5390_17_14_47.jpg,31
4774,image_BS1_5391_17_14_47.jpg,32
4775,image_BS1_5392_17_14_47.jpg,31
4776,image_BS1_5393_17_14_47.jpg,31
4777,image_BS1_5394_17_14_48.jpg,31
4778,image_BS1_5395_17_14_48.jpg,31
4779,image_BS1_5396_17_14_48.jpg,31
4780,image_BS1_5397_17_14_48.jpg,29
4781,image_BS1_5398_17_14_48.jpg,29
4782,image_BS1_5399_17_14_48.jpg,29
4783,image_BS1_5400_17_14_48.jpg,29
4784,image_BS1_5401_17_14_48.jpg,29
4785,image_BS1_5402_17_14_49.jpg,29
4786,image_BS1_5403_17_14_49.jpg,27
4787,image_BS1_5404_17_14_49.jpg,26
4788,image_BS1_5405_17_14_49.jpg,26
4789,image_BS1_5406_17_14_49.jpg,26
4790,image_BS1_5407_17_14_49.jpg,23
4791,image_BS1_5408_17_14_49.jpg,23
4792,image_BS1_5409_17_14_50.jpg,22
4793,image_BS1_5410_17_14_50.jpg,22
4794,image_BS1_5411_17_14_50.jpg,22
4795,image_BS1_5412_17_14_50.jpg,20
4796,image_BS1_5413_17_14_50.jpg,21
4797,image_BS1_5414_17_14_50.jpg,19
4798,image_BS1_5415_17_14_50.jpg,17
4799,image_BS1_5416_17_14_51.jpg,17
4800,image_BS1_5417_17_14_51.jpg,17
4801,image_BS1_5418_17_14_51.jpg,17
4802,image_BS1_5419_17_14_51.jpg,17
4803,image_BS1_5420_17_14_51.jpg,17
4804,image_BS1_5421_17_14_51.jpg,17
4805,image_BS1_5422_17_14_51.jpg,17
4806,image_BS1_5423_17_14_52.jpg,19
4807,image_BS1_5424_17_14_52.jpg,19
4808,image_BS1_5425_17_14_52.jpg,20
4809,image_BS1_5426_17_14_52.jpg,20
4810,image_BS1_5427_17_14_52.jpg,20
4811,image_BS1_5428_17_14_52.jpg,21
4812,image_BS1_5429_17_14_52.jpg,22
4813,image_BS1_5430_17_14_53.jpg,22
4814,image_BS1_5431_17_14_53.jpg,22
4815,image_BS1_5432_17_14_53.jpg,23
4816,image_BS1_5433_17_14_53.jpg,23
4817,image_BS1_5434_17_14_53.jpg,26
4818,image_BS1_5435_17_14_53.jpg,26
4819,image_BS1_5436_17_14_53.jpg,27
4820,image_BS1_5437_17_14_55.jpg,34
4821,image_BS1_5438_17_14_55.jpg,36
4822,image_BS1_5439_17_14_55.jpg,37
4823,image_BS1_5440_17_14_56.jpg,39
4824,image_BS1_5441_17_14_56.jpg,39
4825,image_BS1_5442_17_14_56.jpg,39
4826,image_BS1_5443_17_14_56.jpg,39
4827,image_BS1_5444_17_14_56.jpg,39
4828,image_BS1_5445_17_14_57.jpg,39
4829,image_BS1_5446_17_14_57.jpg,39
4830,image_BS1_5447_17_14_57.jpg,39
4831,image_BS1_5448_17_14_57.jpg,39
4832,image_BS1_5449_17_14_57.jpg,39
4833,image_BS1_5450_17_14_57.jpg,39
4834,image_BS1_5451_17_14_57.jpg,39
4835,image_BS1_5452_17_14_57.jpg,39
4836,image_BS1_5453_17_14_58.jpg,39
4837,image_BS1_5454_17_14_58.jpg,39
4838,image_BS1_5455_17_14_58.jpg,39
4839,image_BS1_5456_17_14_58.jpg,39
4840,image_BS1_5457_17_14_58.jpg,39
4841,image_BS1_5458_17_14_58.jpg,38
4842,image_BS1_5459_17_14_58.jpg,37
4843,image_BS1_5460_17_14_58.jpg,37
4844,image_BS1_5461_17_14_59.jpg,36
4845,image_BS1_5462_17_14_59.jpg,34
4846,image_BS1_5463_17_14_59.jpg,34
4847,image_BS1_5464_17_14_59.jpg,34
4848,image_BS1_5465_17_14_59.jpg,33
4849,image_BS1_5466_17_14_59.jpg,32
4850,image_BS1_5467_17_14_59.jpg,31
4851,image_BS1_5468_17_14_59.jpg,29
4852,image_BS1_5469_17_15_00.jpg,29
4853,image_BS1_5470_17_15_00.jpg,29
4854,image_BS1_5471_17_15_00.jpg,29
4855,image_BS1_5472_17_15_00.jpg,29
4856,image_BS1_5473_17_15_00.jpg,29
4857,image_BS1_5474_17_15_00.jpg,29
4858,image_BS1_5475_17_15_00.jpg,28
4859,image_BS1_5476_17_15_01.jpg,29
4860,image_BS1_5477_17_15_01.jpg,27
4861,image_BS1_5478_17_15_01.jpg,27
4862,image_BS1_5479_17_15_01.jpg,26
4863,image_BS1_5480_17_15_01.jpg,27
4864,image_BS1_5481_17_15_01.jpg,26
4865,image_BS1_5482_17_15_01.jpg,26
4866,image_BS1_5483_17_15_01.jpg,26
4867,image_BS1_5484_17_15_02.jpg,23
4868,image_BS1_5485_17_15_02.jpg,23
4869,image_BS1_5486_17_15_02.jpg,23
4870,image_BS1_5487_17_15_02.jpg,22
4871,image_BS1_5488_17_15_02.jpg,22
4872,image_BS1_5489_17_15_02.jpg,21
4873,image_BS1_5490_17_15_02.jpg,21
4874,image_BS1_5491_17_15_02.jpg,20
4875,image_BS1_5492_17_15_03.jpg,20
4876,image_BS1_5493_17_15_03.jpg,19
4877,image_BS1_5494_17_15_03.jpg,17
4878,image_BS1_5495_17_15_03.jpg,17
4879,image_BS1_5496_17_15_03.jpg,17
4880,image_BS1_5497_17_15_03.jpg,17
4881,image_BS1_5498_17_15_03.jpg,17
4882,image_BS1_5499_17_15_04.jpg,17
4883,image_BS1_5500_17_15_04.jpg,17
4884,image_BS1_5501_17_15_04.jpg,17
4885,image_BS1_5502_17_15_04.jpg,17
4886,image_BS1_5503_17_15_04.jpg,19
4887,image_BS1_5504_17_15_04.jpg,20
4888,image_BS1_5505_17_15_04.jpg,20
4889,image_BS1_5506_17_15_04.jpg,20
4890,image_BS1_5507_17_15_05.jpg,21
4891,image_BS1_5508_17_15_05.jpg,21
4892,image_BS1_5509_17_15_05.jpg,22
4893,image_BS1_5510_17_15_05.jpg,22
4894,image_BS1_5511_17_15_05.jpg,23
4895,image_BS1_5512_17_15_05.jpg,23
4896,image_BS1_5513_17_15_05.jpg,26
4897,image_BS1_5514_17_15_05.jpg,26
4898,image_BS1_5515_17_15_06.jpg,27
4899,image_BS1_5516_17_15_06.jpg,29
4900,image_BS1_5517_17_15_06.jpg,29
4901,image_BS1_5518_17_15_06.jpg,29
4902,image_BS1_5519_17_15_06.jpg,32
4903,image_BS1_5520_17_15_06.jpg,33
4904,image_BS1_5521_17_15_07.jpg,34
4905,image_BS1_5522_17_15_07.jpg,37
4906,image_BS1_5523_17_15_07.jpg,37
4907,image_BS1_5524_17_15_07.jpg,38
4908,image_BS1_5525_17_15_07.jpg,39
4909,image_BS1_5526_17_15_07.jpg,39
4910,image_BS1_5527_17_15_07.jpg,39
4911,image_BS1_5528_17_15_07.jpg,40
4912,image_BS1_5529_17_15_08.jpg,42
4913,image_BS1_5530_17_15_08.jpg,42
4914,image_BS1_5531_17_15_08.jpg,42
4915,image_BS1_5532_17_15_08.jpg,42
4916,image_BS1_5533_17_15_08.jpg,42
4917,image_BS1_5534_17_15_08.jpg,43
4918,image_BS1_5535_17_15_08.jpg,43
4919,image_BS1_5536_17_15_08.jpg,43
4920,image_BS1_5537_17_15_09.jpg,43
4921,image_BS1_5538_17_15_09.jpg,43
4922,image_BS1_5539_17_15_09.jpg,43
4923,image_BS1_5540_17_15_09.jpg,43
4924,image_BS1_5541_17_15_09.jpg,43
4925,image_BS1_5542_17_15_09.jpg,43
4926,image_BS1_5543_17_15_10.jpg,43
4927,image_BS1_5544_17_15_10.jpg,43
4928,image_BS1_5545_17_15_10.jpg,43
4929,image_BS1_5546_17_15_10.jpg,43
4930,image_BS1_5547_17_15_10.jpg,43
4931,image_BS1_5548_17_15_10.jpg,43
4932,image_BS1_5549_17_15_11.jpg,40
4933,image_BS1_5550_17_15_11.jpg,39
4934,image_BS1_5551_17_15_12.jpg,37
4935,image_BS1_5552_17_15_12.jpg,34
4936,image_BS1_5553_17_15_12.jpg,33
4937,image_BS1_5554_17_15_12.jpg,33
4938,image_BS1_5555_17_15_12.jpg,33
4939,image_BS1_5556_17_15_12.jpg,32
4940,image_BS1_5557_17_15_13.jpg,32
4941,image_BS1_5558_17_15_13.jpg,32
4942,image_BS1_5559_17_15_13.jpg,32
4943,image_BS1_5560_17_15_13.jpg,32
4944,image_BS1_5561_17_15_13.jpg,32
4945,image_BS1_5562_17_15_13.jpg,32
4946,image_BS1_5563_17_15_13.jpg,32
4947,image_BS1_5564_17_15_14.jpg,32
4948,image_BS1_5565_17_15_14.jpg,32
4949,image_BS1_5566_17_15_14.jpg,32
4950,image_BS1_5567_17_15_14.jpg,32
4951,image_BS1_5568_17_15_14.jpg,33
4952,image_BS1_5569_17_15_17.jpg,29
4953,image_BS1_5570_17_15_17.jpg,28
4954,image_BS1_5571_17_15_17.jpg,28
4955,image_BS1_5572_17_15_17.jpg,29
4956,image_BS1_5573_17_15_17.jpg,29
4957,image_BS1_5574_17_15_18.jpg,29
4958,image_BS1_5575_17_15_18.jpg,29
4959,image_BS1_5576_17_15_18.jpg,29
4960,image_BS1_5577_17_15_18.jpg,29
4961,image_BS1_5578_17_15_18.jpg,29
4962,image_BS1_5579_17_15_18.jpg,29
4963,image_BS1_5580_17_15_18.jpg,28
4964,image_BS1_5581_17_15_19.jpg,28
4965,image_BS1_5582_17_15_19.jpg,27
4966,image_BS1_5583_17_15_19.jpg,27
4967,image_BS1_5584_17_15_19.jpg,26
4968,image_BS1_5585_17_15_19.jpg,26
4969,image_BS1_5586_17_15_19.jpg,26
4970,image_BS1_5587_17_15_19.jpg,23
4971,image_BS1_5588_17_15_19.jpg,23
4972,image_BS1_5589_17_15_20.jpg,22
4973,image_BS1_5590_17_15_20.jpg,22
4974,image_BS1_5591_17_15_20.jpg,22
4975,image_BS1_5592_17_15_20.jpg,22
4976,image_BS1_5593_17_15_20.jpg,21
4977,image_BS1_5594_17_15_20.jpg,21
4978,image_BS1_5595_17_15_20.jpg,21
4979,image_BS1_5596_17_15_21.jpg,21
4980,image_BS1_5597_17_15_21.jpg,21
4981,image_BS1_5598_17_15_21.jpg,21
4982,image_BS1_5599_17_15_21.jpg,22
4983,image_BS1_5600_17_15_21.jpg,22
4984,image_BS1_5601_17_15_21.jpg,22
4985,image_BS1_5602_17_15_21.jpg,22
4986,image_BS1_5603_17_15_21.jpg,22
4987,image_BS1_5604_17_15_22.jpg,23
4988,image_BS1_5605_17_15_22.jpg,23
4989,image_BS1_5606_17_15_22.jpg,26
4990,image_BS1_5607_17_15_22.jpg,26
4991,image_BS1_5608_17_15_22.jpg,27
4992,image_BS1_5609_17_15_22.jpg,29
4993,image_BS1_5610_17_15_22.jpg,29
4994,image_BS1_5611_17_15_23.jpg,29
4995,image_BS1_5612_17_15_23.jpg,32
4996,image_BS1_5613_17_15_23.jpg,33
4997,image_BS1_5614_17_15_23.jpg,34
4998,image_BS1_5615_17_15_23.jpg,34
4999,image_BS1_5616_17_15_23.jpg,34
5000,image_BS1_5617_17_15_23.jpg,37
5001,image_BS1_5618_17_15_23.jpg,37
5002,image_BS1_5619_17_15_24.jpg,37
5003,image_BS1_5620_17_15_24.jpg,38
5004,image_BS1_5621_17_15_24.jpg,38
5005,image_BS1_5622_17_15_24.jpg,39
5006,image_BS1_5623_17_15_24.jpg,39
5007,image_BS1_5624_17_15_24.jpg,39
5008,image_BS1_5625_17_15_24.jpg,39
5009,image_BS1_5626_17_15_25.jpg,38
5010,image_BS1_5627_17_15_25.jpg,38
5011,image_BS1_5628_17_15_25.jpg,38
5012,image_BS1_5629_17_15_25.jpg,37
5013,image_BS1_5630_17_15_26.jpg,37
5014,image_BS1_5631_17_15_26.jpg,37
5015,image_BS1_5632_17_15_26.jpg,37
5016,image_BS1_5633_17_15_26.jpg,37
5017,image_BS1_5634_17_15_26.jpg,37
5018,image_BS1_5635_17_15_26.jpg,37
5019,image_BS1_5636_17_15_26.jpg,37
5020,image_BS1_5637_17_15_27.jpg,34
5021,image_BS1_5638_17_15_27.jpg,34
5022,image_BS1_5639_17_15_27.jpg,34
5023,image_BS1_5640_17_15_27.jpg,34
5024,image_BS1_5641_17_15_27.jpg,34
5025,image_BS1_5642_17_15_27.jpg,34
5026,image_BS1_5643_17_15_27.jpg,34
5027,image_BS1_5644_17_15_27.jpg,34
5028,image_BS1_5645_17_15_28.jpg,33
5029,image_BS1_5646_17_15_28.jpg,32
5030,image_BS1_5647_17_15_29.jpg,31
5031,image_BS1_5648_17_15_30.jpg,29
5032,image_BS1_5649_17_15_30.jpg,29
5033,image_BS1_5650_17_15_30.jpg,29
5034,image_BS1_5651_17_15_30.jpg,29
5035,image_BS1_5652_17_15_30.jpg,29
5036,image_BS1_5653_17_15_30.jpg,29
5037,image_BS1_5654_17_15_31.jpg,29
5038,image_BS1_5655_17_15_31.jpg,29
5039,image_BS1_5656_17_15_31.jpg,29
5040,image_BS1_5657_17_15_31.jpg,29
5041,image_BS1_5658_17_15_31.jpg,29
5042,image_BS1_5659_17_15_31.jpg,29
5043,image_BS1_5660_17_15_31.jpg,29
5044,image_BS1_5661_17_15_32.jpg,29
5045,image_BS1_5662_17_15_32.jpg,29
5046,image_BS1_5663_17_15_32.jpg,29
5047,image_BS1_5664_17_15_32.jpg,28
5048,image_BS1_5665_17_15_32.jpg,28
5049,image_BS1_5666_17_15_32.jpg,29
5050,image_BS1_5667_17_15_32.jpg,29
5051,image_BS1_5668_17_15_32.jpg,28
5052,image_BS1_5669_17_15_33.jpg,28
5053,image_BS1_5670_17_15_33.jpg,28
5054,image_BS1_5671_17_15_33.jpg,29
5055,image_BS1_5672_17_15_33.jpg,29
5056,image_BS1_5673_17_15_33.jpg,28
5057,image_BS1_5674_17_15_33.jpg,29
5058,image_BS1_5675_17_15_33.jpg,29
5059,image_BS1_5676_17_15_33.jpg,29
5060,image_BS1_5677_17_15_34.jpg,29
5061,image_BS1_5678_17_15_34.jpg,29
5062,image_BS1_5679_17_15_34.jpg,29
5063,image_BS1_5680_17_15_34.jpg,29
5064,image_BS1_5681_17_15_34.jpg,29
5065,image_BS1_5682_17_15_34.jpg,29
5066,image_BS1_5683_17_15_34.jpg,29
5067,image_BS1_5684_17_15_35.jpg,29
5068,image_BS1_5685_17_15_35.jpg,29
5069,image_BS1_5686_17_15_35.jpg,29
5070,image_BS1_5687_17_15_35.jpg,29
5071,image_BS1_5688_17_15_35.jpg,29
5072,image_BS1_5689_17_15_35.jpg,29
5073,image_BS1_5690_17_15_35.jpg,29
5074,image_BS1_5691_17_15_36.jpg,29
5075,image_BS1_5692_17_15_36.jpg,29
5076,image_BS1_5693_17_15_36.jpg,29
5077,image_BS1_5694_17_15_36.jpg,29
5078,image_BS1_5695_17_15_36.jpg,29
5079,image_BS1_5696_17_15_36.jpg,30
5080,image_BS1_5697_17_15_36.jpg,30
5081,image_BS1_5698_17_15_36.jpg,32
5082,image_BS1_5699_17_15_37.jpg,32
5083,image_BS1_5700_17_15_37.jpg,31
5084,image_BS1_5701_17_15_37.jpg,32
5085,image_BS1_5702_17_15_37.jpg,32
5086,image_BS1_5703_17_15_37.jpg,33
5087,image_BS1_5704_17_15_37.jpg,33
5088,image_BS1_5705_17_15_38.jpg,34
5089,image_BS1_5706_17_15_38.jpg,34
5090,image_BS1_5707_17_15_38.jpg,37
5091,image_BS1_5708_17_15_38.jpg,37
5092,image_BS1_5709_17_15_39.jpg,38
5093,image_BS1_5710_17_15_39.jpg,39
5094,image_BS1_5711_17_15_39.jpg,39
5095,image_BS1_5712_17_15_39.jpg,44
5096,image_BS1_5713_17_15_39.jpg,44
5097,image_BS1_5714_17_15_39.jpg,43
5098,image_BS1_5715_17_15_40.jpg,46
5099,image_BS1_5716_17_15_40.jpg,43
5100,image_BS1_5717_17_15_40.jpg,44
5101,image_BS1_5718_17_15_42.jpg,34
5102,image_BS1_5719_17_15_42.jpg,29
5103,image_BS1_5720_17_15_43.jpg,29
5104,image_BS1_5721_17_15_43.jpg,29
5105,image_BS1_5722_17_15_43.jpg,29
5106,image_BS1_5723_17_15_43.jpg,27
5107,image_BS1_5724_17_15_43.jpg,29
5108,image_BS1_5725_17_15_43.jpg,28
5109,image_BS1_5726_17_15_43.jpg,28
5110,image_BS1_5727_17_15_43.jpg,26
5111,image_BS1_5728_17_15_44.jpg,27
5112,image_BS1_5729_17_15_44.jpg,26
5113,image_BS1_5730_17_15_44.jpg,27
5114,image_BS1_5731_17_15_44.jpg,27
5115,image_BS1_5732_17_15_44.jpg,27
5116,image_BS1_5733_17_15_44.jpg,26
5117,image_BS1_5734_17_15_44.jpg,26
5118,image_BS1_5735_17_15_45.jpg,26
5119,image_BS1_5736_17_15_45.jpg,26
5120,image_BS1_5737_17_15_45.jpg,26
5121,image_BS1_5738_17_15_45.jpg,25
5122,image_BS1_5739_17_15_45.jpg,23
5123,image_BS1_5740_17_15_45.jpg,23
5124,image_BS1_5741_17_15_45.jpg,22
5125,image_BS1_5742_17_15_46.jpg,22
5126,image_BS1_5743_17_15_46.jpg,22
5127,image_BS1_5744_17_15_46.jpg,21
5128,image_BS1_5745_17_15_46.jpg,21
5129,image_BS1_5746_17_15_46.jpg,20
5130,image_BS1_5747_17_15_46.jpg,33
5131,image_BS1_5748_17_15_46.jpg,16
5132,image_BS1_5749_17_15_47.jpg,16
5133,image_BS1_5750_17_15_47.jpg,14
5134,image_BS1_5751_17_15_47.jpg,17
5135,image_BS1_5752_17_15_47.jpg,17
5136,image_BS1_5753_17_15_47.jpg,14
5137,image_BS1_5754_17_15_47.jpg,14
5138,image_BS1_5755_17_15_47.jpg,14
5139,image_BS1_5756_17_15_48.jpg,14
5140,image_BS1_5757_17_15_48.jpg,17
5141,image_BS1_5758_17_15_48.jpg,14
5142,image_BS1_5759_17_15_48.jpg,15
5143,image_BS1_5760_17_15_48.jpg,15
5144,image_BS1_5761_17_15_48.jpg,15
5145,image_BS1_5762_17_15_48.jpg,16
5146,image_BS1_5763_17_15_48.jpg,16
5147,image_BS1_5764_17_15_49.jpg,17
5148,image_BS1_5765_17_15_49.jpg,17
5149,image_BS1_5766_17_15_49.jpg,17
5150,image_BS1_5767_17_15_49.jpg,17
5151,image_BS1_5768_17_15_50.jpg,22
5152,image_BS1_5769_17_15_50.jpg,22
5153,image_BS1_5770_17_15_50.jpg,39
5154,image_BS1_5771_17_15_50.jpg,26
5155,image_BS1_5772_17_15_50.jpg,39
5156,image_BS1_5773_17_15_50.jpg,28
5157,image_BS1_5774_17_15_51.jpg,29
5158,image_BS1_5775_17_15_51.jpg,29
5159,image_BS1_5776_17_15_51.jpg,32
5160,image_BS1_5777_17_15_51.jpg,33
5161,image_BS1_5778_17_15_51.jpg,34
5162,image_BS1_5779_17_15_51.jpg,39
5163,image_BS1_5780_17_15_51.jpg,38
5164,image_BS1_5781_17_15_51.jpg,38
5165,image_BS1_5782_17_15_52.jpg,38
5166,image_BS1_5783_17_15_52.jpg,39
5167,image_BS1_5784_17_15_52.jpg,39
5168,image_BS1_5785_17_15_52.jpg,39
5169,image_BS1_5786_17_15_52.jpg,40
5170,image_BS1_5787_17_15_52.jpg,39
5171,image_BS1_5788_17_15_52.jpg,39
5172,image_BS1_5789_17_15_53.jpg,39
5173,image_BS1_5790_17_15_53.jpg,39
5174,image_BS1_5791_17_15_53.jpg,39
5175,image_BS1_5792_17_15_53.jpg,39
5176,image_BS1_5793_17_15_53.jpg,39
5177,image_BS1_5794_17_15_53.jpg,39
5178,image_BS1_5795_17_15_53.jpg,38
5179,image_BS1_5796_17_15_54.jpg,39
5180,image_BS1_5797_17_15_54.jpg,39
5181,image_BS1_5798_17_15_54.jpg,34
5182,image_BS1_5799_17_15_54.jpg,33
5183,image_BS1_5800_17_15_54.jpg,31
5184,image_BS1_5801_17_15_55.jpg,29
5185,image_BS1_5802_17_15_55.jpg,29
5186,image_BS1_5803_17_15_55.jpg,27
5187,image_BS1_5804_17_15_55.jpg,26
5188,image_BS1_5805_17_15_55.jpg,26
5189,image_BS1_5806_17_15_55.jpg,23
5190,image_BS1_5807_17_15_55.jpg,23
5191,image_BS1_5808_17_15_56.jpg,22
5192,image_BS1_5809_17_15_56.jpg,21
5193,image_BS1_5810_17_15_56.jpg,17
5194,image_BS1_5811_17_15_56.jpg,17
5195,image_BS1_5812_17_15_56.jpg,17
5196,image_BS1_5813_17_15_56.jpg,17
5197,image_BS1_5814_17_15_57.jpg,17
5198,image_BS1_5815_17_15_57.jpg,16
5199,image_BS1_5816_17_15_57.jpg,17
5200,image_BS1_5817_17_15_57.jpg,17
5201,image_BS1_5818_17_15_58.jpg,17
5202,image_BS1_5819_17_15_58.jpg,17
5203,image_BS1_5820_17_15_58.jpg,17
5204,image_BS1_5821_17_15_58.jpg,14
5205,image_BS1_5822_17_15_59.jpg,26
5206,image_BS1_5823_17_15_59.jpg,26
5207,image_BS1_5824_17_15_59.jpg,27
5208,image_BS1_5825_17_15_59.jpg,27
5209,image_BS1_5826_17_16_00.jpg,29
5210,image_BS1_5827_17_16_00.jpg,29
5211,image_BS1_5828_17_16_00.jpg,29
5212,image_BS1_5829_17_16_00.jpg,32
5213,image_BS1_5830_17_16_00.jpg,33
5214,image_BS1_5831_17_16_00.jpg,34
5215,image_BS1_5832_17_16_00.jpg,33
5216,image_BS1_5833_17_16_01.jpg,34
5217,image_BS1_5834_17_16_01.jpg,37
5218,image_BS1_5835_17_16_01.jpg,37
5219,image_BS1_5836_17_16_01.jpg,37
5220,image_BS1_5837_17_16_01.jpg,37
5221,image_BS1_5838_17_16_01.jpg,38
5222,image_BS1_5839_17_16_01.jpg,37
5223,image_BS1_5840_17_16_02.jpg,14
5224,image_BS1_5841_17_16_02.jpg,44
5225,image_BS1_5842_17_16_02.jpg,38
5226,image_BS1_5843_17_16_02.jpg,38
5227,image_BS1_5844_17_16_02.jpg,39
5228,image_BS1_5845_17_16_06.jpg,11
5229,image_BS1_5846_17_16_06.jpg,11
5230,image_BS1_5847_17_16_06.jpg,11
5231,image_BS1_5848_17_16_07.jpg,11
5232,image_BS1_5849_17_16_07.jpg,14
5233,image_BS1_5850_17_16_07.jpg,13
5234,image_BS1_5851_17_16_07.jpg,13
5235,image_BS1_5852_17_16_07.jpg,14
5236,image_BS1_5853_17_16_07.jpg,14
5237,image_BS1_5854_17_16_07.jpg,14
5238,image_BS1_5855_17_16_07.jpg,14
5239,image_BS1_5856_17_16_08.jpg,14
5240,image_BS1_5857_17_16_08.jpg,14
5241,image_BS1_5858_17_16_08.jpg,16
5242,image_BS1_5859_17_16_08.jpg,17
5243,image_BS1_5860_17_16_08.jpg,17
5244,image_BS1_5861_17_16_08.jpg,17
5245,image_BS1_5862_17_16_08.jpg,17
5246,image_BS1_5863_17_16_08.jpg,19
5247,image_BS1_5864_17_16_09.jpg,21
5248,image_BS1_5865_17_16_09.jpg,21
5249,image_BS1_5866_17_16_09.jpg,22
5250,image_BS1_5867_17_16_09.jpg,22
5251,image_BS1_5868_17_16_09.jpg,23
5252,image_BS1_5869_17_16_09.jpg,26
5253,image_BS1_5870_17_16_10.jpg,27
5254,image_BS1_5871_17_16_11.jpg,26
5255,image_BS1_5872_17_16_11.jpg,26
5256,image_BS1_5873_17_16_11.jpg,26
5257,image_BS1_5874_17_16_11.jpg,26
5258,image_BS1_5875_17_16_11.jpg,23
5259,image_BS1_5876_17_16_12.jpg,23
5260,image_BS1_5877_17_16_12.jpg,23
5261,image_BS1_5878_17_16_12.jpg,22
5262,image_BS1_5879_17_16_12.jpg,22
5263,image_BS1_5880_17_16_12.jpg,22
5264,image_BS1_5881_17_16_12.jpg,22
5265,image_BS1_5882_17_16_12.jpg,22
5266,image_BS1_5883_17_16_13.jpg,23
5267,image_BS1_5884_17_16_13.jpg,23
5268,image_BS1_5885_17_16_13.jpg,23
5269,image_BS1_5886_17_16_13.jpg,23
5270,image_BS1_5887_17_16_13.jpg,26
5271,image_BS1_5888_17_16_13.jpg,27
5272,image_BS1_5889_17_16_13.jpg,26
5273,image_BS1_5890_17_16_13.jpg,27
5274,image_BS1_5891_17_16_14.jpg,27
5275,image_BS1_5892_17_16_14.jpg,27
5276,image_BS1_5893_17_16_14.jpg,27
5277,image_BS1_5894_17_16_14.jpg,27
5278,image_BS1_5895_17_16_14.jpg,27
5279,image_BS1_5896_17_16_14.jpg,27
5280,image_BS1_5897_17_16_14.jpg,26
5281,image_BS1_5898_17_16_15.jpg,26
5282,image_BS1_5899_17_16_15.jpg,26
5283,image_BS1_5900_17_16_15.jpg,26
5284,image_BS1_5901_17_16_15.jpg,26
5285,image_BS1_5902_17_16_15.jpg,26
5286,image_BS1_5903_17_16_15.jpg,26
5287,image_BS1_5904_17_16_15.jpg,26
5288,image_BS1_5905_17_16_16.jpg,26
5289,image_BS1_5906_17_16_16.jpg,26
5290,image_BS1_5907_17_16_16.jpg,27
5291,image_BS1_5908_17_16_16.jpg,27
5292,image_BS1_5909_17_16_16.jpg,27
5293,image_BS1_5910_17_16_16.jpg,29
5294,image_BS1_5911_17_16_16.jpg,29
5295,image_BS1_5912_17_16_16.jpg,29
5296,image_BS1_5913_17_16_17.jpg,29
5297,image_BS1_5914_17_16_17.jpg,29
5298,image_BS1_5915_17_16_17.jpg,29
5299,image_BS1_5916_17_16_17.jpg,30
5300,image_BS1_5917_17_16_17.jpg,32
5301,image_BS1_5918_17_16_17.jpg,31
5302,image_BS1_5919_17_16_17.jpg,32
5303,image_BS1_5920_17_16_17.jpg,32
5304,image_BS1_5921_17_16_18.jpg,32
5305,image_BS1_5922_17_16_18.jpg,32
5306,image_BS1_5923_17_16_18.jpg,32
5307,image_BS1_5924_17_16_18.jpg,31
5308,image_BS1_5925_17_16_18.jpg,32
5309,image_BS1_5926_17_16_18.jpg,32
5310,image_BS1_5927_17_16_18.jpg,32
5311,image_BS1_5928_17_16_19.jpg,32
5312,image_BS1_5929_17_16_19.jpg,32
5313,image_BS1_5930_17_16_19.jpg,32
5314,image_BS1_5931_17_16_19.jpg,32
5315,image_BS1_5932_17_16_19.jpg,32
5316,image_BS1_5933_17_16_19.jpg,32
5317,image_BS1_5934_17_16_20.jpg,32
5318,image_BS1_5935_17_16_20.jpg,32
5319,image_BS1_5936_17_16_20.jpg,32
5320,image_BS1_5937_17_16_20.jpg,32
5321,image_BS1_5938_17_16_20.jpg,32
5322,image_BS1_5939_17_16_20.jpg,32
5323,image_BS1_5940_17_16_20.jpg,32
5324,image_BS1_5941_17_16_20.jpg,32
5325,image_BS1_5942_17_16_21.jpg,32
5326,image_BS1_5943_17_16_21.jpg,32
5327,image_BS1_5944_17_16_21.jpg,32
5328,image_BS1_5945_17_16_21.jpg,32
5329,image_BS1_5946_17_16_21.jpg,32
5330,image_BS1_5947_17_16_21.jpg,32
5331,image_BS1_5948_17_16_22.jpg,32
5332,image_BS1_5949_17_16_22.jpg,32
5333,image_BS1_5950_17_16_22.jpg,32
5334,image_BS1_5951_17_16_22.jpg,32
5335,image_BS1_5952_17_16_22.jpg,32
5336,image_BS1_5953_17_16_23.jpg,31
5337,image_BS1_5954_17_16_23.jpg,32
5338,image_BS1_5955_17_16_23.jpg,31
5339,image_BS1_5956_17_16_23.jpg,31
5340,image_BS1_5957_17_16_23.jpg,32
5341,image_BS1_5958_17_16_23.jpg,31
5342,image_BS1_5959_17_16_24.jpg,32
5343,image_BS1_5960_17_16_24.jpg,31
5344,image_BS1_5961_17_16_24.jpg,30
5345,image_BS1_5962_17_16_24.jpg,31
5346,image_BS1_5963_17_16_24.jpg,31
5347,image_BS1_5964_17_16_24.jpg,31
5348,image_BS1_5965_17_16_25.jpg,31
5349,image_BS1_5966_17_16_25.jpg,32
5350,image_BS1_5967_17_16_25.jpg,32
5351,image_BS1_5968_17_16_25.jpg,33
5352,image_BS1_5969_17_16_25.jpg,32
5353,image_BS1_5970_17_16_25.jpg,32
5354,image_BS1_5971_17_16_25.jpg,32
5355,image_BS1_5972_17_16_26.jpg,33
5356,image_BS1_5973_17_16_26.jpg,45
5357,image_BS1_5974_17_16_26.jpg,32
5358,image_BS1_5975_17_16_26.jpg,33
5359,image_BS1_5976_17_16_26.jpg,33
5360,image_BS1_5977_17_16_26.jpg,32
5361,image_BS1_5978_17_16_26.jpg,32
5362,image_BS1_5979_17_16_26.jpg,31
5363,image_BS1_5980_17_16_27.jpg,29
5364,image_BS1_5981_17_16_29.jpg,32
5365,image_BS1_5982_17_16_29.jpg,32
5366,image_BS1_5983_17_16_29.jpg,32
5367,image_BS1_5984_17_16_29.jpg,32
5368,image_BS1_5985_17_16_30.jpg,32
5369,image_BS1_5986_17_16_30.jpg,32
5370,image_BS1_5987_17_16_30.jpg,33
5371,image_BS1_5988_17_16_30.jpg,32
5372,image_BS1_5989_17_16_30.jpg,32
5373,image_BS1_5990_17_16_30.jpg,32
5374,image_BS1_5991_17_16_30.jpg,32
5375,image_BS1_5992_17_16_31.jpg,32
5376,image_BS1_5993_17_16_31.jpg,32
5377,image_BS1_5994_17_16_31.jpg,32
5378,image_BS1_5995_17_16_31.jpg,32
5379,image_BS1_5996_17_16_31.jpg,32
5380,image_BS1_5997_17_16_31.jpg,32
5381,image_BS1_5998_17_16_31.jpg,32
5382,image_BS1_5999_17_16_31.jpg,32
5383,image_BS1_6000_17_16_32.jpg,32
5384,image_BS1_6001_17_16_32.jpg,32
5385,image_BS1_6002_17_16_32.jpg,32
5386,image_BS1_6003_17_16_32.jpg,32
5387,image_BS1_6004_17_16_32.jpg,32
5388,image_BS1_6005_17_16_32.jpg,32
5389,image_BS1_6006_17_16_32.jpg,32
5390,image_BS1_6007_17_16_33.jpg,32
5391,image_BS1_6008_17_16_33.jpg,32
5392,image_BS1_6009_17_16_33.jpg,32
5393,image_BS1_6010_17_16_33.jpg,32
5394,image_BS1_6011_17_16_33.jpg,32
5395,image_BS1_6012_17_16_33.jpg,32
5396,image_BS1_6013_17_16_33.jpg,30
5397,image_BS1_6014_17_16_33.jpg,29
5398,image_BS1_6015_17_16_34.jpg,29
5399,image_BS1_6016_17_16_34.jpg,29
5400,image_BS1_6017_17_16_34.jpg,29
5401,image_BS1_6018_17_16_34.jpg,27
5402,image_BS1_6019_17_16_34.jpg,27
5403,image_BS1_6020_17_16_34.jpg,27
5404,image_BS1_6021_17_16_34.jpg,26
5405,image_BS1_6022_17_16_34.jpg,25
5406,image_BS1_6023_17_16_35.jpg,26
5407,image_BS1_6024_17_16_35.jpg,26
5408,image_BS1_6025_17_16_35.jpg,23
5409,image_BS1_6026_17_16_35.jpg,23
5410,image_BS1_6027_17_16_35.jpg,23
5411,image_BS1_6028_17_16_35.jpg,23
5412,image_BS1_6029_17_16_35.jpg,23
5413,image_BS1_6030_17_16_36.jpg,26
5414,image_BS1_6031_17_16_36.jpg,26
5415,image_BS1_6032_17_16_36.jpg,26
5416,image_BS1_6033_17_16_36.jpg,26
5417,image_BS1_6034_17_16_36.jpg,27
5418,image_BS1_6035_17_16_36.jpg,27
5419,image_BS1_6036_17_16_36.jpg,27
5420,image_BS1_6037_17_16_36.jpg,27
5421,image_BS1_6038_17_16_37.jpg,27
5422,image_BS1_6039_17_16_37.jpg,27
5423,image_BS1_6040_17_16_37.jpg,27
5424,image_BS1_6041_17_16_37.jpg,27
5425,image_BS1_6042_17_16_37.jpg,29
5426,image_BS1_6043_17_16_37.jpg,29
5427,image_BS1_6044_17_16_38.jpg,29
5428,image_BS1_6045_17_16_38.jpg,29
5429,image_BS1_6046_17_16_38.jpg,29
5430,image_BS1_6047_17_16_38.jpg,29
5431,image_BS1_6048_17_16_38.jpg,29
5432,image_BS1_6049_17_16_38.jpg,29
5433,image_BS1_6050_17_16_38.jpg,29
5434,image_BS1_6051_17_16_38.jpg,29
5435,image_BS1_6052_17_16_39.jpg,29
5436,image_BS1_6053_17_16_39.jpg,29
5437,image_BS1_6054_17_16_39.jpg,29
5438,image_BS1_6055_17_16_39.jpg,30
5439,image_BS1_6056_17_16_39.jpg,31
5440,image_BS1_6057_17_16_39.jpg,31
5441,image_BS1_6058_17_16_39.jpg,31
5442,image_BS1_6059_17_16_40.jpg,32
5443,image_BS1_6060_17_16_41.jpg,33
5444,image_BS1_6061_17_16_41.jpg,33
5445,image_BS1_6062_17_16_41.jpg,34
5446,image_BS1_6063_17_16_42.jpg,33
5447,image_BS1_6064_17_16_42.jpg,34
5448,image_BS1_6065_17_16_43.jpg,34
5449,image_BS1_6066_17_16_43.jpg,34
5450,image_BS1_6067_17_16_43.jpg,34
5451,image_BS1_6068_17_16_43.jpg,34
5452,image_BS1_6069_17_16_43.jpg,34
5453,image_BS1_6070_17_16_43.jpg,34
5454,image_BS1_6071_17_16_43.jpg,34
5455,image_BS1_6072_17_16_44.jpg,34
5456,image_BS1_6073_17_16_44.jpg,34
5457,image_BS1_6074_17_16_44.jpg,34
5458,image_BS1_6075_17_16_44.jpg,34
5459,image_BS1_6076_17_16_44.jpg,34
5460,image_BS1_6077_17_16_44.jpg,34
5461,image_BS1_6078_17_16_44.jpg,34
5462,image_BS1_6079_17_16_45.jpg,34
5463,image_BS1_6080_17_16_45.jpg,34
5464,image_BS1_6081_17_16_45.jpg,34
5465,image_BS1_6082_17_16_45.jpg,34
5466,image_BS1_6083_17_16_45.jpg,34
5467,image_BS1_6084_17_16_45.jpg,34
5468,image_BS1_6085_17_16_45.jpg,34
5469,image_BS1_6086_17_16_46.jpg,34
5470,image_BS1_6087_17_16_46.jpg,34
5471,image_BS1_6088_17_16_46.jpg,34
5472,image_BS1_6089_17_16_46.jpg,34
5473,image_BS1_6090_17_16_46.jpg,34
5474,image_BS1_6091_17_16_46.jpg,34
5475,image_BS1_6092_17_16_46.jpg,34
5476,image_BS1_6093_17_16_46.jpg,34
5477,image_BS1_6094_17_16_47.jpg,34
5478,image_BS1_6095_17_16_47.jpg,34
5479,image_BS1_6096_17_16_47.jpg,34
5480,image_BS1_6097_17_16_47.jpg,34
5481,image_BS1_6098_17_16_48.jpg,34
5482,image_BS1_6099_17_16_48.jpg,34
5483,image_BS1_6100_17_16_48.jpg,33
5484,image_BS1_6101_17_16_48.jpg,34
5485,image_BS1_6102_17_16_49.jpg,33
5486,image_BS1_6103_17_16_49.jpg,34
5487,image_BS1_6104_17_44_33.jpg,42
5488,image_BS1_6105_17_44_33.jpg,42
5489,image_BS1_6106_17_44_33.jpg,42
5490,image_BS1_6107_17_44_33.jpg,42
5491,image_BS1_6108_17_44_33.jpg,42
5492,image_BS1_6109_17_44_33.jpg,42
5493,image_BS1_6110_17_44_33.jpg,42
5494,image_BS1_6111_17_44_33.jpg,42
5495,image_BS1_6112_17_44_34.jpg,42
5496,image_BS1_6113_17_44_34.jpg,42
5497,image_BS1_6114_17_44_34.jpg,42
5498,image_BS1_6115_17_44_34.jpg,42
5499,image_BS1_6116_17_44_34.jpg,42
5500,image_BS1_6117_17_44_34.jpg,42
5501,image_BS1_6118_17_44_34.jpg,42
5502,image_BS1_6119_17_44_35.jpg,42
5503,image_BS1_6120_17_44_35.jpg,42
5504,image_BS1_6121_17_44_35.jpg,42
5505,image_BS1_6122_17_44_35.jpg,42
5506,image_BS1_6123_17_44_35.jpg,42
5507,image_BS1_6124_17_44_35.jpg,42
5508,image_BS1_6125_17_44_35.jpg,42
5509,image_BS1_6126_17_44_35.jpg,42
5510,image_BS1_6127_17_44_36.jpg,42
5511,image_BS1_6128_17_44_36.jpg,42
5512,image_BS1_6129_17_44_36.jpg,42
5513,image_BS1_6130_17_44_36.jpg,42
5514,image_BS1_6131_17_44_36.jpg,42
5515,image_BS1_6132_17_44_36.jpg,42
5516,image_BS1_6133_17_44_36.jpg,42
5517,image_BS1_6134_17_44_36.jpg,42
5518,image_BS1_6135_17_44_37.jpg,42
5519,image_BS1_6136_17_44_37.jpg,42
5520,image_BS1_6137_17_44_37.jpg,42
5521,image_BS1_6138_17_44_37.jpg,40
5522,image_BS1_6139_17_44_37.jpg,40
5523,image_BS1_6140_17_44_37.jpg,40
5524,image_BS1_6141_17_44_37.jpg,40
5525,image_BS1_6142_17_44_38.jpg,40
5526,image_BS1_6143_17_44_38.jpg,39
5527,image_BS1_6144_17_44_38.jpg,39
5528,image_BS1_6145_17_44_38.jpg,39
5529,image_BS1_6146_17_44_38.jpg,39
5530,image_BS1_6147_17_44_38.jpg,39
5531,image_BS1_6148_17_44_38.jpg,39
5532,image_BS1_6149_17_44_38.jpg,39
5533,image_BS1_6150_17_44_39.jpg,39
5534,image_BS1_6151_17_44_39.jpg,39
5535,image_BS1_6152_17_44_39.jpg,39
5536,image_BS1_6153_17_44_39.jpg,38
5537,image_BS1_6154_17_44_39.jpg,38
5538,image_BS1_6155_17_44_39.jpg,37
5539,image_BS1_6156_17_44_39.jpg,37
5540,image_BS1_6157_17_44_40.jpg,37
5541,image_BS1_6158_17_44_40.jpg,37
5542,image_BS1_6159_17_44_40.jpg,34
5543,image_BS1_6160_17_44_40.jpg,34
5544,image_BS1_6161_17_44_40.jpg,34
5545,image_BS1_6162_17_44_40.jpg,34
5546,image_BS1_6163_17_44_40.jpg,34
5547,image_BS1_6164_17_44_41.jpg,34
5548,image_BS1_6165_17_44_41.jpg,34
5549,image_BS1_6166_17_44_41.jpg,34
5550,image_BS1_6167_17_44_41.jpg,34
5551,image_BS1_6168_17_44_41.jpg,34
5552,image_BS1_6169_17_44_41.jpg,33
5553,image_BS1_6170_17_44_42.jpg,33
5554,image_BS1_6171_17_44_42.jpg,32
5555,image_BS1_6172_17_44_42.jpg,32
5556,image_BS1_6173_17_44_42.jpg,32
5557,image_BS1_6174_17_44_42.jpg,32
5558,image_BS1_6175_17_44_42.jpg,32
5559,image_BS1_6176_17_44_42.jpg,31
5560,image_BS1_6177_17_44_42.jpg,32
5561,image_BS1_6178_17_44_43.jpg,31
5562,image_BS1_6179_17_44_43.jpg,30
5563,image_BS1_6180_17_44_43.jpg,29
5564,image_BS1_6181_17_44_43.jpg,29
5565,image_BS1_6182_17_44_43.jpg,29
5566,image_BS1_6183_17_44_43.jpg,29
5567,image_BS1_6184_17_44_43.jpg,29
5568,image_BS1_6185_17_44_44.jpg,29
5569,image_BS1_6186_17_44_44.jpg,29
5570,image_BS1_6187_17_44_44.jpg,29
5571,image_BS1_6188_17_44_44.jpg,29
5572,image_BS1_6189_17_44_44.jpg,29
5573,image_BS1_6190_17_44_44.jpg,29
5574,image_BS1_6191_17_44_44.jpg,29
5575,image_BS1_6192_17_44_44.jpg,29
5576,image_BS1_6193_17_44_45.jpg,29
5577,image_BS1_6194_17_44_45.jpg,29
5578,image_BS1_6195_17_44_45.jpg,29
5579,image_BS1_6196_17_44_45.jpg,29
5580,image_BS1_6197_17_44_45.jpg,29
5581,image_BS1_6198_17_44_45.jpg,29
5582,image_BS1_6199_17_44_45.jpg,29
5583,image_BS1_6200_17_44_46.jpg,29
5584,image_BS1_6201_17_44_46.jpg,31
5585,image_BS1_6202_17_44_46.jpg,32
5586,image_BS1_6203_17_44_46.jpg,32
5587,image_BS1_6204_17_44_46.jpg,32
5588,image_BS1_6205_17_44_46.jpg,34
5589,image_BS1_6206_17_44_46.jpg,33
5590,image_BS1_6207_17_44_46.jpg,34
5591,image_BS1_6208_17_44_47.jpg,34
5592,image_BS1_6209_17_44_47.jpg,34
5593,image_BS1_6210_17_44_47.jpg,34
5594,image_BS1_6211_17_44_47.jpg,34
5595,image_BS1_6212_17_44_47.jpg,37
5596,image_BS1_6213_17_44_47.jpg,37
5597,image_BS1_6214_17_44_47.jpg,37
5598,image_BS1_6215_17_44_48.jpg,37
5599,image_BS1_6216_17_44_48.jpg,38
5600,image_BS1_6217_17_44_48.jpg,38
5601,image_BS1_6218_17_44_48.jpg,39
5602,image_BS1_6219_17_44_48.jpg,39
5603,image_BS1_6220_17_44_48.jpg,39
5604,image_BS1_6221_17_44_48.jpg,39
5605,image_BS1_6222_17_44_48.jpg,39
5606,image_BS1_6223_17_44_49.jpg,39
5607,image_BS1_6224_17_44_49.jpg,39
5608,image_BS1_6225_17_44_49.jpg,39
5609,image_BS1_6226_17_44_49.jpg,39
5610,image_BS1_6227_17_44_49.jpg,39
5611,image_BS1_6228_17_44_49.jpg,39
5612,image_BS1_6229_17_44_49.jpg,39
5613,image_BS1_6230_17_44_50.jpg,39
5614,image_BS1_6231_17_44_50.jpg,39
5615,image_BS1_6232_17_44_50.jpg,39
5616,image_BS1_6233_17_44_50.jpg,39
5617,image_BS1_6234_17_44_50.jpg,39
5618,image_BS1_6235_17_44_50.jpg,39
5619,image_BS1_6236_17_44_50.jpg,39
5620,image_BS1_6237_17_44_50.jpg,39
5621,image_BS1_6238_17_44_51.jpg,39
5622,image_BS1_6239_17_44_51.jpg,39
5623,image_BS1_6240_17_44_51.jpg,38
5624,image_BS1_6241_17_44_51.jpg,38
5625,image_BS1_6242_17_44_51.jpg,37
5626,image_BS1_6243_17_44_51.jpg,37
5627,image_BS1_6244_17_44_51.jpg,37
5628,image_BS1_6245_17_44_52.jpg,37
5629,image_BS1_6246_17_44_52.jpg,37
5630,image_BS1_6247_17_44_52.jpg,34
5631,image_BS1_6248_17_44_52.jpg,34
5632,image_BS1_6249_17_44_52.jpg,34
5633,image_BS1_6250_17_44_52.jpg,34
5634,image_BS1_6251_17_44_52.jpg,34
5635,image_BS1_6252_17_44_53.jpg,34
5636,image_BS1_6253_17_44_53.jpg,34
5637,image_BS1_6254_17_44_53.jpg,34
5638,image_BS1_6255_17_44_53.jpg,33
5639,image_BS1_6256_17_44_53.jpg,32
5640,image_BS1_6257_17_44_53.jpg,32
5641,image_BS1_6258_17_44_53.jpg,32
5642,image_BS1_6259_17_44_53.jpg,32
5643,image_BS1_6260_17_44_54.jpg,31
5644,image_BS1_6261_17_44_54.jpg,29
5645,image_BS1_6262_17_44_54.jpg,29
5646,image_BS1_6263_17_44_54.jpg,29
5647,image_BS1_6264_17_44_54.jpg,29
5648,image_BS1_6265_17_44_54.jpg,29
5649,image_BS1_6266_17_44_54.jpg,29
5650,image_BS1_6267_17_44_55.jpg,29
5651,image_BS1_6268_17_44_55.jpg,29
5652,image_BS1_6269_17_44_55.jpg,29
5653,image_BS1_6270_17_44_55.jpg,29
5654,image_BS1_6271_17_44_55.jpg,29
5655,image_BS1_6272_17_44_55.jpg,29
5656,image_BS1_6273_17_44_55.jpg,29
5657,image_BS1_6274_17_44_56.jpg,29
5658,image_BS1_6275_17_44_56.jpg,29
5659,image_BS1_6276_17_44_56.jpg,29
5660,image_BS1_6277_17_44_56.jpg,29
5661,image_BS1_6278_17_44_56.jpg,29
5662,image_BS1_6279_17_44_56.jpg,29
5663,image_BS1_6280_17_44_56.jpg,29
5664,image_BS1_6281_17_44_56.jpg,29
5665,image_BS1_6282_17_44_57.jpg,29
5666,image_BS1_6283_17_44_57.jpg,29
5667,image_BS1_6284_17_44_57.jpg,29
5668,image_BS1_6285_17_44_57.jpg,29
5669,image_BS1_6286_17_44_57.jpg,29
5670,image_BS1_6287_17_44_57.jpg,29
5671,image_BS1_6288_17_44_57.jpg,29
5672,image_BS1_6289_17_44_58.jpg,29
5673,image_BS1_6290_17_44_58.jpg,29
5674,image_BS1_6291_17_44_58.jpg,29
5675,image_BS1_6292_17_44_58.jpg,29
5676,image_BS1_6293_17_44_58.jpg,29
5677,image_BS1_6294_17_44_58.jpg,29
5678,image_BS1_6295_17_44_58.jpg,29
5679,image_BS1_6296_17_44_58.jpg,29
5680,image_BS1_6297_17_44_59.jpg,29
5681,image_BS1_6298_17_44_59.jpg,29
5682,image_BS1_6299_17_44_59.jpg,29
5683,image_BS1_6300_17_44_59.jpg,29
5684,image_BS1_6301_17_44_59.jpg,29
5685,image_BS1_6302_17_44_59.jpg,29
5686,image_BS1_6303_17_44_59.jpg,29
5687,image_BS1_6304_17_45_00.jpg,29
5688,image_BS1_6305_17_45_00.jpg,29
5689,image_BS1_6306_17_45_00.jpg,29
5690,image_BS1_6307_17_45_00.jpg,29
5691,image_BS1_6308_17_45_00.jpg,29
5692,image_BS1_6309_17_45_00.jpg,29
5693,image_BS1_6310_17_45_01.jpg,29
5694,image_BS1_6311_17_45_01.jpg,29
5695,image_BS1_6312_17_45_01.jpg,29
5696,image_BS1_6313_17_45_01.jpg,29
5697,image_BS1_6314_17_45_01.jpg,29
5698,image_BS1_6315_17_45_01.jpg,29
5699,image_BS1_6316_17_45_01.jpg,29
5700,image_BS1_6317_17_45_01.jpg,29
5701,image_BS1_6318_17_45_02.jpg,29
5702,image_BS1_6319_17_45_02.jpg,29
5703,image_BS1_6320_17_45_02.jpg,29
5704,image_BS1_6321_17_45_02.jpg,29
5705,image_BS1_6322_17_45_02.jpg,29
5706,image_BS1_6323_17_45_02.jpg,29
5707,image_BS1_6324_17_45_02.jpg,29
5708,image_BS1_6325_17_45_02.jpg,29
5709,image_BS1_6326_17_45_03.jpg,29
5710,image_BS1_6327_17_45_03.jpg,29
5711,image_BS1_6328_17_45_03.jpg,29
5712,image_BS1_6329_17_45_03.jpg,29
5713,image_BS1_6330_17_45_03.jpg,29
5714,image_BS1_6331_17_45_03.jpg,29
5715,image_BS1_6332_17_45_03.jpg,29
5716,image_BS1_6333_17_45_04.jpg,29
5717,image_BS1_6334_17_45_04.jpg,29
5718,image_BS1_6335_17_45_04.jpg,29
5719,image_BS1_6336_17_45_04.jpg,29
5720,image_BS1_6337_17_45_04.jpg,29
5721,image_BS1_6338_17_45_04.jpg,29
5722,image_BS1_6339_17_45_04.jpg,30
5723,image_BS1_6340_17_45_04.jpg,31
5724,image_BS1_6341_17_45_05.jpg,31
5725,image_BS1_6342_17_45_05.jpg,31
5726,image_BS1_6343_17_45_05.jpg,32
5727,image_BS1_6344_17_45_05.jpg,31
5728,image_BS1_6345_17_45_05.jpg,32
5729,image_BS1_6346_17_45_05.jpg,31
5730,image_BS1_6347_17_45_06.jpg,32
5731,image_BS1_6348_17_45_06.jpg,32
5732,image_BS1_6349_17_45_06.jpg,32
5733,image_BS1_6350_17_45_06.jpg,31
5734,image_BS1_6351_17_45_06.jpg,32
5735,image_BS1_6352_17_45_06.jpg,32
5736,image_BS1_6353_17_45_06.jpg,31
5737,image_BS1_6354_17_45_07.jpg,32
5738,image_BS1_6355_17_45_07.jpg,32
5739,image_BS1_6356_17_45_07.jpg,32
5740,image_BS1_6357_17_45_07.jpg,32
5741,image_BS1_6358_17_45_07.jpg,32
5742,image_BS1_6359_17_45_07.jpg,32
5743,image_BS1_6360_17_45_07.jpg,32
5744,image_BS1_6361_17_45_07.jpg,33
5745,image_BS1_6362_17_45_08.jpg,32
5746,image_BS1_6363_17_45_08.jpg,32
5747,image_BS1_6364_17_45_08.jpg,32
5748,image_BS1_6365_17_45_08.jpg,32
5749,image_BS1_6366_17_45_08.jpg,32
5750,image_BS1_6367_17_45_08.jpg,32
5751,image_BS1_6368_17_45_08.jpg,32
5752,image_BS1_6369_17_45_09.jpg,32
5753,image_BS1_6370_17_45_09.jpg,32
5754,image_BS1_6371_17_45_09.jpg,32
5755,image_BS1_6372_17_45_09.jpg,32
5756,image_BS1_6373_17_45_09.jpg,32
5757,image_BS1_6374_17_45_09.jpg,32
5758,image_BS1_6375_17_45_09.jpg,33
5759,image_BS1_6376_17_45_09.jpg,33
5760,image_BS1_6377_17_45_10.jpg,32
5761,image_BS1_6378_17_45_10.jpg,32
5762,image_BS1_6379_17_45_10.jpg,32
5763,image_BS1_6380_17_45_10.jpg,32
5764,image_BS1_6381_17_45_10.jpg,32
5765,image_BS1_6382_17_45_10.jpg,32
5766,image_BS1_6383_17_45_10.jpg,32
5767,image_BS1_6384_17_45_11.jpg,32
5768,image_BS1_6385_17_45_11.jpg,32
5769,image_BS1_6386_17_45_11.jpg,32
5770,image_BS1_6387_17_45_11.jpg,32
5771,image_BS1_6388_17_45_11.jpg,32
5772,image_BS1_6389_17_45_11.jpg,32
5773,image_BS1_6390_17_45_11.jpg,32
5774,image_BS1_6391_17_45_11.jpg,32
5775,image_BS1_6392_17_45_12.jpg,32
5776,image_BS1_6393_17_45_12.jpg,32
5777,image_BS1_6394_17_45_12.jpg,32
5778,image_BS1_6395_17_45_12.jpg,32
5779,image_BS1_6396_17_45_12.jpg,32
5780,image_BS1_6397_17_45_12.jpg,32
5781,image_BS1_6398_17_45_12.jpg,32
5782,image_BS1_6399_17_45_12.jpg,32
5783,image_BS1_6400_17_45_13.jpg,32
5784,image_BS1_6401_17_45_13.jpg,32
5785,image_BS1_6402_17_45_13.jpg,32
5786,image_BS1_6403_17_45_13.jpg,32
5787,image_BS1_6404_17_45_13.jpg,32
5788,image_BS1_6405_17_45_13.jpg,32
5789,image_BS1_6406_17_45_13.jpg,32
5790,image_BS1_6407_17_45_14.jpg,32
5791,image_BS1_6408_17_45_14.jpg,32
5792,image_BS1_6409_17_45_14.jpg,32
5793,image_BS1_6410_17_45_14.jpg,32
5794,image_BS1_6411_17_45_14.jpg,32
5795,image_BS1_6412_17_45_14.jpg,32
5796,image_BS1_6413_17_45_14.jpg,32
5797,image_BS1_6414_17_45_15.jpg,31
5798,image_BS1_6415_17_45_15.jpg,32
5799,image_BS1_6416_17_45_15.jpg,32
5800,image_BS1_6417_17_45_15.jpg,32
5801,image_BS1_6418_17_45_15.jpg,32
5802,image_BS1_6419_17_45_15.jpg,32
5803,image_BS1_6420_17_45_16.jpg,32
5804,image_BS1_6421_17_45_16.jpg,32
5805,image_BS1_6422_17_45_16.jpg,32
5806,image_BS1_6423_17_45_16.jpg,32
5807,image_BS1_6424_17_45_16.jpg,32
5808,image_BS1_6425_17_45_16.jpg,32
5809,image_BS1_6426_17_45_16.jpg,32
5810,image_BS1_6427_17_45_17.jpg,32
5811,image_BS1_6428_17_45_17.jpg,31
5812,image_BS1_6429_17_45_17.jpg,32
5813,image_BS1_6430_17_45_17.jpg,32
5814,image_BS1_6431_17_45_17.jpg,32
5815,image_BS1_6432_17_45_17.jpg,31
5816,image_BS1_6433_17_45_17.jpg,31
5817,image_BS1_6434_17_45_17.jpg,32
5818,image_BS1_6435_17_45_18.jpg,32
5819,image_BS1_6436_17_45_18.jpg,32
5820,image_BS1_6437_17_45_18.jpg,31
5821,image_BS1_6438_17_45_18.jpg,31
5822,image_BS1_6439_17_45_18.jpg,31
5823,image_BS1_6440_17_45_18.jpg,31
5824,image_BS1_6441_17_45_18.jpg,32
5825,image_BS1_6442_17_45_19.jpg,31
5826,image_BS1_6443_17_45_19.jpg,31
5827,image_BS1_6444_17_45_19.jpg,31
5828,image_BS1_6445_17_45_19.jpg,31
5829,image_BS1_6446_17_45_19.jpg,31
5830,image_BS1_6447_17_45_19.jpg,31
5831,image_BS1_6448_17_45_19.jpg,31
5832,image_BS1_6449_17_45_19.jpg,31
5833,image_BS1_6450_17_45_20.jpg,30
5834,image_BS1_6451_17_45_20.jpg,30
5835,image_BS1_6452_17_45_20.jpg,29
5836,image_BS1_6453_17_45_20.jpg,29
5837,image_BS1_6454_17_45_20.jpg,29
5838,image_BS1_6455_17_45_20.jpg,29
5839,image_BS1_6456_17_45_21.jpg,29
5840,image_BS1_6457_17_45_21.jpg,30
5841,image_BS1_6458_17_45_21.jpg,29
5842,image_BS1_6459_17_45_21.jpg,29
5843,image_BS1_6460_17_45_21.jpg,29
5844,image_BS1_6461_17_45_21.jpg,29
5845,image_BS1_6462_17_45_21.jpg,29
5846,image_BS1_6463_17_45_21.jpg,29
5847,image_BS1_6464_17_45_22.jpg,29
5848,image_BS1_6465_17_45_22.jpg,29
5849,image_BS1_6466_17_45_22.jpg,29
5850,image_BS1_6467_17_45_22.jpg,29
5851,image_BS1_6468_17_45_22.jpg,29
5852,image_BS1_6469_17_45_22.jpg,29
5853,image_BS1_6470_17_45_23.jpg,29
5854,image_BS1_6471_17_45_23.jpg,29
5855,image_BS1_6472_17_45_23.jpg,29
5856,image_BS1_6473_17_45_23.jpg,29
5857,image_BS1_6474_17_45_23.jpg,29
5858,image_BS1_6475_17_45_23.jpg,29
5859,image_BS1_6476_17_45_23.jpg,29
5860,image_BS1_6477_17_45_23.jpg,29
5861,image_BS1_6478_17_45_24.jpg,29
5862,image_BS1_6479_17_45_24.jpg,29
5863,image_BS1_6480_17_45_24.jpg,29
5864,image_BS1_6481_17_45_24.jpg,29
5865,image_BS1_6482_17_45_24.jpg,29
5866,image_BS1_6483_17_45_24.jpg,29
5867,image_BS1_6484_17_45_24.jpg,29
5868,image_BS1_6485_17_45_25.jpg,29
5869,image_BS1_6486_17_45_25.jpg,29
5870,image_BS1_6487_17_45_25.jpg,29
5871,image_BS1_6488_17_45_25.jpg,29
5872,image_BS1_6489_17_45_25.jpg,29
5873,image_BS1_6490_17_45_25.jpg,29
5874,image_BS1_6491_17_45_25.jpg,29
5875,image_BS1_6492_17_45_26.jpg,29
5876,image_BS1_6493_17_45_26.jpg,29
5877,image_BS1_6494_17_45_26.jpg,29
5878,image_BS1_6495_17_45_26.jpg,29
5879,image_BS1_6496_17_45_26.jpg,29
5880,image_BS1_6497_17_45_26.jpg,29
5881,image_BS1_6498_17_45_26.jpg,29
5882,image_BS1_6499_17_45_27.jpg,29
5883,image_BS1_6500_17_45_27.jpg,29
5884,image_BS1_6501_17_45_27.jpg,29
5885,image_BS1_6502_17_45_27.jpg,29
5886,image_BS1_6503_17_45_27.jpg,29
5887,image_BS1_6504_17_45_27.jpg,29
5888,image_BS1_6505_17_45_27.jpg,29
5889,image_BS1_6506_17_45_28.jpg,29
5890,image_BS1_6507_17_45_28.jpg,29
5891,image_BS1_6508_17_45_28.jpg,29
5892,image_BS1_6509_17_45_28.jpg,29
5893,image_BS1_6510_17_45_28.jpg,29
5894,image_BS1_6511_17_45_28.jpg,29
5895,image_BS1_6512_17_45_28.jpg,29
5896,image_BS1_6513_17_45_29.jpg,29
5897,image_BS1_6514_17_45_29.jpg,29
5898,image_BS1_6515_17_45_29.jpg,29
5899,image_BS1_6516_17_45_29.jpg,29
5900,image_BS1_6517_17_45_29.jpg,29
5901,image_BS1_6518_17_45_29.jpg,29
5902,image_BS1_6519_17_45_29.jpg,29
5903,image_BS1_6520_17_45_30.jpg,29
5904,image_BS1_6521_17_45_30.jpg,29
5905,image_BS1_6522_17_45_30.jpg,29
5906,image_BS1_6523_17_45_30.jpg,29
5907,image_BS1_6524_17_45_30.jpg,29
5908,image_BS1_6525_17_45_30.jpg,29
5909,image_BS1_6526_17_45_31.jpg,29
5910,image_BS1_6527_17_45_31.jpg,29
5911,image_BS1_6528_17_45_31.jpg,29
5912,image_BS1_6529_17_45_31.jpg,29
5913,image_BS1_6530_17_45_31.jpg,29
5914,image_BS1_6531_17_45_31.jpg,29
5915,image_BS1_6532_17_45_31.jpg,29
5916,image_BS1_6533_17_45_32.jpg,29
5917,image_BS1_6534_17_45_32.jpg,29
5918,image_BS1_6535_17_45_32.jpg,29
5919,image_BS1_6536_17_45_32.jpg,29
5920,image_BS1_6537_17_45_32.jpg,29
5921,image_BS1_6538_17_45_32.jpg,29
5922,image_BS1_6539_17_45_32.jpg,29
5923,image_BS1_6540_17_45_33.jpg,29
5924,image_BS1_6541_17_45_33.jpg,29
5925,image_BS1_6542_17_45_33.jpg,29
5926,image_BS1_6543_17_45_33.jpg,29
5927,image_BS1_6544_17_45_33.jpg,29
5928,image_BS1_6545_17_45_33.jpg,29
5929,image_BS1_6546_17_45_33.jpg,29
5930,image_BS1_6547_17_45_33.jpg,29
5931,image_BS1_6548_17_45_34.jpg,29
5932,image_BS1_6549_17_45_34.jpg,29
5933,image_BS1_6550_17_45_34.jpg,29
5934,image_BS1_6551_17_45_34.jpg,29
5935,image_BS1_6552_17_45_34.jpg,29
5936,image_BS1_6553_17_45_34.jpg,29
5937,image_BS1_6554_17_45_34.jpg,29
5938,image_BS1_6555_17_45_35.jpg,29
5939,image_BS1_6556_17_45_35.jpg,29
5940,image_BS1_6557_17_45_35.jpg,29
5941,image_BS1_6558_17_45_35.jpg,29
5942,image_BS1_6559_17_45_35.jpg,29
5943,image_BS1_6560_17_45_35.jpg,29
5944,image_BS1_6561_17_45_36.jpg,29
5945,image_BS1_6562_17_45_36.jpg,29
5946,image_BS1_6563_17_45_36.jpg,29
5947,image_BS1_6564_17_45_36.jpg,29
5948,image_BS1_6565_17_45_36.jpg,29
5949,image_BS1_6566_17_45_36.jpg,29
5950,image_BS1_6567_17_45_36.jpg,29
5951,image_BS1_6568_17_45_37.jpg,29
5952,image_BS1_6569_17_45_37.jpg,29
5953,image_BS1_6570_17_45_37.jpg,29
5954,image_BS1_6571_17_45_37.jpg,29
5955,image_BS1_6572_17_45_37.jpg,29
5956,image_BS1_6573_17_45_37.jpg,29
5957,image_BS1_6574_17_45_37.jpg,29
5958,image_BS1_6575_17_45_38.jpg,29
5959,image_BS1_6576_17_45_38.jpg,29
5960,image_BS1_6577_17_45_38.jpg,29
5961,image_BS1_6578_17_45_38.jpg,29
5962,image_BS1_6579_17_45_38.jpg,29
5963,image_BS1_6580_17_45_38.jpg,29
5964,image_BS1_6581_17_45_38.jpg,29
5965,image_BS1_6582_17_45_38.jpg,29
5966,image_BS1_6583_17_45_39.jpg,29
5967,image_BS1_6584_17_45_39.jpg,29
5968,image_BS1_6585_17_45_39.jpg,29
5969,image_BS1_6586_17_45_39.jpg,29
5970,image_BS1_6587_17_45_39.jpg,29
5971,image_BS1_6588_17_45_39.jpg,29
5972,image_BS1_6589_17_45_39.jpg,29
5973,image_BS1_6590_17_45_40.jpg,29
5974,image_BS1_6591_17_45_40.jpg,29
5975,image_BS1_6592_17_45_40.jpg,29
5976,image_BS1_6593_17_45_40.jpg,29
5977,image_BS1_6594_17_45_40.jpg,29
5978,image_BS1_6595_17_45_40.jpg,29
5979,image_BS1_6596_17_45_40.jpg,29
5980,image_BS1_6597_17_45_41.jpg,29
5981,image_BS1_6598_17_45_41.jpg,29
5982,image_BS1_6599_17_45_41.jpg,29
5983,image_BS1_6600_17_45_41.jpg,29
5984,image_BS1_6601_17_45_41.jpg,29
5985,image_BS1_6602_17_45_41.jpg,29
5986,image_BS1_6603_17_45_41.jpg,29
5987,image_BS1_6604_17_45_41.jpg,29
5988,image_BS1_6605_17_45_42.jpg,29
5989,image_BS1_6606_17_45_42.jpg,29
5990,image_BS1_6607_17_45_42.jpg,29
5991,image_BS1_6608_17_45_42.jpg,29
5992,image_BS1_6609_17_45_42.jpg,29
5993,image_BS1_6610_17_45_42.jpg,29
5994,image_BS1_6611_17_45_42.jpg,29
5995,image_BS1_6612_17_45_42.jpg,29
5996,image_BS1_6613_17_45_43.jpg,29
5997,image_BS1_6614_17_45_43.jpg,29
5998,image_BS1_6615_17_45_43.jpg,29
5999,image_BS1_6616_17_45_43.jpg,29
6000,image_BS1_6617_17_45_43.jpg,29
6001,image_BS1_6618_17_45_43.jpg,29
6002,image_BS1_6619_17_45_43.jpg,29
6003,image_BS1_6620_17_45_44.jpg,29
6004,image_BS1_6621_17_45_44.jpg,29
6005,image_BS1_6622_17_45_44.jpg,29
6006,image_BS1_6623_17_45_44.jpg,29
6007,image_BS1_6624_17_45_44.jpg,29
6008,image_BS1_6625_17_45_44.jpg,29
6009,image_BS1_6626_17_45_44.jpg,29
6010,image_BS1_6627_17_45_45.jpg,29
6011,image_BS1_6628_17_45_45.jpg,27
6012,image_BS1_6629_17_45_45.jpg,29
6013,image_BS1_6630_17_45_45.jpg,29
6014,image_BS1_6631_17_45_45.jpg,29
6015,image_BS1_6632_17_45_45.jpg,29
6016,image_BS1_6633_17_45_45.jpg,29
6017,image_BS1_6634_17_45_46.jpg,29
6018,image_BS1_6635_17_45_46.jpg,29
6019,image_BS1_6636_17_45_46.jpg,29
6020,image_BS1_6637_17_45_46.jpg,29
6021,image_BS1_6638_17_45_46.jpg,29
6022,image_BS1_6639_17_45_46.jpg,29
6023,image_BS1_6640_17_45_46.jpg,29
6024,image_BS1_6641_17_45_46.jpg,29
6025,image_BS1_6642_17_45_47.jpg,29
6026,image_BS1_6643_17_45_47.jpg,29
6027,image_BS1_6644_17_45_47.jpg,31
6028,image_BS1_6645_17_45_47.jpg,31
6029,image_BS1_6646_17_45_47.jpg,32
6030,image_BS1_6647_17_45_47.jpg,32
6031,image_BS1_6648_17_45_47.jpg,32
6032,image_BS1_6649_17_45_48.jpg,32
6033,image_BS1_6650_17_45_48.jpg,32
6034,image_BS1_6651_17_45_48.jpg,32
6035,image_BS1_6652_17_45_48.jpg,32
6036,image_BS1_6653_17_45_48.jpg,32
6037,image_BS1_6654_17_45_48.jpg,33
6038,image_BS1_6655_17_45_48.jpg,32
6039,image_BS1_6656_17_45_49.jpg,33
6040,image_BS1_6657_17_45_49.jpg,32
6041,image_BS1_6658_17_45_49.jpg,32
6042,image_BS1_6659_17_45_49.jpg,32
6043,image_BS1_6660_17_45_49.jpg,34
6044,image_BS1_6661_17_45_49.jpg,34
6045,image_BS1_6662_17_45_49.jpg,33
6046,image_BS1_6663_17_45_49.jpg,33
6047,image_BS1_6664_17_45_50.jpg,34
6048,image_BS1_6665_17_45_50.jpg,32
6049,image_BS1_6666_17_45_50.jpg,33
6050,image_BS1_6667_17_45_50.jpg,33
6051,image_BS1_6668_17_45_50.jpg,32
6052,image_BS1_6669_17_45_50.jpg,34
6053,image_BS1_6670_17_45_50.jpg,33
6054,image_BS1_6671_17_45_51.jpg,33
6055,image_BS1_6672_17_45_51.jpg,33
6056,image_BS1_6673_17_45_51.jpg,33
6057,image_BS1_6674_17_45_51.jpg,34
6058,image_BS1_6675_17_45_51.jpg,33
6059,image_BS1_6676_17_45_51.jpg,34
6060,image_BS1_6677_17_45_52.jpg,32
6061,image_BS1_6678_17_45_52.jpg,33
6062,image_BS1_6679_17_45_52.jpg,33
6063,image_BS1_6680_17_45_52.jpg,33
6064,image_BS1_6681_17_45_52.jpg,33
6065,image_BS1_6682_17_45_52.jpg,33
6066,image_BS1_6683_17_45_52.jpg,33
6067,image_BS1_6684_17_45_53.jpg,34
6068,image_BS1_6685_17_45_53.jpg,33
6069,image_BS1_6686_17_45_53.jpg,32
6070,image_BS1_6687_17_45_53.jpg,33
6071,image_BS1_6688_17_45_53.jpg,34
6072,image_BS1_6689_17_45_53.jpg,34
6073,image_BS1_6690_17_45_53.jpg,33
6074,image_BS1_6691_17_45_54.jpg,33
6075,image_BS1_6692_17_45_54.jpg,33
6076,image_BS1_6693_17_45_54.jpg,34
6077,image_BS1_6694_17_45_54.jpg,33
6078,image_BS1_6695_17_45_54.jpg,34
6079,image_BS1_6696_17_45_54.jpg,33
6080,image_BS1_6697_17_45_54.jpg,33
6081,image_BS1_6698_17_45_54.jpg,34
6082,image_BS1_6699_17_45_55.jpg,33
6083,image_BS1_6700_17_45_55.jpg,34
6084,image_BS1_6701_17_45_55.jpg,33
6085,image_BS1_6702_17_45_55.jpg,34
6086,image_BS1_6703_17_45_55.jpg,33
6087,image_BS1_6704_17_45_55.jpg,34
6088,image_BS1_6705_17_45_55.jpg,33
6089,image_BS1_6706_17_45_56.jpg,34
6090,image_BS1_6707_17_45_56.jpg,33
6091,image_BS1_6708_17_45_56.jpg,33
6092,image_BS1_6709_17_45_56.jpg,32
6093,image_BS1_6710_17_45_56.jpg,32
6094,image_BS1_6711_17_45_56.jpg,32
6095,image_BS1_6712_17_45_56.jpg,32
6096,image_BS1_6713_17_45_56.jpg,32
6097,image_BS1_6714_17_45_57.jpg,32
6098,image_BS1_6715_17_45_57.jpg,32
6099,image_BS1_6716_17_45_57.jpg,32
6100,image_BS1_6717_17_45_57.jpg,32
6101,image_BS1_6718_17_45_57.jpg,32
6102,image_BS1_6719_17_45_57.jpg,32
6103,image_BS1_6720_17_45_57.jpg,32
6104,image_BS1_6721_17_45_58.jpg,32
6105,image_BS1_6722_17_45_58.jpg,32
6106,image_BS1_6723_17_45_58.jpg,32
6107,image_BS1_6724_17_45_58.jpg,32
6108,image_BS1_6725_17_45_58.jpg,32
6109,image_BS1_6726_17_45_58.jpg,32
6110,image_BS1_6727_17_45_59.jpg,32
6111,image_BS1_6728_17_45_59.jpg,32
6112,image_BS1_6729_17_45_59.jpg,31
6113,image_BS1_6730_17_45_59.jpg,31
6114,image_BS1_6731_17_45_59.jpg,31
6115,image_BS1_6732_17_45_59.jpg,32
6116,image_BS1_6733_17_45_59.jpg,32
6117,image_BS1_6734_17_45_59.jpg,31
6118,image_BS1_6735_17_46_00.jpg,32
6119,image_BS1_6736_17_46_00.jpg,32
6120,image_BS1_6737_17_46_00.jpg,32
6121,image_BS1_6738_17_46_00.jpg,32
6122,image_BS1_6739_17_46_00.jpg,32
6123,image_BS1_6740_17_46_00.jpg,32
6124,image_BS1_6741_17_46_00.jpg,32
6125,image_BS1_6742_17_46_00.jpg,32
6126,image_BS1_6743_17_46_01.jpg,31
6127,image_BS1_6744_17_46_01.jpg,32
6128,image_BS1_6745_17_46_01.jpg,32
6129,image_BS1_6746_17_46_01.jpg,32
6130,image_BS1_6747_17_46_01.jpg,32
6131,image_BS1_6748_17_46_01.jpg,32
6132,image_BS1_6749_17_46_01.jpg,32
6133,image_BS1_6750_17_46_02.jpg,32
6134,image_BS1_6751_17_46_02.jpg,32
6135,image_BS1_6752_17_46_02.jpg,32
6136,image_BS1_6753_17_46_02.jpg,32
6137,image_BS1_6754_17_46_02.jpg,32
6138,image_BS1_6755_17_46_02.jpg,32
6139,image_BS1_6756_17_46_03.jpg,32
6140,image_BS1_6757_17_46_03.jpg,32
6141,image_BS1_6758_17_46_03.jpg,32
6142,image_BS1_6759_17_46_03.jpg,32
6143,image_BS1_6760_17_46_03.jpg,32
6144,image_BS1_6761_17_46_03.jpg,32
6145,image_BS1_6762_17_46_03.jpg,32
6146,image_BS1_6763_17_46_03.jpg,32
6147,image_BS1_6764_17_46_04.jpg,32
6148,image_BS1_6765_17_46_04.jpg,32
6149,image_BS1_6766_17_46_04.jpg,32
6150,image_BS1_6767_17_46_04.jpg,32
6151,image_BS1_6768_17_46_04.jpg,32
6152,image_BS1_6769_17_46_04.jpg,32
6153,image_BS1_6770_17_46_04.jpg,32
6154,image_BS1_6771_17_46_05.jpg,32
6155,image_BS1_6772_17_46_05.jpg,32
6156,image_BS1_6773_17_46_05.jpg,32
6157,image_BS1_6774_17_46_05.jpg,32
6158,image_BS1_6775_17_46_05.jpg,32
6159,image_BS1_6776_17_46_05.jpg,32
6160,image_BS1_6777_17_46_05.jpg,32
6161,image_BS1_6778_17_46_06.jpg,32
6162,image_BS1_6779_17_46_06.jpg,32
6163,image_BS1_6780_17_46_06.jpg,32
6164,image_BS1_6781_17_46_06.jpg,32
6165,image_BS1_6782_17_46_06.jpg,32
6166,image_BS1_6783_17_46_06.jpg,32
6167,image_BS1_6784_17_46_06.jpg,32
6168,image_BS1_6785_17_46_07.jpg,33
6169,image_BS1_6786_17_46_07.jpg,33
6170,image_BS1_6787_17_46_16.jpg,52
6171,image_BS1_6788_17_46_17.jpg,52
6172,image_BS1_6789_17_46_17.jpg,51
6173,image_BS1_6790_17_46_17.jpg,52
6174,image_BS1_6791_17_46_17.jpg,51
6175,image_BS1_6792_17_46_17.jpg,52
6176,image_BS1_6793_17_46_17.jpg,52
6177,image_BS1_6794_17_46_17.jpg,52
6178,image_BS1_6795_17_46_17.jpg,52
6179,image_BS1_6796_17_46_18.jpg,52
6180,image_BS1_6797_17_46_18.jpg,52
6181,image_BS1_6798_17_46_18.jpg,51
6182,image_BS1_6799_17_46_18.jpg,51
6183,image_BS1_6800_17_46_18.jpg,52
6184,image_BS1_6801_17_46_18.jpg,52
6185,image_BS1_6802_17_46_18.jpg,51
6186,image_BS1_6803_17_46_19.jpg,51
6187,image_BS1_6804_17_46_19.jpg,51
6188,image_BS1_6805_17_46_19.jpg,52
6189,image_BS1_6806_17_46_19.jpg,51
6190,image_BS1_6807_17_46_19.jpg,52
6191,image_BS1_6808_17_46_19.jpg,51
6192,image_BS1_6809_17_46_19.jpg,51
6193,image_BS1_6810_17_46_19.jpg,49
6194,image_BS1_6811_17_46_20.jpg,49
6195,image_BS1_6812_17_46_20.jpg,49
6196,image_BS1_6813_17_46_20.jpg,49
6197,image_BS1_6814_17_46_20.jpg,49
6198,image_BS1_6815_17_46_20.jpg,49
6199,image_BS1_6816_17_46_20.jpg,48
6200,image_BS1_6817_17_46_21.jpg,48
6201,image_BS1_6818_17_46_21.jpg,48
6202,image_BS1_6819_17_46_21.jpg,48
6203,image_BS1_6820_17_46_21.jpg,47
6204,image_BS1_6821_17_46_21.jpg,46
6205,image_BS1_6822_17_46_21.jpg,46
6206,image_BS1_6823_17_46_21.jpg,46
6207,image_BS1_6824_17_46_21.jpg,45
6208,image_BS1_6825_17_46_22.jpg,44
6209,image_BS1_6826_17_46_22.jpg,44
6210,image_BS1_6827_17_46_22.jpg,44
6211,image_BS1_6828_17_46_22.jpg,43
6212,image_BS1_6829_17_46_22.jpg,43
6213,image_BS1_6830_17_46_22.jpg,42
6214,image_BS1_6831_17_46_22.jpg,42
6215,image_BS1_6832_17_46_23.jpg,42
6216,image_BS1_6833_17_46_23.jpg,42
6217,image_BS1_6834_17_46_23.jpg,39
6218,image_BS1_6835_17_46_23.jpg,39
6219,image_BS1_6836_17_46_23.jpg,39
6220,image_BS1_6837_17_46_23.jpg,39
6221,image_BS1_6838_17_46_23.jpg,39
6222,image_BS1_6839_17_46_23.jpg,39
6223,image_BS1_6840_17_46_24.jpg,38
6224,image_BS1_6841_17_46_24.jpg,37
6225,image_BS1_6842_17_46_24.jpg,37
6226,image_BS1_6843_17_46_24.jpg,37
6227,image_BS1_6844_17_46_24.jpg,34
6228,image_BS1_6845_17_46_24.jpg,34
6229,image_BS1_6846_17_46_24.jpg,34
6230,image_BS1_6847_17_46_25.jpg,34
6231,image_BS1_6848_17_46_25.jpg,34
6232,image_BS1_6849_17_46_25.jpg,32
6233,image_BS1_6850_17_46_25.jpg,32
6234,image_BS1_6851_17_46_25.jpg,32
6235,image_BS1_6852_17_46_25.jpg,30
6236,image_BS1_6853_17_46_25.jpg,29
6237,image_BS1_6854_17_46_26.jpg,29
6238,image_BS1_6855_17_46_26.jpg,29
6239,image_BS1_6856_17_46_26.jpg,29
6240,image_BS1_6857_17_46_26.jpg,27
6241,image_BS1_6858_17_46_26.jpg,27
6242,image_BS1_6859_17_46_26.jpg,26
6243,image_BS1_6860_17_46_26.jpg,26
6244,image_BS1_6861_17_46_27.jpg,26
6245,image_BS1_6862_17_46_27.jpg,23
6246,image_BS1_6863_17_46_27.jpg,23
6247,image_BS1_6864_17_46_27.jpg,23
6248,image_BS1_6865_17_46_27.jpg,22
6249,image_BS1_6866_17_46_27.jpg,22
6250,image_BS1_6867_17_46_27.jpg,22
6251,image_BS1_6868_17_46_27.jpg,22
6252,image_BS1_6869_17_46_28.jpg,22
6253,image_BS1_6870_17_46_28.jpg,22
6254,image_BS1_6871_17_46_28.jpg,22
6255,image_BS1_6872_17_46_28.jpg,22
6256,image_BS1_6873_17_46_28.jpg,22
6257,image_BS1_6874_17_46_28.jpg,22
6258,image_BS1_6875_17_46_28.jpg,22
6259,image_BS1_6876_17_46_29.jpg,22
6260,image_BS1_6877_17_46_29.jpg,22
6261,image_BS1_6878_17_46_29.jpg,22
6262,image_BS1_6879_17_46_29.jpg,22
6263,image_BS1_6880_17_46_29.jpg,22
6264,image_BS1_6881_17_46_29.jpg,22
6265,image_BS1_6882_17_46_29.jpg,22
6266,image_BS1_6883_17_46_29.jpg,23
6267,image_BS1_6884_17_46_30.jpg,23
6268,image_BS1_6885_17_46_30.jpg,23
6269,image_BS1_6886_17_46_30.jpg,23
6270,image_BS1_6887_17_46_30.jpg,23
6271,image_BS1_6888_17_46_30.jpg,23
6272,image_BS1_6889_17_46_30.jpg,26
6273,image_BS1_6890_17_46_30.jpg,26
6274,image_BS1_6891_17_46_31.jpg,26
6275,image_BS1_6892_17_46_31.jpg,26
6276,image_BS1_6893_17_46_31.jpg,26
6277,image_BS1_6894_17_46_31.jpg,26
6278,image_BS1_6895_17_46_31.jpg,26
6279,image_BS1_6896_17_46_31.jpg,26
6280,image_BS1_6897_17_46_31.jpg,26
6281,image_BS1_6898_17_46_31.jpg,26
6282,image_BS1_6899_17_46_32.jpg,26
6283,image_BS1_6900_17_46_32.jpg,26
6284,image_BS1_6901_17_46_32.jpg,27
6285,image_BS1_6902_17_46_32.jpg,27
6286,image_BS1_6903_17_46_32.jpg,27
6287,image_BS1_6904_17_46_32.jpg,27
6288,image_BS1_6905_17_46_32.jpg,29
6289,image_BS1_6906_17_46_33.jpg,28
6290,image_BS1_6907_17_46_33.jpg,28
6291,image_BS1_6908_17_46_33.jpg,29
6292,image_BS1_6909_17_46_33.jpg,27
6293,image_BS1_6910_17_46_33.jpg,26
6294,image_BS1_6911_17_46_34.jpg,29
6295,image_BS1_6912_17_46_34.jpg,29
6296,image_BS1_6913_17_46_34.jpg,27
6297,image_BS1_6914_17_46_35.jpg,29
6298,image_BS1_6915_17_46_35.jpg,29
6299,image_BS1_6916_17_46_35.jpg,29
6300,image_BS1_6917_17_46_35.jpg,29
6301,image_BS1_6918_17_46_35.jpg,29
6302,image_BS1_6919_17_46_36.jpg,29
6303,image_BS1_6920_17_46_36.jpg,29
6304,image_BS1_6921_17_46_36.jpg,29
6305,image_BS1_6922_17_46_36.jpg,29
6306,image_BS1_6923_17_46_36.jpg,29
6307,image_BS1_6924_17_46_36.jpg,29
6308,image_BS1_6925_17_46_36.jpg,29
6309,image_BS1_6926_17_46_37.jpg,29
6310,image_BS1_6927_17_46_37.jpg,29
6311,image_BS1_6928_17_46_37.jpg,29
6312,image_BS1_6929_17_46_37.jpg,29
6313,image_BS1_6930_17_46_37.jpg,29
6314,image_BS1_6931_17_46_37.jpg,29
6315,image_BS1_6932_17_46_37.jpg,29
6316,image_BS1_6933_17_46_38.jpg,29
6317,image_BS1_6934_17_46_38.jpg,29
6318,image_BS1_6935_17_46_38.jpg,29
6319,image_BS1_6936_17_46_38.jpg,29
6320,image_BS1_6937_17_46_38.jpg,29
6321,image_BS1_6938_17_46_38.jpg,29
6322,image_BS1_6939_17_46_38.jpg,29
6323,image_BS1_6940_17_46_39.jpg,28
6324,image_BS1_6941_17_46_39.jpg,29
6325,image_BS1_6942_17_46_39.jpg,29
6326,image_BS1_6943_17_46_39.jpg,29
6327,image_BS1_6944_17_46_46.jpg,43
6328,image_BS1_6945_17_46_46.jpg,43
6329,image_BS1_6946_17_46_46.jpg,43
6330,image_BS1_6947_17_46_46.jpg,43
6331,image_BS1_6948_17_46_46.jpg,42
6332,image_BS1_6949_17_46_46.jpg,42
6333,image_BS1_6950_17_46_46.jpg,42
6334,image_BS1_6951_17_46_47.jpg,42
6335,image_BS1_6952_17_46_47.jpg,40
6336,image_BS1_6953_17_46_47.jpg,39
6337,image_BS1_6954_17_46_47.jpg,39
6338,image_BS1_6955_17_46_47.jpg,39
6339,image_BS1_6956_17_46_47.jpg,39
6340,image_BS1_6957_17_46_47.jpg,39
6341,image_BS1_6958_17_46_47.jpg,39
6342,image_BS1_6959_17_46_48.jpg,39
6343,image_BS1_6960_17_46_48.jpg,38
6344,image_BS1_6961_17_46_48.jpg,38
6345,image_BS1_6962_17_46_48.jpg,38
6346,image_BS1_6963_17_46_48.jpg,37
6347,image_BS1_6964_17_46_48.jpg,37
6348,image_BS1_6965_17_46_48.jpg,37
6349,image_BS1_6966_17_46_49.jpg,37
6350,image_BS1_6967_17_46_49.jpg,37
6351,image_BS1_6968_17_46_49.jpg,34
6352,image_BS1_6969_17_46_49.jpg,34
6353,image_BS1_6970_17_46_49.jpg,34
6354,image_BS1_6971_17_46_49.jpg,34
6355,image_BS1_6972_17_46_49.jpg,34
6356,image_BS1_6973_17_46_49.jpg,34
6357,image_BS1_6974_17_46_50.jpg,34
6358,image_BS1_6975_17_46_50.jpg,34
6359,image_BS1_6976_17_46_50.jpg,34
6360,image_BS1_6977_17_46_50.jpg,34
6361,image_BS1_6978_17_46_50.jpg,34
6362,image_BS1_6979_17_46_50.jpg,34
6363,image_BS1_6980_17_46_50.jpg,34
6364,image_BS1_6981_17_46_51.jpg,34
6365,image_BS1_6982_17_46_51.jpg,33
6366,image_BS1_6983_17_46_51.jpg,34
6367,image_BS1_6984_17_46_51.jpg,33
6368,image_BS1_6985_17_46_51.jpg,33
6369,image_BS1_6986_17_46_51.jpg,33
6370,image_BS1_6987_17_46_51.jpg,32
6371,image_BS1_6988_17_46_51.jpg,32
6372,image_BS1_6989_17_46_52.jpg,32
6373,image_BS1_6990_17_46_52.jpg,32
6374,image_BS1_6991_17_46_52.jpg,32
6375,image_BS1_6992_17_46_52.jpg,32
6376,image_BS1_6993_17_46_52.jpg,32
6377,image_BS1_6994_17_46_52.jpg,32
6378,image_BS1_6995_17_46_52.jpg,33
6379,image_BS1_6996_17_46_53.jpg,32
6380,image_BS1_6997_17_46_53.jpg,32
6381,image_BS1_6998_17_46_53.jpg,32
6382,image_BS1_6999_17_46_53.jpg,32
6383,image_BS1_7000_17_46_53.jpg,32
6384,image_BS1_7001_17_46_53.jpg,32
6385,image_BS1_7002_17_46_53.jpg,32
6386,image_BS1_7003_17_46_54.jpg,32
6387,image_BS1_7004_17_46_54.jpg,32
6388,image_BS1_7005_17_46_54.jpg,32
6389,image_BS1_7006_17_46_54.jpg,32
6390,image_BS1_7007_17_46_54.jpg,33
6391,image_BS1_7008_17_46_54.jpg,33
6392,image_BS1_7009_17_46_54.jpg,33
6393,image_BS1_7010_17_46_54.jpg,33
6394,image_BS1_7011_17_46_55.jpg,32
6395,image_BS1_7012_17_46_55.jpg,34
6396,image_BS1_7013_17_46_55.jpg,32
6397,image_BS1_7014_17_46_55.jpg,33
6398,image_BS1_7015_17_46_55.jpg,32
6399,image_BS1_7016_17_46_55.jpg,34
6400,image_BS1_7017_17_46_55.jpg,33
6401,image_BS1_7018_17_46_56.jpg,34
6402,image_BS1_7019_17_46_56.jpg,33
6403,image_BS1_7020_17_46_56.jpg,33
6404,image_BS1_7021_17_46_56.jpg,33
6405,image_BS1_7022_17_46_56.jpg,33
6406,image_BS1_7023_17_46_56.jpg,34
6407,image_BS1_7024_17_46_56.jpg,34
6408,image_BS1_7025_17_46_56.jpg,33
6409,image_BS1_7026_17_46_57.jpg,34
6410,image_BS1_7027_17_46_57.jpg,34
6411,image_BS1_7028_17_46_57.jpg,33
6412,image_BS1_7029_17_46_57.jpg,34
6413,image_BS1_7030_17_46_57.jpg,33
6414,image_BS1_7031_17_46_57.jpg,34
6415,image_BS1_7032_17_46_57.jpg,34
6416,image_BS1_7033_17_46_58.jpg,34
6417,image_BS1_7034_17_46_58.jpg,34
6418,image_BS1_7035_17_46_58.jpg,34
6419,image_BS1_7036_17_46_58.jpg,34
6420,image_BS1_7037_17_46_58.jpg,33
6421,image_BS1_7038_17_46_58.jpg,34
6422,image_BS1_7039_17_46_58.jpg,33
6423,image_BS1_7040_17_46_59.jpg,34
6424,image_BS1_7041_17_46_59.jpg,34
6425,image_BS1_7042_17_46_59.jpg,34
6426,image_BS1_7043_17_46_59.jpg,34
6427,image_BS1_7044_17_46_59.jpg,34
6428,image_BS1_7045_17_47_02.jpg,34
6429,image_BS1_7046_17_47_02.jpg,34
6430,image_BS1_7047_17_47_02.jpg,34
6431,image_BS1_7048_17_47_03.jpg,34
6432,image_BS1_7049_17_47_03.jpg,34
6433,image_BS1_7050_17_47_03.jpg,34
6434,image_BS1_7051_17_47_03.jpg,34
6435,image_BS1_7052_17_47_03.jpg,34
6436,image_BS1_7053_17_47_03.jpg,34
6437,image_BS1_7054_17_47_04.jpg,34
6438,image_BS1_7055_17_47_04.jpg,34
6439,image_BS1_7056_17_47_04.jpg,36
6440,image_BS1_7057_17_47_04.jpg,34
6441,image_BS1_7058_17_47_04.jpg,34
6442,image_BS1_7059_17_47_04.jpg,37
6443,image_BS1_7060_17_47_04.jpg,37
6444,image_BS1_7061_17_47_05.jpg,37
6445,image_BS1_7062_17_47_05.jpg,37
6446,image_BS1_7063_17_47_05.jpg,37
6447,image_BS1_7064_17_47_05.jpg,37
6448,image_BS1_7065_17_47_05.jpg,37
6449,image_BS1_7066_17_47_05.jpg,37
6450,image_BS1_7067_17_47_05.jpg,38
6451,image_BS1_7068_17_47_06.jpg,38
6452,image_BS1_7069_17_47_07.jpg,37
6453,image_BS1_7070_17_47_07.jpg,37
6454,image_BS1_7071_17_47_08.jpg,37
6455,image_BS1_7072_17_47_08.jpg,37
6456,image_BS1_7073_17_47_08.jpg,37
6457,image_BS1_7074_17_47_08.jpg,36
6458,image_BS1_7075_17_47_08.jpg,37
6459,image_BS1_7076_17_47_08.jpg,37
6460,image_BS1_7077_17_47_08.jpg,37
6461,image_BS1_7078_17_47_09.jpg,34
6462,image_BS1_7079_17_47_09.jpg,34
6463,image_BS1_7080_17_47_09.jpg,34
6464,image_BS1_7081_17_47_09.jpg,34
6465,image_BS1_7082_17_47_09.jpg,34
6466,image_BS1_7083_17_47_09.jpg,34
6467,image_BS1_7084_17_47_09.jpg,34
6468,image_BS1_7085_17_47_09.jpg,34
6469,image_BS1_7086_17_47_10.jpg,34
6470,image_BS1_7087_17_47_10.jpg,34
6471,image_BS1_7088_17_47_10.jpg,34
6472,image_BS1_7089_17_47_10.jpg,34
6473,image_BS1_7090_17_47_10.jpg,34
6474,image_BS1_7091_17_47_11.jpg,34
6475,image_BS1_7092_17_47_11.jpg,34
6476,image_BS1_7093_17_47_11.jpg,34
6477,image_BS1_7094_17_47_11.jpg,34
6478,image_BS1_7095_17_47_11.jpg,34
6479,image_BS1_7096_17_47_11.jpg,34
6480,image_BS1_7097_17_47_11.jpg,34
6481,image_BS1_7098_17_47_11.jpg,34
6482,image_BS1_7099_17_47_12.jpg,36
6483,image_BS1_7100_17_47_12.jpg,37
6484,image_BS1_7101_17_47_12.jpg,37
6485,image_BS1_7102_17_47_12.jpg,37
6486,image_BS1_7103_17_47_12.jpg,37
6487,image_BS1_7104_17_47_12.jpg,37
6488,image_BS1_7105_17_47_12.jpg,37
6489,image_BS1_7106_17_47_13.jpg,37
6490,image_BS1_7107_17_47_13.jpg,37
6491,image_BS1_7108_17_47_13.jpg,37
6492,image_BS1_7109_17_47_13.jpg,37
6493,image_BS1_7110_17_47_13.jpg,37
6494,image_BS1_7111_17_47_13.jpg,38
6495,image_BS1_7112_17_47_13.jpg,38
6496,image_BS1_7113_17_47_13.jpg,39
6497,image_BS1_7114_17_47_14.jpg,39
6498,image_BS1_7115_17_47_14.jpg,39
6499,image_BS1_7116_17_47_14.jpg,39
6500,image_BS1_7117_17_47_14.jpg,39
6501,image_BS1_7118_17_47_14.jpg,39
6502,image_BS1_7119_17_47_14.jpg,39
6503,image_BS1_7120_17_47_14.jpg,40
6504,image_BS1_7121_17_47_14.jpg,42
6505,image_BS1_7122_17_47_15.jpg,42
6506,image_BS1_7123_17_47_15.jpg,42
6507,image_BS1_7124_17_47_15.jpg,42
6508,image_BS1_7125_17_47_15.jpg,43
6509,image_BS1_7126_17_47_15.jpg,43
6510,image_BS1_7127_17_47_15.jpg,43
6511,image_BS1_7128_17_47_15.jpg,44
6512,image_BS1_7129_17_47_16.jpg,45
6513,image_BS1_7130_17_47_16.jpg,46
6514,image_BS1_7131_17_47_16.jpg,47
6515,image_BS1_7132_17_47_16.jpg,48
6516,image_BS1_7133_17_47_16.jpg,47
6517,image_BS1_7134_17_47_16.jpg,48
6518,image_BS1_7135_17_47_16.jpg,48
6519,image_BS1_7136_17_47_17.jpg,48
6520,image_BS1_7137_17_47_17.jpg,49
6521,image_BS1_7138_17_47_17.jpg,48
6522,image_BS1_7139_17_47_17.jpg,48
6523,image_BS1_7140_17_47_17.jpg,49
6524,image_BS1_7141_17_47_17.jpg,49
6525,image_BS1_7142_17_47_17.jpg,49
6526,image_BS1_7143_17_47_17.jpg,49
6527,image_BS1_7144_17_47_18.jpg,48
6528,image_BS1_7145_17_47_18.jpg,48
6529,image_BS1_7146_17_47_18.jpg,47
6530,image_BS1_7147_17_47_18.jpg,46
6531,image_BS1_7148_17_47_18.jpg,47
6532,image_BS1_7149_17_47_18.jpg,46
6533,image_BS1_7150_17_47_18.jpg,46
6534,image_BS1_7151_17_47_18.jpg,45
6535,image_BS1_7152_17_47_19.jpg,44
6536,image_BS1_7153_17_47_19.jpg,42
6537,image_BS1_7154_17_47_19.jpg,42
6538,image_BS1_7155_17_47_19.jpg,42
6539,image_BS1_7156_17_47_19.jpg,40
6540,image_BS1_7157_17_47_19.jpg,39
6541,image_BS1_7158_17_47_19.jpg,39
6542,image_BS1_7159_17_47_20.jpg,39
6543,image_BS1_7160_17_47_20.jpg,38
6544,image_BS1_7161_17_47_20.jpg,37
6545,image_BS1_7162_17_47_20.jpg,37
6546,image_BS1_7163_17_47_20.jpg,34
6547,image_BS1_7164_17_47_20.jpg,34
6548,image_BS1_7165_17_47_20.jpg,33
6549,image_BS1_7166_17_47_20.jpg,32
6550,image_BS1_7167_17_47_21.jpg,29
6551,image_BS1_7168_17_47_21.jpg,29
6552,image_BS1_7169_17_47_21.jpg,28
6553,image_BS1_7170_17_47_21.jpg,27
6554,image_BS1_7171_17_47_21.jpg,26
6555,image_BS1_7172_17_47_21.jpg,26
6556,image_BS1_7173_17_47_21.jpg,23
6557,image_BS1_7174_17_47_22.jpg,22
6558,image_BS1_7175_17_47_22.jpg,22
6559,image_BS1_7176_17_47_22.jpg,22
6560,image_BS1_7177_17_47_22.jpg,21
6561,image_BS1_7178_17_47_22.jpg,20
6562,image_BS1_7179_17_47_22.jpg,19
6563,image_BS1_7180_17_47_22.jpg,19
6564,image_BS1_7181_17_47_22.jpg,17
6565,image_BS1_7182_17_47_23.jpg,17
6566,image_BS1_7183_17_47_23.jpg,17
6567,image_BS1_7184_17_47_23.jpg,17
6568,image_BS1_7185_17_47_23.jpg,17
6569,image_BS1_7186_17_47_23.jpg,17
6570,image_BS1_7187_17_47_23.jpg,17
6571,image_BS1_7188_17_47_23.jpg,14
6572,image_BS1_7189_17_47_24.jpg,14
6573,image_BS1_7190_17_47_24.jpg,14
6574,image_BS1_7191_17_47_24.jpg,11
6575,image_BS1_7192_17_47_24.jpg,10
6576,image_BS1_7193_17_47_24.jpg,10
6577,image_BS1_7194_17_47_24.jpg,7
6578,image_BS1_7195_17_47_24.jpg,7
6579,image_BS1_7196_17_47_24.jpg,6
6580,image_BS1_7197_17_47_25.jpg,4
6581,image_BS1_7198_17_47_37.jpg,34
6582,image_BS1_7199_17_47_37.jpg,34
6583,image_BS1_7200_17_47_37.jpg,33
6584,image_BS1_7201_17_47_38.jpg,28
6585,image_BS1_7202_17_47_39.jpg,14
6586,image_BS1_7203_17_47_39.jpg,13
6587,image_BS1_7204_17_47_39.jpg,11
6588,image_BS1_7205_17_47_40.jpg,11
6589,image_BS1_7206_17_47_40.jpg,10
6590,image_BS1_7207_17_47_40.jpg,8
6591,image_BS1_7208_17_47_40.jpg,7
6592,image_BS1_7209_17_47_40.jpg,7
6593,image_BS1_7210_17_47_40.jpg,6
6594,image_BS1_7211_17_47_40.jpg,6
6595,image_BS1_7212_17_47_40.jpg,6
6596,image_BS1_7213_17_47_41.jpg,6
6597,image_BS1_7214_17_47_41.jpg,6
6598,image_BS1_7215_17_47_41.jpg,6
6599,image_BS1_7216_17_47_41.jpg,6
6600,image_BS1_7217_17_47_41.jpg,4
6601,image_BS1_7218_17_47_41.jpg,4
6602,image_BS1_7219_17_47_41.jpg,4
6603,image_BS1_7220_17_47_42.jpg,4
6604,image_BS1_7221_17_47_42.jpg,4
6605,image_BS1_7222_17_47_42.jpg,6
6606,image_BS1_7223_17_47_42.jpg,6
6607,image_BS1_7224_17_47_42.jpg,6
6608,image_BS1_7225_17_47_42.jpg,6
6609,image_BS1_7226_17_47_42.jpg,6
6610,image_BS1_7227_17_47_43.jpg,6
6611,image_BS1_7228_17_47_43.jpg,7
6612,image_BS1_7229_17_47_43.jpg,7
6613,image_BS1_7230_17_47_43.jpg,7
6614,image_BS1_7231_17_47_43.jpg,7
6615,image_BS1_7232_17_47_43.jpg,8
6616,image_BS1_7233_17_47_43.jpg,11
6617,image_BS1_7234_17_47_43.jpg,11
6618,image_BS1_7235_17_47_44.jpg,11
6619,image_BS1_7236_17_47_44.jpg,11
6620,image_BS1_7237_17_47_44.jpg,13
6621,image_BS1_7238_17_47_44.jpg,14
6622,image_BS1_7239_17_47_44.jpg,14
6623,image_BS1_7240_17_47_44.jpg,16
6624,image_BS1_7241_17_47_44.jpg,17
6625,image_BS1_7242_17_47_44.jpg,17
6626,image_BS1_7243_17_47_45.jpg,19
6627,image_BS1_7244_17_47_45.jpg,20
6628,image_BS1_7245_17_47_45.jpg,22
6629,image_BS1_7246_17_47_45.jpg,22
6630,image_BS1_7247_17_47_45.jpg,23
6631,image_BS1_7248_17_47_45.jpg,26
6632,image_BS1_7249_17_47_45.jpg,27
6633,image_BS1_7250_17_47_46.jpg,29
6634,image_BS1_7251_17_47_46.jpg,29
6635,image_BS1_7252_17_47_46.jpg,32
6636,image_BS1_7253_17_47_46.jpg,34
6637,image_BS1_7254_17_47_46.jpg,37
6638,image_BS1_7255_17_47_46.jpg,37
6639,image_BS1_7256_17_47_46.jpg,39
6640,image_BS1_7257_17_47_46.jpg,39
6641,image_BS1_7258_17_47_47.jpg,42
6642,image_BS1_7259_17_47_47.jpg,43
6643,image_BS1_7260_17_47_47.jpg,45
6644,image_BS1_7261_17_47_47.jpg,46
6645,image_BS1_7262_17_47_47.jpg,48
6646,image_BS1_7263_17_47_47.jpg,49
6647,image_BS1_7264_17_47_47.jpg,49
6648,image_BS1_7265_17_47_47.jpg,51
6649,image_BS1_7266_17_47_48.jpg,51
6650,image_BS1_7267_17_47_48.jpg,52
6651,image_BS1_7268_17_47_48.jpg,51
6652,image_BS1_7269_17_47_48.jpg,52
6653,image_BS1_7270_17_47_48.jpg,54
6654,image_BS1_7271_17_47_48.jpg,53
6655,image_BS1_7272_17_47_48.jpg,54
6656,image_BS1_7273_17_47_49.jpg,54
6657,image_BS1_7274_17_47_49.jpg,54
6658,image_BS1_7275_17_47_49.jpg,52
6659,image_BS1_7276_17_47_49.jpg,52
6660,image_BS1_7277_17_47_49.jpg,52
6661,image_BS1_7278_17_47_49.jpg,51
6662,image_BS1_7279_17_47_49.jpg,52
6663,image_BS1_7280_17_47_49.jpg,51
6664,image_BS1_7281_17_47_50.jpg,51
6665,image_BS1_7282_17_47_50.jpg,51
6666,image_BS1_7283_17_47_50.jpg,52
6667,image_BS1_7284_17_47_50.jpg,49
6668,image_BS1_7285_17_47_50.jpg,49
6669,image_BS1_7286_17_47_50.jpg,49
6670,image_BS1_7287_17_47_50.jpg,48
6671,image_BS1_7288_17_47_51.jpg,48
6672,image_BS1_7289_17_47_51.jpg,47
6673,image_BS1_7290_17_47_51.jpg,46
6674,image_BS1_7291_17_47_51.jpg,46
6675,image_BS1_7292_17_47_51.jpg,45
6676,image_BS1_7293_17_47_51.jpg,44
6677,image_BS1_7294_17_47_51.jpg,44
6678,image_BS1_7295_17_47_51.jpg,43
6679,image_BS1_7296_17_47_52.jpg,42
6680,image_BS1_7297_17_47_52.jpg,42
6681,image_BS1_7298_17_47_52.jpg,39
6682,image_BS1_7299_17_47_52.jpg,39
6683,image_BS1_7300_17_47_52.jpg,39
6684,image_BS1_7301_17_47_52.jpg,39
6685,image_BS1_7302_17_47_52.jpg,37
6686,image_BS1_7303_17_47_53.jpg,37
6687,image_BS1_7304_17_47_53.jpg,34
6688,image_BS1_7305_17_47_53.jpg,34
6689,image_BS1_7306_17_47_53.jpg,34
6690,image_BS1_7307_17_47_53.jpg,33
6691,image_BS1_7308_17_47_53.jpg,32
6692,image_BS1_7309_17_47_53.jpg,29
6693,image_BS1_7310_17_47_53.jpg,29
6694,image_BS1_7311_17_47_54.jpg,29
6695,image_BS1_7312_17_47_54.jpg,27
6696,image_BS1_7313_17_47_54.jpg,27
6697,image_BS1_7314_17_47_54.jpg,26
6698,image_BS1_7315_17_47_54.jpg,23
6699,image_BS1_7316_17_47_54.jpg,23
6700,image_BS1_7317_17_47_54.jpg,22
6701,image_BS1_7318_17_47_55.jpg,22
6702,image_BS1_7319_17_47_55.jpg,21
6703,image_BS1_7320_17_47_55.jpg,20
6704,image_BS1_7321_17_47_55.jpg,20
6705,image_BS1_7322_17_47_55.jpg,19
6706,image_BS1_7323_17_47_55.jpg,17
6707,image_BS1_7324_17_47_55.jpg,17
6708,image_BS1_7325_17_47_55.jpg,17
6709,image_BS1_7326_17_47_56.jpg,17
6710,image_BS1_7327_17_47_56.jpg,17
6711,image_BS1_7328_17_47_56.jpg,17
6712,image_BS1_7329_17_47_56.jpg,14
6713,image_BS1_7330_17_47_56.jpg,14
6714,image_BS1_7331_17_47_56.jpg,14
6715,image_BS1_7332_17_47_56.jpg,14
6716,image_BS1_7333_17_47_57.jpg,14
6717,image_BS1_7334_17_47_57.jpg,14
6718,image_BS1_7335_17_47_57.jpg,14
6719,image_BS1_7336_17_47_57.jpg,14
6720,image_BS1_7337_17_47_57.jpg,14
6721,image_BS1_7338_17_47_57.jpg,14
6722,image_BS1_7339_17_47_57.jpg,16
6723,image_BS1_7340_17_47_57.jpg,17
6724,image_BS1_7341_17_47_58.jpg,17
6725,image_BS1_7342_17_47_58.jpg,17
6726,image_BS1_7343_17_47_58.jpg,17
6727,image_BS1_7344_17_47_58.jpg,17
6728,image_BS1_7345_17_47_58.jpg,17
6729,image_BS1_7346_17_47_58.jpg,17
6730,image_BS1_7347_17_47_58.jpg,17
6731,image_BS1_7348_17_47_59.jpg,17
6732,image_BS1_7349_17_47_59.jpg,19
6733,image_BS1_7350_17_47_59.jpg,17
6734,image_BS1_7351_17_47_59.jpg,19
6735,image_BS1_7352_17_47_59.jpg,19
6736,image_BS1_7353_17_47_59.jpg,19
6737,image_BS1_7354_17_47_59.jpg,19
6738,image_BS1_7355_17_47_59.jpg,19
6739,image_BS1_7356_17_48_00.jpg,19
6740,image_BS1_7357_17_48_00.jpg,19
6741,image_BS1_7358_17_48_00.jpg,19
6742,image_BS1_7359_17_48_00.jpg,19
6743,image_BS1_7360_17_48_00.jpg,19
6744,image_BS1_7361_17_48_00.jpg,19
6745,image_BS1_7362_17_48_00.jpg,19
6746,image_BS1_7363_17_48_01.jpg,19
6747,image_BS1_7364_17_48_01.jpg,20
6748,image_BS1_7365_17_48_01.jpg,21
6749,image_BS1_7366_17_48_01.jpg,20
6750,image_BS1_7367_17_48_01.jpg,21
6751,image_BS1_7368_17_48_01.jpg,20
6752,image_BS1_7369_17_48_01.jpg,20
6753,image_BS1_7370_17_48_01.jpg,20
6754,image_BS1_7371_17_48_02.jpg,20
6755,image_BS1_7372_17_48_02.jpg,20
6756,image_BS1_7373_17_48_02.jpg,20
6757,image_BS1_7374_17_48_02.jpg,21
6758,image_BS1_7375_17_48_02.jpg,20
6759,image_BS1_7376_17_48_02.jpg,21
6760,image_BS1_7377_17_48_02.jpg,20
6761,image_BS1_7378_17_48_03.jpg,21
6762,image_BS1_7379_17_48_03.jpg,21
6763,image_BS1_7380_17_48_03.jpg,21
6764,image_BS1_7381_17_48_03.jpg,21
6765,image_BS1_7382_17_48_03.jpg,21
6766,image_BS1_7383_17_48_03.jpg,21
6767,image_BS1_7384_17_48_03.jpg,21
6768,image_BS1_7385_17_48_04.jpg,21
6769,image_BS1_7386_17_48_04.jpg,21
6770,image_BS1_7387_17_48_04.jpg,21
6771,image_BS1_7388_17_48_04.jpg,21
6772,image_BS1_7389_17_48_04.jpg,21
6773,image_BS1_7390_17_48_04.jpg,21
6774,image_BS1_7391_17_48_04.jpg,21
6775,image_BS1_7392_17_48_04.jpg,21
6776,image_BS1_7393_17_48_05.jpg,21
6777,image_BS1_7394_17_48_05.jpg,21
6778,image_BS1_7395_17_48_05.jpg,21
6779,image_BS1_7396_17_48_05.jpg,21
6780,image_BS1_7397_17_48_05.jpg,21
6781,image_BS1_7398_17_48_05.jpg,21
6782,image_BS1_7399_17_48_05.jpg,21
6783,image_BS1_7400_17_48_06.jpg,21
6784,image_BS1_7401_17_48_06.jpg,21
6785,image_BS1_7402_17_48_06.jpg,21
6786,image_BS1_7403_17_48_06.jpg,21
6787,image_BS1_7404_17_48_06.jpg,21
6788,image_BS1_7405_17_48_06.jpg,21
6789,image_BS1_7406_17_48_06.jpg,21
6790,image_BS1_7407_17_48_06.jpg,21
6791,image_BS1_7408_17_48_07.jpg,21
6792,image_BS1_7409_17_48_07.jpg,21
6793,image_BS1_7410_17_48_07.jpg,21
6794,image_BS1_7411_17_48_07.jpg,21
6795,image_BS1_7412_17_48_07.jpg,21
6796,image_BS1_7413_17_48_07.jpg,21
6797,image_BS1_7414_17_48_07.jpg,21
6798,image_BS1_7415_17_48_07.jpg,21
6799,image_BS1_7416_17_48_08.jpg,21
6800,image_BS1_7417_17_48_08.jpg,21
6801,image_BS1_7418_17_48_08.jpg,21
6802,image_BS1_7419_17_48_08.jpg,21
6803,image_BS1_7420_17_48_08.jpg,21
6804,image_BS1_7421_17_48_08.jpg,21
6805,image_BS1_7422_17_48_08.jpg,21
6806,image_BS1_7423_17_48_09.jpg,21
6807,image_BS1_7424_17_48_09.jpg,21
6808,image_BS1_7425_17_48_09.jpg,21
6809,image_BS1_7426_17_48_09.jpg,21
6810,image_BS1_7427_17_48_09.jpg,21
6811,image_BS1_7428_17_48_09.jpg,22
6812,image_BS1_7429_17_48_09.jpg,21
6813,image_BS1_7430_17_48_10.jpg,21
6814,image_BS1_7431_17_48_10.jpg,22
6815,image_BS1_7432_17_48_10.jpg,21
6816,image_BS1_7433_17_48_10.jpg,21
6817,image_BS1_7434_17_48_10.jpg,21
6818,image_BS1_7435_17_48_10.jpg,22
6819,image_BS1_7436_17_48_10.jpg,21
6820,image_BS1_7437_17_48_11.jpg,21
6821,image_BS1_7438_17_48_11.jpg,21
6822,image_BS1_7439_17_48_11.jpg,21
6823,image_BS1_7440_17_48_11.jpg,21
6824,image_BS1_7441_17_48_11.jpg,22
6825,image_BS1_7442_17_48_11.jpg,21
6826,image_BS1_7443_17_48_11.jpg,21
6827,image_BS1_7444_17_48_12.jpg,21
6828,image_BS1_7445_17_48_12.jpg,21
6829,image_BS1_7446_17_48_12.jpg,22
6830,image_BS1_7447_17_48_12.jpg,22
6831,image_BS1_7448_17_48_12.jpg,22
6832,image_BS1_7449_17_48_12.jpg,22
6833,image_BS1_7450_17_48_12.jpg,22
6834,image_BS1_7451_17_48_12.jpg,22
6835,image_BS1_7452_17_48_13.jpg,22
6836,image_BS1_7453_17_48_13.jpg,22
6837,image_BS1_7454_17_48_13.jpg,23
6838,image_BS1_7455_17_48_13.jpg,23
6839,image_BS1_7456_17_48_13.jpg,23
6840,image_BS1_7457_17_48_13.jpg,26
6841,image_BS1_7458_17_48_13.jpg,27
6842,image_BS1_7459_17_48_14.jpg,29
6843,image_BS1_7460_17_48_14.jpg,29
6844,image_BS1_7461_17_48_14.jpg,31
6845,image_BS1_7462_17_48_14.jpg,32
6846,image_BS1_7463_17_48_14.jpg,34
6847,image_BS1_7464_17_48_14.jpg,37
6848,image_BS1_7465_17_48_14.jpg,39
6849,image_BS1_7466_17_48_15.jpg,39
6850,image_BS1_7467_17_48_15.jpg,39
6851,image_BS1_7468_17_48_15.jpg,42
6852,image_BS1_7469_17_48_15.jpg,42
6853,image_BS1_7470_17_48_15.jpg,42
6854,image_BS1_7471_17_48_15.jpg,42
6855,image_BS1_7472_17_48_15.jpg,42
6856,image_BS1_7473_17_48_16.jpg,44
6857,image_BS1_7474_17_48_16.jpg,44
6858,image_BS1_7475_17_48_16.jpg,44
6859,image_BS1_7476_17_48_16.jpg,43
6860,image_BS1_7477_17_48_16.jpg,43
6861,image_BS1_7478_17_48_16.jpg,42
6862,image_BS1_7479_17_48_17.jpg,42
6863,image_BS1_7480_17_48_17.jpg,42
6864,image_BS1_7481_17_48_17.jpg,42
6865,image_BS1_7482_17_48_17.jpg,42
6866,image_BS1_7483_17_48_17.jpg,42
6867,image_BS1_7484_17_48_17.jpg,39
6868,image_BS1_7485_17_48_17.jpg,39
6869,image_BS1_7486_17_48_18.jpg,38
6870,image_BS1_7487_17_48_18.jpg,37
6871,image_BS1_7488_17_48_18.jpg,37
6872,image_BS1_7489_17_48_18.jpg,37
6873,image_BS1_7490_17_48_18.jpg,34
6874,image_BS1_7491_17_48_18.jpg,34
6875,image_BS1_7492_17_48_18.jpg,33
6876,image_BS1_7493_17_48_18.jpg,33
6877,image_BS1_7494_17_48_19.jpg,34
6878,image_BS1_7495_17_48_19.jpg,32
6879,image_BS1_7496_17_48_19.jpg,32
6880,image_BS1_7497_17_48_19.jpg,32
6881,image_BS1_7498_17_48_19.jpg,30
6882,image_BS1_7499_17_48_19.jpg,30
6883,image_BS1_7500_17_48_19.jpg,30
6884,image_BS1_7501_17_48_20.jpg,29
6885,image_BS1_7502_17_48_20.jpg,29
6886,image_BS1_7503_17_48_20.jpg,29
6887,image_BS1_7504_17_48_20.jpg,29
6888,image_BS1_7505_17_48_20.jpg,29
6889,image_BS1_7506_17_48_20.jpg,29
6890,image_BS1_7507_17_48_20.jpg,29
6891,image_BS1_7508_17_48_21.jpg,29
6892,image_BS1_7509_17_48_21.jpg,29
6893,image_BS1_7510_17_48_21.jpg,29
6894,image_BS1_7511_17_48_21.jpg,29
6895,image_BS1_7512_17_48_21.jpg,29
6896,image_BS1_7513_17_48_21.jpg,29
6897,image_BS1_7514_17_48_21.jpg,29
6898,image_BS1_7515_17_48_22.jpg,29
6899,image_BS1_7516_17_48_22.jpg,29
6900,image_BS1_7517_17_48_22.jpg,29
6901,image_BS1_7518_17_48_22.jpg,29
6902,image_BS1_7519_17_48_22.jpg,29
6903,image_BS1_7520_17_48_22.jpg,29
6904,image_BS1_7521_17_48_22.jpg,27
6905,image_BS1_7522_17_48_23.jpg,27
6906,image_BS1_7523_17_48_23.jpg,27
6907,image_BS1_7524_17_48_23.jpg,27
6908,image_BS1_7525_17_48_23.jpg,26
6909,image_BS1_7526_17_48_23.jpg,26
6910,image_BS1_7527_17_48_23.jpg,26
6911,image_BS1_7528_17_48_23.jpg,26
6912,image_BS1_7529_17_48_23.jpg,23
6913,image_BS1_7530_17_48_24.jpg,23
6914,image_BS1_7531_17_48_24.jpg,23
6915,image_BS1_7532_17_48_24.jpg,23
6916,image_BS1_7533_17_48_24.jpg,23
6917,image_BS1_7534_17_48_24.jpg,23
6918,image_BS1_7535_17_48_24.jpg,23
6919,image_BS1_7536_17_48_24.jpg,23
6920,image_BS1_7537_17_48_24.jpg,23
6921,image_BS1_7538_17_48_25.jpg,23
6922,image_BS1_7539_17_48_25.jpg,23
6923,image_BS1_7540_17_48_25.jpg,23
6924,image_BS1_7541_17_48_25.jpg,23
6925,image_BS1_7542_17_48_25.jpg,23
6926,image_BS1_7543_17_48_25.jpg,23
6927,image_BS1_7544_17_48_26.jpg,23
6928,image_BS1_7545_17_48_26.jpg,23
6929,image_BS1_7546_17_48_26.jpg,23
6930,image_BS1_7547_17_48_26.jpg,25
6931,image_BS1_7548_17_48_26.jpg,26
6932,image_BS1_7549_17_48_26.jpg,26
6933,image_BS1_7550_17_48_27.jpg,26
6934,image_BS1_7551_17_48_27.jpg,26
6935,image_BS1_7552_17_48_27.jpg,26
6936,image_BS1_7553_17_48_27.jpg,26
6937,image_BS1_7554_17_48_27.jpg,26
6938,image_BS1_7555_17_48_27.jpg,26
6939,image_BS1_7556_17_48_27.jpg,27
6940,image_BS1_7557_17_48_27.jpg,26
6941,image_BS1_7558_17_48_28.jpg,26
6942,image_BS1_7559_17_48_28.jpg,26
6943,image_BS1_7560_17_48_28.jpg,26
6944,image_BS1_7561_17_48_28.jpg,26
6945,image_BS1_7562_17_48_28.jpg,27
6946,image_BS1_7563_17_48_28.jpg,27
6947,image_BS1_7564_17_48_28.jpg,27
6948,image_BS1_7565_17_48_28.jpg,27
6949,image_BS1_7566_17_48_29.jpg,29
6950,image_BS1_7567_17_48_29.jpg,29
6951,image_BS1_7568_17_48_29.jpg,29
6952,image_BS1_7569_17_48_29.jpg,29
6953,image_BS1_7570_17_48_29.jpg,32
6954,image_BS1_7571_17_48_29.jpg,32
6955,image_BS1_7572_17_48_29.jpg,34
6956,image_BS1_7573_17_48_30.jpg,34
6957,image_BS1_7574_17_48_30.jpg,37
6958,image_BS1_7575_17_48_30.jpg,37
6959,image_BS1_7576_17_48_30.jpg,39
6960,image_BS1_7577_17_48_30.jpg,39
6961,image_BS1_7578_17_48_30.jpg,40
6962,image_BS1_7579_17_48_30.jpg,42
6963,image_BS1_7580_17_48_31.jpg,42
6964,image_BS1_7581_17_48_31.jpg,43
6965,image_BS1_7582_17_48_31.jpg,43
6966,image_BS1_7583_17_48_31.jpg,43
6967,image_BS1_7584_17_48_31.jpg,44
6968,image_BS1_7585_17_48_31.jpg,44
6969,image_BS1_7586_17_48_31.jpg,45
6970,image_BS1_7587_17_48_32.jpg,45
6971,image_BS1_7588_17_48_32.jpg,45
6972,image_BS1_7589_17_48_32.jpg,45
6973,image_BS1_7590_17_48_32.jpg,44
6974,image_BS1_7591_17_48_32.jpg,45
6975,image_BS1_7592_17_48_32.jpg,45
6976,image_BS1_7593_17_48_32.jpg,44
6977,image_BS1_7594_17_48_32.jpg,44
6978,image_BS1_7595_17_48_33.jpg,43
6979,image_BS1_7596_17_48_33.jpg,43
6980,image_BS1_7597_17_48_33.jpg,43
6981,image_BS1_7598_17_48_33.jpg,43
6982,image_BS1_7599_17_48_33.jpg,42
6983,image_BS1_7600_17_48_33.jpg,42
6984,image_BS1_7601_17_48_33.jpg,40
6985,image_BS1_7602_17_48_33.jpg,40
6986,image_BS1_7603_17_48_34.jpg,39
6987,image_BS1_7604_17_48_34.jpg,39
6988,image_BS1_7605_17_48_34.jpg,39
6989,image_BS1_7606_17_48_34.jpg,38
6990,image_BS1_7607_17_48_34.jpg,37
6991,image_BS1_7608_17_48_34.jpg,37
6992,image_BS1_7609_17_48_34.jpg,37
6993,image_BS1_7610_17_48_35.jpg,37
6994,image_BS1_7611_17_48_35.jpg,37
6995,image_BS1_7612_17_48_35.jpg,37
6996,image_BS1_7613_17_48_35.jpg,37
6997,image_BS1_7614_17_48_35.jpg,37
6998,image_BS1_7615_17_48_35.jpg,34
6999,image_BS1_7616_17_48_35.jpg,37
7000,image_BS1_7617_17_48_36.jpg,34
7001,image_BS1_7618_17_48_36.jpg,34
7002,image_BS1_7619_17_48_36.jpg,34
7003,image_BS1_7620_17_48_36.jpg,34
7004,image_BS1_7621_17_48_36.jpg,34
7005,image_BS1_7622_17_48_36.jpg,34
7006,image_BS1_7623_17_48_36.jpg,34
7007,image_BS1_7624_17_48_36.jpg,34
7008,image_BS1_7625_17_48_37.jpg,34
7009,image_BS1_7626_17_48_37.jpg,34
7010,image_BS1_7627_17_48_37.jpg,34
7011,image_BS1_7628_17_48_37.jpg,33
7012,image_BS1_7629_17_48_37.jpg,34
7013,image_BS1_7630_17_48_37.jpg,33
7014,image_BS1_7631_17_48_37.jpg,32
7015,image_BS1_7632_17_48_38.jpg,33
7016,image_BS1_7633_17_48_38.jpg,32
7017,image_BS1_7634_17_48_38.jpg,32
7018,image_BS1_7635_17_48_38.jpg,32
7019,image_BS1_7636_17_48_38.jpg,32
7020,image_BS1_7637_17_48_38.jpg,33
7021,image_BS1_7638_17_48_38.jpg,33
7022,image_BS1_7639_17_48_38.jpg,33
7023,image_BS1_7640_17_48_39.jpg,33
7024,image_BS1_7641_17_48_39.jpg,32
7025,image_BS1_7642_17_48_39.jpg,32
7026,image_BS1_7643_17_48_39.jpg,34
7027,image_BS1_7644_17_48_39.jpg,32
7028,image_BS1_7645_17_48_39.jpg,32
7029,image_BS1_7646_17_48_39.jpg,32
7030,image_BS1_7647_17_48_39.jpg,34
7031,image_BS1_7648_17_48_40.jpg,33
7032,image_BS1_7649_17_48_40.jpg,32
7033,image_BS1_7650_17_48_40.jpg,32
7034,image_BS1_7651_17_48_40.jpg,33
7035,image_BS1_7652_17_48_40.jpg,32
7036,image_BS1_7653_17_48_40.jpg,32
7037,image_BS1_7654_17_48_40.jpg,32
7038,image_BS1_7655_17_48_41.jpg,34
7039,image_BS1_7656_17_48_41.jpg,33
7040,image_BS1_7657_17_48_41.jpg,33
7041,image_BS1_7658_17_48_41.jpg,34
7042,image_BS1_7659_17_48_41.jpg,34
7043,image_BS1_7660_17_48_41.jpg,34
7044,image_BS1_7661_17_48_41.jpg,37
7045,image_BS1_7662_17_48_41.jpg,37
7046,image_BS1_7663_17_48_42.jpg,38
7047,image_BS1_7664_17_48_42.jpg,39
7048,image_BS1_7665_17_48_42.jpg,39
7049,image_BS1_7666_17_48_42.jpg,39
7050,image_BS1_7667_17_48_42.jpg,42
7051,image_BS1_7668_17_48_42.jpg,43
7052,image_BS1_7669_17_48_42.jpg,44
7053,image_BS1_7670_17_48_43.jpg,44
7054,image_BS1_7671_17_48_43.jpg,45
7055,image_BS1_7672_17_48_43.jpg,46
7056,image_BS1_7673_17_48_43.jpg,47
7057,image_BS1_7674_17_48_43.jpg,47
7058,image_BS1_7675_17_48_43.jpg,48
7059,image_BS1_7676_17_48_43.jpg,49
7060,image_BS1_7677_17_48_43.jpg,48
7061,image_BS1_7678_17_48_44.jpg,48
7062,image_BS1_7679_17_48_44.jpg,48
7063,image_BS1_7680_17_48_44.jpg,48
7064,image_BS1_7681_17_48_44.jpg,48
7065,image_BS1_7682_17_48_44.jpg,49
7066,image_BS1_7683_17_48_44.jpg,49
7067,image_BS1_7684_17_48_44.jpg,47
7068,image_BS1_7685_17_48_45.jpg,47
7069,image_BS1_7686_17_48_45.jpg,47
7070,image_BS1_7687_17_48_45.jpg,46
7071,image_BS1_7688_17_48_45.jpg,45
7072,image_BS1_7689_17_48_45.jpg,44
7073,image_BS1_7690_17_48_45.jpg,43
7074,image_BS1_7691_17_48_45.jpg,42
7075,image_BS1_7692_17_48_45.jpg,42
7076,image_BS1_7693_17_48_46.jpg,39
7077,image_BS1_7694_17_48_46.jpg,39
7078,image_BS1_7695_17_48_46.jpg,37
7079,image_BS1_7696_17_48_46.jpg,34
7080,image_BS1_7697_17_48_46.jpg,34
7081,image_BS1_7698_17_48_46.jpg,32
7082,image_BS1_7699_17_48_46.jpg,29
7083,image_BS1_7700_17_48_47.jpg,29
7084,image_BS1_7701_17_48_47.jpg,27
7085,image_BS1_7702_17_48_47.jpg,26
7086,image_BS1_7703_17_48_47.jpg,23
7087,image_BS1_7704_17_48_47.jpg,22
7088,image_BS1_7705_17_48_47.jpg,20
7089,image_BS1_7706_17_48_47.jpg,19
7090,image_BS1_7707_17_48_47.jpg,17
7091,image_BS1_7708_17_48_48.jpg,17
7092,image_BS1_7709_17_48_48.jpg,14
7093,image_BS1_7710_17_48_48.jpg,13
7094,image_BS1_7711_17_48_48.jpg,14
7095,image_BS1_7712_17_48_48.jpg,11
7096,image_BS1_7713_17_48_48.jpg,11
7097,image_BS1_7714_17_48_48.jpg,11
7098,image_BS1_7715_17_48_48.jpg,11
7099,image_BS1_7716_17_48_49.jpg,11
7100,image_BS1_7717_17_48_49.jpg,11
7101,image_BS1_7718_17_48_49.jpg,9
7102,image_BS1_7719_17_48_49.jpg,9
7103,image_BS1_7720_17_48_49.jpg,8
7104,image_BS1_7721_17_48_49.jpg,8
7105,image_BS1_7722_17_48_49.jpg,9
7106,image_BS1_7723_17_48_50.jpg,8
7107,image_BS1_7724_17_48_50.jpg,9
7108,image_BS1_7725_17_48_50.jpg,9
7109,image_BS1_7726_17_48_50.jpg,9
7110,image_BS1_7727_17_48_50.jpg,11
7111,image_BS1_7728_17_48_50.jpg,10
7112,image_BS1_7729_17_48_50.jpg,11
7113,image_BS1_7730_17_48_50.jpg,10
7114,image_BS1_7731_17_48_51.jpg,11
7115,image_BS1_7732_17_48_51.jpg,11
7116,image_BS1_7733_17_48_51.jpg,11
7117,image_BS1_7734_17_48_51.jpg,11
7118,image_BS1_7735_17_48_51.jpg,11
7119,image_BS1_7736_17_48_51.jpg,11
7120,image_BS1_7737_17_48_51.jpg,13
7121,image_BS1_7738_17_48_52.jpg,13
7122,image_BS1_7739_17_48_52.jpg,14
7123,image_BS1_7740_17_48_52.jpg,14
7124,image_BS1_7741_17_48_52.jpg,14
7125,image_BS1_7742_17_48_52.jpg,14
7126,image_BS1_7743_17_48_52.jpg,16
7127,image_BS1_7744_17_48_52.jpg,16
7128,image_BS1_7745_17_48_53.jpg,17
7129,image_BS1_7746_17_48_53.jpg,17
7130,image_BS1_7747_17_48_53.jpg,17
7131,image_BS1_7748_17_48_53.jpg,19
7132,image_BS1_7749_17_48_53.jpg,20
7133,image_BS1_7750_17_48_53.jpg,21
7134,image_BS1_7751_17_48_53.jpg,21
7135,image_BS1_7752_17_48_54.jpg,22
7136,image_BS1_7753_17_48_54.jpg,22
7137,image_BS1_7754_17_48_54.jpg,22
7138,image_BS1_7755_17_48_54.jpg,23
7139,image_BS1_7756_17_48_54.jpg,23
7140,image_BS1_7757_17_48_54.jpg,23
7141,image_BS1_7758_17_48_54.jpg,23
7142,image_BS1_7759_17_48_54.jpg,26
7143,image_BS1_7760_17_48_55.jpg,26
7144,image_BS1_7761_17_48_55.jpg,26
7145,image_BS1_7762_17_48_55.jpg,26
7146,image_BS1_7763_17_48_55.jpg,27
7147,image_BS1_7764_17_48_55.jpg,27
7148,image_BS1_7765_17_48_55.jpg,27
7149,image_BS1_7766_17_48_55.jpg,29
7150,image_BS1_7767_17_48_56.jpg,29
7151,image_BS1_7768_17_48_56.jpg,29
7152,image_BS1_7769_17_48_56.jpg,29
7153,image_BS1_7770_17_48_56.jpg,29
7154,image_BS1_7771_17_48_56.jpg,29
7155,image_BS1_7772_17_48_56.jpg,29
7156,image_BS1_7773_17_48_56.jpg,29
7157,image_BS1_7774_17_48_57.jpg,29
7158,image_BS1_7775_17_48_57.jpg,29
7159,image_BS1_7776_17_48_57.jpg,28
7160,image_BS1_7777_17_48_57.jpg,27
7161,image_BS1_7778_17_48_57.jpg,27
7162,image_BS1_7779_17_48_57.jpg,26
7163,image_BS1_7780_17_48_57.jpg,26
7164,image_BS1_7781_17_48_57.jpg,23
7165,image_BS1_7782_17_48_58.jpg,22
7166,image_BS1_7783_17_48_58.jpg,22
7167,image_BS1_7784_17_48_58.jpg,21
7168,image_BS1_7785_17_48_58.jpg,20
7169,image_BS1_7786_17_48_58.jpg,20
7170,image_BS1_7787_17_48_58.jpg,19
7171,image_BS1_7788_17_48_58.jpg,17
7172,image_BS1_7789_17_48_59.jpg,17
7173,image_BS1_7790_17_48_59.jpg,17
7174,image_BS1_7791_17_48_59.jpg,17
7175,image_BS1_7792_17_48_59.jpg,17
7176,image_BS1_7793_17_48_59.jpg,17
7177,image_BS1_7794_17_48_59.jpg,17
7178,image_BS1_7795_17_48_59.jpg,14
7179,image_BS1_7796_17_49_00.jpg,14
7180,image_BS1_7797_17_49_00.jpg,14
7181,image_BS1_7798_17_49_00.jpg,14
7182,image_BS1_7799_17_49_00.jpg,14
7183,image_BS1_7800_17_49_00.jpg,14
7184,image_BS1_7801_17_49_00.jpg,13
7185,image_BS1_7802_17_49_00.jpg,13
7186,image_BS1_7803_17_49_01.jpg,13
7187,image_BS1_7804_17_49_01.jpg,13
7188,image_BS1_7805_17_49_01.jpg,13
7189,image_BS1_7806_17_49_01.jpg,13
7190,image_BS1_7807_17_49_01.jpg,13
7191,image_BS1_7808_17_49_01.jpg,13
7192,image_BS1_7809_17_49_01.jpg,13
7193,image_BS1_7810_17_49_02.jpg,14
7194,image_BS1_7811_17_49_02.jpg,14
7195,image_BS1_7812_17_49_02.jpg,14
7196,image_BS1_7813_17_49_02.jpg,14
7197,image_BS1_7814_17_49_02.jpg,14
7198,image_BS1_7815_17_49_02.jpg,14
7199,image_BS1_7816_17_49_02.jpg,17
7200,image_BS1_7817_17_49_03.jpg,17
7201,image_BS1_7818_17_49_03.jpg,16
7202,image_BS1_7819_17_49_03.jpg,17
7203,image_BS1_7820_17_49_03.jpg,17
7204,image_BS1_7821_17_49_03.jpg,17
7205,image_BS1_7822_17_49_03.jpg,17
7206,image_BS1_7823_17_49_03.jpg,17
7207,image_BS1_7824_17_49_03.jpg,17
7208,image_BS1_7825_17_49_04.jpg,17
7209,image_BS1_7826_17_49_04.jpg,16
7210,image_BS1_7827_17_49_04.jpg,17
7211,image_BS1_7828_17_49_04.jpg,17
7212,image_BS1_7829_17_49_04.jpg,17
7213,image_BS1_7830_17_49_04.jpg,17
7214,image_BS1_7831_17_49_04.jpg,17
7215,image_BS1_7832_17_49_05.jpg,17
7216,image_BS1_7833_17_49_05.jpg,17
7217,image_BS1_7834_17_49_05.jpg,17
7218,image_BS1_7835_17_49_05.jpg,17
7219,image_BS1_7836_17_49_05.jpg,17
7220,image_BS1_7837_17_49_05.jpg,17
7221,image_BS1_7838_17_49_05.jpg,17
7222,image_BS1_7839_17_49_06.jpg,17
7223,image_BS1_7840_17_49_06.jpg,17
7224,image_BS1_7841_17_49_06.jpg,19
7225,image_BS1_7842_17_49_06.jpg,20
7226,image_BS1_7843_17_49_06.jpg,21
7227,image_BS1_7844_17_49_06.jpg,21
7228,image_BS1_7845_17_49_06.jpg,22
7229,image_BS1_7846_17_49_06.jpg,23
7230,image_BS1_7847_17_49_07.jpg,26
7231,image_BS1_7848_17_49_07.jpg,27
7232,image_BS1_7849_17_49_07.jpg,28
7233,image_BS1_7850_17_49_07.jpg,29
7234,image_BS1_7851_17_49_07.jpg,29
7235,image_BS1_7852_17_49_07.jpg,32
7236,image_BS1_7853_17_49_07.jpg,33
7237,image_BS1_7854_17_49_08.jpg,34
7238,image_BS1_7855_17_49_08.jpg,34
7239,image_BS1_7856_17_49_08.jpg,34
7240,image_BS1_7857_17_49_08.jpg,37
7241,image_BS1_7858_17_49_08.jpg,37
7242,image_BS1_7859_17_49_08.jpg,37
7243,image_BS1_7860_17_49_08.jpg,38
7244,image_BS1_7861_17_49_08.jpg,38
7245,image_BS1_7862_17_49_09.jpg,39
7246,image_BS1_7863_17_49_09.jpg,39
7247,image_BS1_7864_17_49_09.jpg,38
7248,image_BS1_7865_17_49_09.jpg,39
7249,image_BS1_7866_17_49_09.jpg,39
7250,image_BS1_7867_17_49_10.jpg,39
7251,image_BS1_7868_17_49_10.jpg,39
7252,image_BS1_7869_17_49_10.jpg,39
7253,image_BS1_7870_17_49_10.jpg,39
7254,image_BS1_7871_17_49_10.jpg,39
7255,image_BS1_7872_17_49_10.jpg,39
7256,image_BS1_7873_17_49_10.jpg,39
7257,image_BS1_7874_17_49_11.jpg,40
7258,image_BS1_7875_17_49_11.jpg,39
7259,image_BS1_7876_17_49_11.jpg,39
7260,image_BS1_7877_17_49_11.jpg,42
7261,image_BS1_7878_17_49_12.jpg,43
7262,image_BS1_7879_17_49_12.jpg,43
7263,image_BS1_7880_17_49_12.jpg,42
7264,image_BS1_7881_17_49_12.jpg,42
7265,image_BS1_7882_17_49_12.jpg,42
7266,image_BS1_7883_17_49_12.jpg,40
7267,image_BS1_7884_17_49_12.jpg,39
7268,image_BS1_7885_17_49_13.jpg,39
7269,image_BS1_7886_17_49_13.jpg,39
7270,image_BS1_7887_17_49_13.jpg,37
7271,image_BS1_7888_17_49_13.jpg,34
7272,image_BS1_7889_17_49_13.jpg,34
7273,image_BS1_7890_17_49_13.jpg,32
7274,image_BS1_7891_17_49_13.jpg,29
7275,image_BS1_7892_17_49_14.jpg,29
7276,image_BS1_7893_17_49_14.jpg,27
7277,image_BS1_7894_17_49_14.jpg,26
7278,image_BS1_7895_17_49_14.jpg,23
7279,image_BS1_7896_17_49_14.jpg,23
7280,image_BS1_7897_17_49_14.jpg,22
7281,image_BS1_7898_17_49_14.jpg,22
7282,image_BS1_7899_17_49_15.jpg,21
7283,image_BS1_7900_17_49_15.jpg,21
7284,image_BS1_7901_17_49_15.jpg,21
7285,image_BS1_7902_17_49_15.jpg,21
7286,image_BS1_7903_17_49_15.jpg,21
7287,image_BS1_7904_17_49_15.jpg,19
7288,image_BS1_7905_17_49_15.jpg,20
7289,image_BS1_7906_17_49_16.jpg,21
7290,image_BS1_7907_17_49_16.jpg,20
7291,image_BS1_7908_17_49_16.jpg,20
7292,image_BS1_7909_17_49_16.jpg,21
7293,image_BS1_7910_17_49_16.jpg,21
7294,image_BS1_7911_17_49_16.jpg,21
7295,image_BS1_7912_17_49_16.jpg,22
7296,image_BS1_7913_17_49_16.jpg,22
7297,image_BS1_7914_17_49_17.jpg,21
7298,image_BS1_7915_17_49_17.jpg,21
7299,image_BS1_7916_17_49_17.jpg,21
7300,image_BS1_7917_17_49_17.jpg,20
7301,image_BS1_7918_17_49_17.jpg,20
7302,image_BS1_7919_17_49_17.jpg,17
7303,image_BS1_7920_17_49_17.jpg,17
7304,image_BS1_7921_17_49_18.jpg,17
7305,image_BS1_7922_17_49_18.jpg,16
7306,image_BS1_7923_17_49_18.jpg,14
7307,image_BS1_7924_17_49_18.jpg,14
7308,image_BS1_7925_17_49_18.jpg,14
7309,image_BS1_7926_17_49_18.jpg,14
7310,image_BS1_7927_17_49_18.jpg,14
7311,image_BS1_7928_17_49_18.jpg,16
7312,image_BS1_7929_17_49_19.jpg,17
7313,image_BS1_7930_17_49_19.jpg,17
7314,image_BS1_7931_17_49_19.jpg,17
7315,image_BS1_7932_17_49_19.jpg,19
7316,image_BS1_7933_17_49_19.jpg,21
7317,image_BS1_7934_17_49_19.jpg,21
7318,image_BS1_7935_17_49_19.jpg,22
7319,image_BS1_7936_17_49_19.jpg,23
7320,image_BS1_7937_17_49_20.jpg,26
7321,image_BS1_7938_17_49_20.jpg,26
7322,image_BS1_7939_17_49_20.jpg,26
7323,image_BS1_7940_17_49_20.jpg,27
7324,image_BS1_7941_17_49_21.jpg,29
7325,image_BS1_7942_17_49_21.jpg,29
7326,image_BS1_7943_17_49_21.jpg,29
7327,image_BS1_7944_17_49_21.jpg,29
7328,image_BS1_7945_17_49_21.jpg,29
7329,image_BS1_7946_17_49_21.jpg,31
7330,image_BS1_7947_17_49_21.jpg,32
7331,image_BS1_7948_17_49_21.jpg,32
7332,image_BS1_7949_17_49_22.jpg,32
7333,image_BS1_7950_17_49_22.jpg,32
7334,image_BS1_7951_17_49_22.jpg,32
7335,image_BS1_7952_17_49_22.jpg,32
7336,image_BS1_7953_17_49_22.jpg,34
7337,image_BS1_7954_17_49_22.jpg,32
7338,image_BS1_7955_17_49_22.jpg,32
7339,image_BS1_7956_17_49_23.jpg,32
7340,image_BS1_7957_17_49_23.jpg,29
7341,image_BS1_7958_17_49_23.jpg,29
7342,image_BS1_7959_17_49_23.jpg,29
7343,image_BS1_7960_17_49_23.jpg,29
7344,image_BS1_7961_17_49_23.jpg,27
7345,image_BS1_7962_17_49_23.jpg,26
7346,image_BS1_7963_17_49_24.jpg,17
7347,image_BS1_7964_17_49_24.jpg,17
7348,image_BS1_7965_17_49_24.jpg,17
7349,image_BS1_7966_17_49_25.jpg,17
7350,image_BS1_7967_17_49_25.jpg,17
7351,image_BS1_7968_17_49_25.jpg,16
7352,image_BS1_7969_17_49_25.jpg,17
7353,image_BS1_7970_17_49_25.jpg,17
7354,image_BS1_7971_17_49_25.jpg,17
7355,image_BS1_7972_17_49_25.jpg,17
7356,image_BS1_7973_17_49_26.jpg,17
7357,image_BS1_7974_17_49_26.jpg,20
7358,image_BS1_7975_17_49_26.jpg,22
7359,image_BS1_7976_17_49_26.jpg,22
7360,image_BS1_7977_17_49_26.jpg,23
7361,image_BS1_7978_17_49_27.jpg,33
7362,image_BS1_7979_17_49_27.jpg,34
7363,image_BS1_7980_17_49_27.jpg,37
7364,image_BS1_7981_17_49_27.jpg,37
7365,image_BS1_7982_17_49_27.jpg,38
7366,image_BS1_7983_17_49_28.jpg,39
7367,image_BS1_7984_17_49_28.jpg,39
7368,image_BS1_7985_17_49_28.jpg,39
7369,image_BS1_7986_17_49_28.jpg,39
7370,image_BS1_7987_17_49_28.jpg,39
7371,image_BS1_7988_17_49_28.jpg,39
7372,image_BS1_7989_17_49_28.jpg,40
7373,image_BS1_7990_17_49_29.jpg,39
7374,image_BS1_7991_17_49_29.jpg,42
7375,image_BS1_7992_17_49_29.jpg,43
7376,image_BS1_7993_17_49_30.jpg,44
7377,image_BS1_7994_17_49_30.jpg,44
7378,image_BS1_7995_17_49_30.jpg,44
7379,image_BS1_7996_17_49_31.jpg,44
7380,image_BS1_7997_17_49_31.jpg,44
7381,image_BS1_7998_17_49_31.jpg,45
7382,image_BS1_7999_17_49_31.jpg,44
7383,image_BS1_8000_17_49_31.jpg,45
7384,image_BS1_8001_17_49_31.jpg,44
7385,image_BS1_8002_17_49_32.jpg,44
7386,image_BS1_8003_17_49_32.jpg,44
7387,image_BS1_8004_17_49_32.jpg,43
7388,image_BS1_8005_17_49_32.jpg,42
7389,image_BS1_8006_17_49_32.jpg,42
7390,image_BS1_8007_17_49_32.jpg,39
7391,image_BS1_8008_17_49_32.jpg,39
7392,image_BS1_8009_17_49_33.jpg,39
7393,image_BS1_8010_17_49_33.jpg,37
7394,image_BS1_8011_17_49_33.jpg,37
7395,image_BS1_8012_17_49_33.jpg,34
7396,image_BS1_8013_17_49_33.jpg,34
7397,image_BS1_8014_17_49_33.jpg,31
7398,image_BS1_8015_17_49_33.jpg,29
7399,image_BS1_8016_17_49_33.jpg,29
7400,image_BS1_8017_17_49_34.jpg,27
7401,image_BS1_8018_17_49_34.jpg,26
7402,image_BS1_8019_17_49_34.jpg,23
7403,image_BS1_8020_17_49_34.jpg,22
7404,image_BS1_8021_17_49_34.jpg,22
7405,image_BS1_8022_17_49_34.jpg,21
7406,image_BS1_8023_17_49_34.jpg,20
7407,image_BS1_8024_17_49_35.jpg,17
7408,image_BS1_8025_17_49_35.jpg,17
7409,image_BS1_8026_17_49_35.jpg,17
7410,image_BS1_8027_17_49_35.jpg,17
7411,image_BS1_8028_17_49_35.jpg,17
7412,image_BS1_8029_17_49_35.jpg,17
7413,image_BS1_8030_17_49_35.jpg,17
7414,image_BS1_8031_17_49_36.jpg,17
7415,image_BS1_8032_17_49_36.jpg,17
7416,image_BS1_8033_17_49_36.jpg,19
7417,image_BS1_8034_17_49_36.jpg,20
7418,image_BS1_8035_17_49_36.jpg,20
7419,image_BS1_8036_17_49_36.jpg,20
7420,image_BS1_8037_17_49_36.jpg,20
7421,image_BS1_8038_17_49_37.jpg,19
7422,image_BS1_8039_17_49_37.jpg,19
7423,image_BS1_8040_17_49_37.jpg,17
7424,image_BS1_8041_17_49_37.jpg,17
7425,image_BS1_8042_17_49_37.jpg,17
7426,image_BS1_8043_17_49_37.jpg,17
7427,image_BS1_8044_17_49_37.jpg,14
7428,image_BS1_8045_17_49_38.jpg,14
7429,image_BS1_8046_17_49_38.jpg,14
7430,image_BS1_8047_17_49_38.jpg,13
7431,image_BS1_8048_17_49_38.jpg,13
7432,image_BS1_8049_17_49_38.jpg,14
7433,image_BS1_8050_17_49_38.jpg,13
7434,image_BS1_8051_17_49_39.jpg,14
7435,image_BS1_8052_17_49_39.jpg,14
7436,image_BS1_8053_17_49_39.jpg,17
7437,image_BS1_8054_17_49_39.jpg,17
7438,image_BS1_8055_17_49_39.jpg,17
7439,image_BS1_8056_17_49_39.jpg,20
7440,image_BS1_8057_17_49_39.jpg,22
7441,image_BS1_8058_17_49_39.jpg,23
7442,image_BS1_8059_17_49_40.jpg,26
7443,image_BS1_8060_17_49_40.jpg,27
7444,image_BS1_8061_17_49_40.jpg,29
7445,image_BS1_8062_17_49_41.jpg,48
7446,image_BS1_8063_17_49_41.jpg,55
7447,image_BS1_8064_17_49_42.jpg,58
7448,image_BS1_8065_17_49_42.jpg,59
7449,image_BS1_8066_17_49_42.jpg,59
7450,image_BS1_8067_17_49_42.jpg,59
7451,image_BS1_8068_17_49_42.jpg,59
7452,image_BS1_8069_17_49_42.jpg,59
7453,image_BS1_8070_17_49_43.jpg,59
7454,image_BS1_8071_17_49_43.jpg,59
7455,image_BS1_8072_17_49_43.jpg,58
7456,image_BS1_8073_17_49_43.jpg,57
7457,image_BS1_8074_17_49_43.jpg,55
7458,image_BS1_8075_17_49_43.jpg,55
7459,image_BS1_8076_17_49_43.jpg,55
7460,image_BS1_8077_17_49_44.jpg,54
7461,image_BS1_8078_17_49_44.jpg,52
7462,image_BS1_8079_17_49_44.jpg,51
7463,image_BS1_8080_17_49_44.jpg,49
7464,image_BS1_8081_17_49_44.jpg,46
7465,image_BS1_8082_17_49_44.jpg,44
7466,image_BS1_8083_17_49_44.jpg,42
7467,image_BS1_8084_17_49_44.jpg,39
7468,image_BS1_8085_17_49_45.jpg,38
7469,image_BS1_8086_17_49_46.jpg,14
7470,image_BS1_8087_17_49_46.jpg,13
7471,image_BS1_8088_17_49_46.jpg,11
7472,image_BS1_8089_17_49_46.jpg,11
7473,image_BS1_8090_17_49_46.jpg,8
7474,image_BS1_8091_17_49_46.jpg,7
7475,image_BS1_8092_17_49_47.jpg,7
7476,image_BS1_8093_17_49_47.jpg,6
7477,image_BS1_8094_17_49_47.jpg,6
7478,image_BS1_8095_17_49_47.jpg,4
7479,image_BS1_8096_17_49_47.jpg,6
7480,image_BS1_8097_17_49_48.jpg,4
7481,image_BS1_8098_17_49_48.jpg,6
7482,image_BS1_8099_17_49_48.jpg,5
7483,image_BS1_8100_17_49_49.jpg,6
7484,image_BS1_8101_17_49_49.jpg,13
7485,image_BS1_8102_17_49_49.jpg,14
7486,image_BS1_8103_17_49_49.jpg,17
7487,image_BS1_8104_17_49_50.jpg,17
7488,image_BS1_8105_17_49_50.jpg,20
7489,image_BS1_8106_17_49_50.jpg,22
7490,image_BS1_8107_17_49_50.jpg,23
7491,image_BS1_8108_17_49_51.jpg,48
7492,image_BS1_8109_17_49_52.jpg,49
7493,image_BS1_8110_17_49_52.jpg,49
7494,image_BS1_8111_17_49_52.jpg,52
7495,image_BS1_8112_17_49_52.jpg,52
7496,image_BS1_8113_17_49_52.jpg,51
7497,image_BS1_8114_17_49_52.jpg,51
7498,image_BS1_8115_17_49_52.jpg,52
7499,image_BS1_8116_17_49_53.jpg,51
7500,image_BS1_8117_17_49_53.jpg,52
7501,image_BS1_8118_17_49_53.jpg,51
7502,image_BS1_8119_17_49_53.jpg,51
7503,image_BS1_8120_17_49_53.jpg,51
7504,image_BS1_8121_17_49_53.jpg,49
7505,image_BS1_8122_17_49_53.jpg,48
7506,image_BS1_8123_17_49_54.jpg,47
7507,image_BS1_8124_17_49_54.jpg,46
7508,image_BS1_8125_17_49_54.jpg,44
7509,image_BS1_8126_17_49_54.jpg,42
7510,image_BS1_8127_17_49_54.jpg,42
7511,image_BS1_8128_17_49_54.jpg,39
7512,image_BS1_8129_17_49_54.jpg,37
7513,image_BS1_8130_17_49_55.jpg,37
7514,image_BS1_8131_17_49_55.jpg,34
7515,image_BS1_8132_17_49_56.jpg,14
7516,image_BS1_8133_17_49_56.jpg,14
7517,image_BS1_8134_17_49_56.jpg,14
7518,image_BS1_8135_17_49_56.jpg,13
7519,image_BS1_8136_17_49_56.jpg,14
7520,image_BS1_8137_17_49_57.jpg,14
7521,image_BS1_8138_17_49_57.jpg,14
7522,image_BS1_8139_17_49_57.jpg,14
7523,image_BS1_8140_17_49_57.jpg,16
7524,image_BS1_8141_17_49_57.jpg,17
7525,image_BS1_8142_17_49_57.jpg,19
7526,image_BS1_8143_17_49_58.jpg,20
7527,image_BS1_8144_17_49_58.jpg,22
7528,image_BS1_8145_17_49_58.jpg,21
7529,image_BS1_8146_17_49_58.jpg,23
7530,image_BS1_8147_17_49_58.jpg,26
7531,image_BS1_8148_17_49_58.jpg,27
7532,image_BS1_8149_17_49_58.jpg,29
7533,image_BS1_8150_17_49_59.jpg,29
7534,image_BS1_8151_17_49_59.jpg,29
7535,image_BS1_8152_17_49_59.jpg,29
7536,image_BS1_8153_17_49_59.jpg,29
7537,image_BS1_8154_17_49_59.jpg,29
7538,image_BS1_8155_17_49_59.jpg,31
7539,image_BS1_8156_17_49_59.jpg,29
7540,image_BS1_8157_17_49_59.jpg,29
7541,image_BS1_8158_17_50_00.jpg,29
7542,image_BS1_8159_17_50_00.jpg,29
7543,image_BS1_8160_17_50_00.jpg,29
7544,image_BS1_8161_17_50_00.jpg,29
7545,image_BS1_8162_17_50_00.jpg,29
7546,image_BS1_8163_17_50_00.jpg,29
7547,image_BS1_8164_17_50_01.jpg,29
7548,image_BS1_8165_17_50_01.jpg,29
7549,image_BS1_8166_17_50_01.jpg,29
7550,image_BS1_8167_17_50_01.jpg,29
7551,image_BS1_8168_17_50_01.jpg,29
7552,image_BS1_8169_17_50_01.jpg,29
7553,image_BS1_8170_17_50_01.jpg,29
7554,image_BS1_8171_17_50_02.jpg,29
7555,image_BS1_8172_17_50_02.jpg,29
7556,image_BS1_8173_17_50_02.jpg,29
7557,image_BS1_8174_17_50_02.jpg,29
7558,image_BS1_8175_17_50_02.jpg,29
7559,image_BS1_8176_17_50_02.jpg,29
7560,image_BS1_8177_17_50_02.jpg,29
7561,image_BS1_8178_17_50_03.jpg,31
7562,image_BS1_8179_17_50_03.jpg,29
7563,image_BS1_8180_17_50_03.jpg,30
7564,image_BS1_8181_17_50_03.jpg,29
7565,image_BS1_8182_17_50_03.jpg,29
7566,image_BS1_8183_17_50_03.jpg,29
7567,image_BS1_8184_17_50_04.jpg,31
7568,image_BS1_8185_17_50_04.jpg,30
7569,image_BS1_8186_17_50_04.jpg,29
7570,image_BS1_8187_17_50_04.jpg,30
7571,image_BS1_8188_17_50_04.jpg,30
7572,image_BS1_8189_17_50_04.jpg,29
7573,image_BS1_8190_17_50_04.jpg,30
7574,image_BS1_8191_17_50_04.jpg,31
7575,image_BS1_8192_17_50_05.jpg,31
7576,image_BS1_8193_17_50_05.jpg,30
7577,image_BS1_8194_17_50_05.jpg,30
7578,image_BS1_8195_17_50_05.jpg,30
7579,image_BS1_8196_17_50_05.jpg,29
7580,image_BS1_8197_17_50_05.jpg,29
7581,image_BS1_8198_17_50_05.jpg,29
7582,image_BS1_8199_17_50_06.jpg,29
7583,image_BS1_8200_17_50_06.jpg,28
7584,image_BS1_8201_17_50_07.jpg,22
7585,image_BS1_8202_17_50_07.jpg,22
7586,image_BS1_8203_17_50_07.jpg,22
7587,image_BS1_8204_17_50_07.jpg,22
7588,image_BS1_8205_17_50_07.jpg,22
7589,image_BS1_8206_17_50_07.jpg,22
7590,image_BS1_8207_17_50_08.jpg,22
7591,image_BS1_8208_17_50_08.jpg,22
7592,image_BS1_8209_17_50_08.jpg,23
7593,image_BS1_8210_17_50_08.jpg,23
7594,image_BS1_8211_17_50_08.jpg,26
7595,image_BS1_8212_17_50_08.jpg,27
7596,image_BS1_8213_17_50_08.jpg,27
7597,image_BS1_8214_17_50_09.jpg,29
7598,image_BS1_8215_17_50_09.jpg,29
7599,image_BS1_8216_17_50_09.jpg,32
7600,image_BS1_8217_17_50_09.jpg,34
7601,image_BS1_8218_17_50_09.jpg,34
7602,image_BS1_8219_17_50_09.jpg,37
7603,image_BS1_8220_17_50_09.jpg,37
7604,image_BS1_8221_17_50_10.jpg,38
7605,image_BS1_8222_17_50_10.jpg,39
7606,image_BS1_8223_17_50_10.jpg,37
7607,image_BS1_8224_17_50_10.jpg,37
7608,image_BS1_8225_17_50_10.jpg,34
7609,image_BS1_8226_17_50_10.jpg,34
7610,image_BS1_8227_17_50_10.jpg,34
7611,image_BS1_8228_17_50_11.jpg,32
7612,image_BS1_8229_17_50_11.jpg,29
7613,image_BS1_8230_17_50_11.jpg,27
7614,image_BS1_8231_17_50_11.jpg,26
7615,image_BS1_8232_17_50_12.jpg,14
7616,image_BS1_8233_17_50_12.jpg,14
7617,image_BS1_8234_17_50_12.jpg,11
7618,image_BS1_8235_17_50_12.jpg,11
7619,image_BS1_8236_17_50_12.jpg,8
7620,image_BS1_8237_17_50_13.jpg,7
7621,image_BS1_8238_17_50_13.jpg,7
7622,image_BS1_8239_17_50_13.jpg,6
7623,image_BS1_8240_17_50_13.jpg,6
7624,image_BS1_8241_17_50_13.jpg,6
7625,image_BS1_8242_17_50_13.jpg,6
7626,image_BS1_8243_17_50_14.jpg,6
7627,image_BS1_8244_17_50_14.jpg,6
7628,image_BS1_8245_17_50_14.jpg,6
7629,image_BS1_8246_17_50_14.jpg,6
7630,image_BS1_8247_17_50_14.jpg,6
7631,image_BS1_8248_17_50_14.jpg,6
7632,image_BS1_8249_17_50_14.jpg,6
7633,image_BS1_8250_17_50_14.jpg,6
7634,image_BS1_8251_17_50_15.jpg,6
7635,image_BS1_8252_17_50_15.jpg,6
7636,image_BS1_8253_17_50_15.jpg,6
7637,image_BS1_8254_17_50_15.jpg,6
7638,image_BS1_8255_17_50_15.jpg,4
7639,image_BS1_8256_17_50_15.jpg,4
7640,image_BS1_8257_17_50_15.jpg,4
7641,image_BS1_8258_17_50_16.jpg,4
7642,image_BS1_8259_17_50_16.jpg,4
7643,image_BS1_8260_17_50_16.jpg,4
7644,image_BS1_8261_17_50_16.jpg,4
7645,image_BS1_8262_17_50_16.jpg,6
7646,image_BS1_8263_17_50_16.jpg,6
7647,image_BS1_8264_17_50_16.jpg,6
7648,image_BS1_8265_17_50_17.jpg,6
7649,image_BS1_8266_17_50_17.jpg,5
7650,image_BS1_8267_17_50_17.jpg,6
7651,image_BS1_8268_17_50_22.jpg,26
7652,image_BS1_8269_17_50_23.jpg,26
7653,image_BS1_8270_17_50_23.jpg,29
7654,image_BS1_8271_17_50_24.jpg,29
7655,image_BS1_8272_17_50_24.jpg,29
7656,image_BS1_8273_17_50_24.jpg,29
7657,image_BS1_8274_17_50_24.jpg,29
7658,image_BS1_8275_17_50_25.jpg,39
7659,image_BS1_8276_17_50_26.jpg,29
7660,image_BS1_8277_17_50_26.jpg,30
7661,image_BS1_8278_17_50_26.jpg,29
7662,image_BS1_8279_17_50_26.jpg,29
7663,image_BS1_8280_17_50_26.jpg,29
7664,image_BS1_8281_17_50_27.jpg,29
7665,image_BS1_8282_17_50_27.jpg,29
7666,image_BS1_8283_17_50_27.jpg,29
7667,image_BS1_8284_17_50_27.jpg,27
7668,image_BS1_8285_17_50_27.jpg,26
7669,image_BS1_8286_17_50_27.jpg,23
7670,image_BS1_8287_17_50_27.jpg,22
7671,image_BS1_8288_17_50_28.jpg,22
7672,image_BS1_8289_17_50_28.jpg,21
7673,image_BS1_8290_17_50_28.jpg,19
7674,image_BS1_8291_17_50_28.jpg,17
7675,image_BS1_8292_17_50_28.jpg,17
7676,image_BS1_8293_17_50_28.jpg,17
7677,image_BS1_8294_17_50_28.jpg,17
7678,image_BS1_8295_17_50_29.jpg,14
7679,image_BS1_8296_17_50_29.jpg,14
7680,image_BS1_8297_17_50_29.jpg,14
7681,image_BS1_8298_17_50_29.jpg,14
7682,image_BS1_8299_17_50_29.jpg,14
7683,image_BS1_8300_17_50_29.jpg,14
7684,image_BS1_8301_17_50_29.jpg,13
7685,image_BS1_8302_17_50_30.jpg,13
7686,image_BS1_8303_17_50_30.jpg,13
7687,image_BS1_8304_17_50_30.jpg,13
7688,image_BS1_8305_17_50_30.jpg,13
7689,image_BS1_8306_17_50_31.jpg,13
7690,image_BS1_8307_17_50_31.jpg,13
7691,image_BS1_8308_17_50_31.jpg,13
7692,image_BS1_8309_17_50_31.jpg,13
7693,image_BS1_8310_17_50_31.jpg,13
7694,image_BS1_8311_17_50_31.jpg,13
7695,image_BS1_8312_17_50_31.jpg,13
7696,image_BS1_8313_17_50_31.jpg,13
7697,image_BS1_8314_17_50_32.jpg,14
7698,image_BS1_8315_17_50_32.jpg,13
7699,image_BS1_8316_17_50_32.jpg,14
7700,image_BS1_8317_17_50_32.jpg,14
7701,image_BS1_8318_17_50_32.jpg,14
7702,image_BS1_8319_17_50_32.jpg,14
7703,image_BS1_8320_17_50_33.jpg,17
7704,image_BS1_8321_17_50_33.jpg,17
7705,image_BS1_8322_17_50_33.jpg,17
7706,image_BS1_8323_17_50_33.jpg,17
7707,image_BS1_8324_17_50_33.jpg,17
7708,image_BS1_8325_17_50_33.jpg,17
7709,image_BS1_8326_17_50_33.jpg,19
7710,image_BS1_8327_17_50_34.jpg,20
7711,image_BS1_8328_17_50_34.jpg,21
7712,image_BS1_8329_17_50_34.jpg,21
7713,image_BS1_8330_17_50_34.jpg,22
7714,image_BS1_8331_17_50_34.jpg,22
7715,image_BS1_8332_17_50_34.jpg,22
7716,image_BS1_8333_17_50_34.jpg,23
7717,image_BS1_8334_17_50_35.jpg,23
7718,image_BS1_8335_17_50_35.jpg,23
7719,image_BS1_8336_17_50_35.jpg,26
7720,image_BS1_8337_17_50_35.jpg,26
7721,image_BS1_8338_17_50_35.jpg,26
7722,image_BS1_8339_17_50_35.jpg,26
7723,image_BS1_8340_17_50_35.jpg,26
7724,image_BS1_8341_17_50_35.jpg,27
7725,image_BS1_8342_17_50_36.jpg,27
7726,image_BS1_8343_17_50_36.jpg,27
7727,image_BS1_8344_17_50_36.jpg,27
7728,image_BS1_8345_17_50_36.jpg,29
7729,image_BS1_8346_17_50_36.jpg,29
7730,image_BS1_8347_17_50_36.jpg,29
7731,image_BS1_8348_17_50_36.jpg,29
7732,image_BS1_8349_17_50_37.jpg,29
7733,image_BS1_8350_17_50_37.jpg,29
7734,image_BS1_8351_17_50_37.jpg,29
7735,image_BS1_8352_17_50_37.jpg,29
7736,image_BS1_8353_17_50_37.jpg,31
7737,image_BS1_8354_17_50_37.jpg,32
7738,image_BS1_8355_17_50_37.jpg,32
7739,image_BS1_8356_17_50_37.jpg,33
7740,image_BS1_8357_17_50_38.jpg,34
7741,image_BS1_8358_17_50_38.jpg,34
7742,image_BS1_8359_17_50_38.jpg,34
7743,image_BS1_8360_17_50_38.jpg,34
7744,image_BS1_8361_17_50_38.jpg,34
7745,image_BS1_8362_17_50_38.jpg,37
7746,image_BS1_8363_17_50_38.jpg,37
7747,image_BS1_8364_17_50_39.jpg,38
7748,image_BS1_8365_17_50_39.jpg,39
7749,image_BS1_8366_17_50_39.jpg,39
7750,image_BS1_8367_17_50_39.jpg,42
7751,image_BS1_8368_17_50_39.jpg,42
7752,image_BS1_8369_17_50_39.jpg,42
7753,image_BS1_8370_17_50_39.jpg,43
7754,image_BS1_8371_17_50_40.jpg,43
7755,image_BS1_8372_17_50_40.jpg,43
7756,image_BS1_8373_17_50_40.jpg,43
7757,image_BS1_8374_17_50_40.jpg,43
7758,image_BS1_8375_17_50_40.jpg,44
7759,image_BS1_8376_17_50_40.jpg,43
7760,image_BS1_8377_17_50_40.jpg,43
7761,image_BS1_8378_17_50_41.jpg,43
7762,image_BS1_8379_17_50_41.jpg,44
7763,image_BS1_8380_17_50_41.jpg,44
7764,image_BS1_8381_17_50_41.jpg,44
7765,image_BS1_8382_17_50_41.jpg,44
7766,image_BS1_8383_17_50_41.jpg,44
7767,image_BS1_8384_17_50_41.jpg,44
7768,image_BS1_8385_17_50_42.jpg,44
7769,image_BS1_8386_17_50_42.jpg,44
7770,image_BS1_8387_17_50_42.jpg,44
7771,image_BS1_8388_17_50_42.jpg,44
7772,image_BS1_8389_17_50_42.jpg,44
7773,image_BS1_8390_17_50_42.jpg,44
7774,image_BS1_8391_17_50_43.jpg,44
7775,image_BS1_8392_17_50_43.jpg,44
7776,image_BS1_8393_17_50_43.jpg,44
7777,image_BS1_8394_17_50_43.jpg,44
7778,image_BS1_8395_17_50_43.jpg,44
7779,image_BS1_8396_17_50_43.jpg,44
7780,image_BS1_8397_17_50_43.jpg,44
7781,image_BS1_8398_17_50_44.jpg,44
7782,image_BS1_8399_17_50_44.jpg,44
7783,image_BS1_8400_17_50_44.jpg,43
7784,image_BS1_8401_17_50_44.jpg,44
7785,image_BS1_8402_17_50_44.jpg,43
7786,image_BS1_8403_17_50_44.jpg,44
7787,image_BS1_8404_17_50_44.jpg,44
7788,image_BS1_8405_17_50_45.jpg,45
7789,image_BS1_8406_17_50_45.jpg,46
7790,image_BS1_8407_17_50_45.jpg,47
7791,image_BS1_8408_17_50_45.jpg,47
7792,image_BS1_8409_17_50_45.jpg,48
7793,image_BS1_8410_17_50_45.jpg,49
7794,image_BS1_8411_17_50_45.jpg,48
7795,image_BS1_8412_17_50_46.jpg,49
7796,image_BS1_8413_17_50_46.jpg,49
7797,image_BS1_8414_17_50_46.jpg,49
7798,image_BS1_8415_17_50_46.jpg,49
7799,image_BS1_8416_17_50_46.jpg,49
7800,image_BS1_8417_17_50_46.jpg,49
7801,image_BS1_8418_17_50_46.jpg,49
7802,image_BS1_8419_17_50_46.jpg,49
7803,image_BS1_8420_17_50_47.jpg,49
7804,image_BS1_8421_17_50_47.jpg,49
7805,image_BS1_8422_17_50_47.jpg,49
7806,image_BS1_8423_17_50_47.jpg,49
7807,image_BS1_8424_17_50_47.jpg,49
7808,image_BS1_8425_17_50_47.jpg,49
7809,image_BS1_8426_17_50_47.jpg,49
7810,image_BS1_8427_17_50_48.jpg,49
7811,image_BS1_8428_17_50_48.jpg,49
7812,image_BS1_8429_17_50_48.jpg,49
7813,image_BS1_8430_17_50_48.jpg,49
7814,image_BS1_8431_17_50_48.jpg,49
7815,image_BS1_8432_17_50_48.jpg,49
7816,image_BS1_8433_17_50_48.jpg,49
7817,image_BS1_8434_17_50_49.jpg,48
7818,image_BS1_8435_17_50_49.jpg,48
7819,image_BS1_8436_17_50_49.jpg,48
7820,image_BS1_8437_17_50_49.jpg,48
7821,image_BS1_8438_17_50_49.jpg,49
7822,image_BS1_8439_17_50_49.jpg,49
7823,image_BS1_8440_17_50_49.jpg,48
7824,image_BS1_8441_17_50_49.jpg,49
7825,image_BS1_8442_17_50_50.jpg,48
7826,image_BS1_8443_17_50_50.jpg,48
7827,image_BS1_8444_17_50_50.jpg,48
7828,image_BS1_8445_17_50_50.jpg,48
7829,image_BS1_8446_17_50_50.jpg,49
7830,image_BS1_8447_17_50_50.jpg,48
7831,image_BS1_8448_17_50_50.jpg,49
7832,image_BS1_8449_17_50_51.jpg,48
7833,image_BS1_8450_17_50_51.jpg,47
7834,image_BS1_8451_17_50_51.jpg,48
7835,image_BS1_8452_17_50_51.jpg,48
7836,image_BS1_8453_17_50_51.jpg,48
7837,image_BS1_8454_17_50_51.jpg,48
7838,image_BS1_8455_17_50_52.jpg,49
7839,image_BS1_8456_17_50_52.jpg,48
7840,image_BS1_8457_17_50_52.jpg,48
7841,image_BS1_8458_17_50_52.jpg,48
7842,image_BS1_8459_17_50_52.jpg,47
7843,image_BS1_8460_17_50_52.jpg,47
7844,image_BS1_8461_17_50_52.jpg,48
7845,image_BS1_8462_17_50_53.jpg,48
7846,image_BS1_8463_17_50_53.jpg,48
7847,image_BS1_8464_17_50_53.jpg,47
7848,image_BS1_8465_17_50_53.jpg,49
7849,image_BS1_8466_17_50_53.jpg,49
7850,image_BS1_8467_17_50_53.jpg,49
7851,image_BS1_8468_17_50_53.jpg,49
7852,image_BS1_8469_17_50_53.jpg,48
7853,image_BS1_8470_17_50_54.jpg,47
7854,image_BS1_8471_17_50_54.jpg,48
7855,image_BS1_8472_17_50_54.jpg,47
7856,image_BS1_8473_17_50_54.jpg,47
7857,image_BS1_8474_17_50_54.jpg,47
7858,image_BS1_8475_17_50_54.jpg,48
7859,image_BS1_8476_17_50_54.jpg,47
7860,image_BS1_8477_17_50_55.jpg,48
7861,image_BS1_8478_17_50_55.jpg,49
7862,image_BS1_8479_17_50_55.jpg,49
7863,image_BS1_8480_17_50_55.jpg,49
7864,image_BS1_8481_17_50_55.jpg,48
7865,image_BS1_8482_17_50_55.jpg,49
7866,image_BS1_8483_17_50_55.jpg,49
7867,image_BS1_8484_17_50_56.jpg,49
7868,image_BS1_8485_17_50_56.jpg,49
7869,image_BS1_8486_17_50_56.jpg,49
7870,image_BS1_8487_17_50_56.jpg,49
7871,image_BS1_8488_17_50_56.jpg,49
7872,image_BS1_8489_17_50_56.jpg,49
7873,image_BS1_8490_17_50_56.jpg,49
7874,image_BS1_8491_17_50_57.jpg,49
7875,image_BS1_8492_17_50_57.jpg,52
7876,image_BS1_8493_17_50_57.jpg,51
7877,image_BS1_8494_17_50_57.jpg,52
7878,image_BS1_8495_17_50_57.jpg,51
7879,image_BS1_8496_17_50_57.jpg,51
7880,image_BS1_8497_17_50_57.jpg,51
7881,image_BS1_8498_17_50_58.jpg,52
7882,image_BS1_8499_17_50_58.jpg,52
7883,image_BS1_8500_17_50_58.jpg,51
7884,image_BS1_8501_17_50_58.jpg,54
7885,image_BS1_8502_17_50_58.jpg,55
7886,image_BS1_8503_17_50_58.jpg,55
7887,image_BS1_8504_17_50_58.jpg,55
7888,image_BS1_8505_17_50_59.jpg,55
7889,image_BS1_8506_17_50_59.jpg,55
7890,image_BS1_8507_17_50_59.jpg,55
7891,image_BS1_8508_17_50_59.jpg,57
7892,image_BS1_8509_17_50_59.jpg,58
7893,image_BS1_8510_17_50_59.jpg,59
7894,image_BS1_8511_17_50_59.jpg,58
7895,image_BS1_8512_17_51_00.jpg,59
7896,image_BS1_8513_17_51_00.jpg,59
7897,image_BS1_8514_17_51_00.jpg,59
7898,image_BS1_8515_17_51_00.jpg,59
7899,image_BS1_8516_17_51_00.jpg,59
7900,image_BS1_8517_17_51_00.jpg,59
7901,image_BS1_8518_17_51_00.jpg,59
7902,image_BS1_8519_17_51_01.jpg,59
7903,image_BS1_8520_17_51_01.jpg,59
7904,image_BS1_8521_17_51_01.jpg,59
7905,image_BS1_8522_17_51_01.jpg,59
7906,image_BS1_8523_17_51_01.jpg,58
7907,image_BS1_8524_17_51_02.jpg,58
7908,image_BS1_8525_17_51_02.jpg,58
7909,image_BS1_8526_17_51_02.jpg,59
7910,image_BS1_8527_17_51_02.jpg,59
7911,image_BS1_8528_17_51_02.jpg,59
7912,image_BS1_8529_17_51_02.jpg,60
7913,image_BS1_8530_17_51_12.jpg,59
7914,image_BS1_8531_17_51_13.jpg,58
7915,image_BS1_8532_17_51_13.jpg,55
7916,image_BS1_8533_17_51_13.jpg,54
7917,image_BS1_8534_17_51_13.jpg,52
7918,image_BS1_8535_17_51_13.jpg,49
7919,image_BS1_8536_17_51_13.jpg,47
7920,image_BS1_8537_17_51_13.jpg,44
7921,image_BS1_8538_17_51_16.jpg,2
7922,image_BS1_8539_17_51_48.jpg,2
7923,image_BS1_8540_17_51_48.jpg,3
7924,image_BS1_8541_17_51_48.jpg,4
7925,image_BS1_8542_17_51_49.jpg,4
7926,image_BS1_8543_17_51_49.jpg,6
7927,image_BS1_8544_17_51_49.jpg,6
7928,image_BS1_8545_17_51_49.jpg,7
7929,image_BS1_8546_17_51_50.jpg,14
7930,image_BS1_8547_17_51_50.jpg,17
7931,image_BS1_8548_17_51_50.jpg,17
7932,image_BS1_8549_17_51_50.jpg,20
7933,image_BS1_8550_17_51_50.jpg,21
7934,image_BS1_8551_17_51_50.jpg,22
7935,image_BS1_8552_17_51_50.jpg,23
7936,image_BS1_8553_17_51_52.jpg,42
7937,image_BS1_8554_17_51_52.jpg,43
7938,image_BS1_8555_17_51_52.jpg,46
7939,image_BS1_8556_17_51_52.jpg,49
7940,image_BS1_8557_17_51_52.jpg,51
7941,image_BS1_8558_17_51_52.jpg,53
7942,image_BS1_8559_17_51_52.jpg,55
7943,image_BS1_8560_17_51_53.jpg,55
7944,image_BS1_8561_17_51_58.jpg,59
7945,image_BS1_8562_17_51_58.jpg,57
7946,image_BS1_8563_17_51_58.jpg,55
7947,image_BS1_8564_17_51_58.jpg,52
7948,image_BS1_8565_17_51_58.jpg,51
7949,image_BS1_8566_17_51_59.jpg,48
7950,image_BS1_8567_17_51_59.jpg,46
7951,image_BS1_8568_17_51_59.jpg,44
7952,image_BS1_8569_17_52_00.jpg,23
7953,image_BS1_8570_17_52_00.jpg,22
7954,image_BS1_8571_17_52_01.jpg,22
7955,image_BS1_8572_17_52_01.jpg,22
7956,image_BS1_8573_17_52_01.jpg,22
7957,image_BS1_8574_17_52_01.jpg,22
7958,image_BS1_8575_17_52_01.jpg,22
7959,image_BS1_8576_17_52_01.jpg,22
7960,image_BS1_8577_17_52_01.jpg,21
7961,image_BS1_8578_17_52_02.jpg,22
7962,image_BS1_8579_17_52_02.jpg,21
7963,image_BS1_8580_17_52_02.jpg,21
7964,image_BS1_8581_17_52_02.jpg,21
7965,image_BS1_8582_17_52_02.jpg,21
7966,image_BS1_8583_17_52_02.jpg,21
7967,image_BS1_8584_17_52_02.jpg,22
7968,image_BS1_8585_17_52_02.jpg,21
7969,image_BS1_8586_17_52_03.jpg,21
7970,image_BS1_8587_17_52_03.jpg,21
7971,image_BS1_8588_17_52_03.jpg,21
7972,image_BS1_8589_17_52_03.jpg,21
7973,image_BS1_8590_17_52_03.jpg,21
7974,image_BS1_8591_17_52_03.jpg,22
7975,image_BS1_8592_17_52_03.jpg,22
7976,image_BS1_8593_17_52_04.jpg,22
7977,image_BS1_8594_17_52_04.jpg,23
7978,image_BS1_8595_17_52_04.jpg,23
7979,image_BS1_8596_17_52_04.jpg,26
7980,image_BS1_8597_17_52_04.jpg,28
7981,image_BS1_8598_17_52_04.jpg,29
7982,image_BS1_8599_17_52_05.jpg,29
7983,image_BS1_8600_17_52_05.jpg,29
7984,image_BS1_8601_17_52_05.jpg,29
7985,image_BS1_8602_17_52_05.jpg,31
7986,image_BS1_8603_17_52_05.jpg,32
7987,image_BS1_8604_17_52_05.jpg,32
7988,image_BS1_8605_17_52_06.jpg,31
7989,image_BS1_8606_17_52_06.jpg,32
7990,image_BS1_8607_17_52_06.jpg,32
7991,image_BS1_8608_17_52_06.jpg,32
7992,image_BS1_8609_17_52_06.jpg,32
7993,image_BS1_8610_17_52_06.jpg,31
7994,image_BS1_8611_17_52_06.jpg,32
7995,image_BS1_8612_17_52_07.jpg,33
7996,image_BS1_8613_17_52_07.jpg,32
7997,image_BS1_8614_17_52_07.jpg,33
7998,image_BS1_8615_17_52_07.jpg,33
7999,image_BS1_8616_17_52_23.jpg,31
8000,image_BS1_8617_17_52_24.jpg,32
8001,image_BS1_8618_17_52_24.jpg,32
8002,image_BS1_8619_17_52_24.jpg,31
8003,image_BS1_8620_17_52_24.jpg,32
8004,image_BS1_8621_17_52_24.jpg,32
8005,image_BS1_8622_17_52_24.jpg,32
8006,image_BS1_8623_17_52_24.jpg,31
8007,image_BS1_8624_17_52_25.jpg,32
8008,image_BS1_8625_17_52_25.jpg,32
8009,image_BS1_8626_17_52_25.jpg,32
8010,image_BS1_8627_17_52_25.jpg,31
8011,image_BS1_8628_17_52_25.jpg,32
8012,image_BS1_8629_17_52_25.jpg,30
8013,image_BS1_8630_17_52_26.jpg,32
8014,image_BS1_8631_17_52_26.jpg,32
8015,image_BS1_8632_17_52_26.jpg,32
8016,image_BS1_8633_17_52_26.jpg,30
8017,image_BS1_8634_17_52_26.jpg,30
8018,image_BS1_8635_17_52_26.jpg,31
8019,image_BS1_8636_17_52_26.jpg,32
8020,image_BS1_8637_17_52_27.jpg,31
8021,image_BS1_8638_17_52_27.jpg,31
8022,image_BS1_8639_17_52_27.jpg,31
8023,image_BS1_8640_17_52_27.jpg,31
8024,image_BS1_8641_17_52_27.jpg,30
8025,image_BS1_8642_17_52_27.jpg,31
8026,image_BS1_8643_17_52_28.jpg,31
8027,image_BS1_8644_17_52_28.jpg,31
8028,image_BS1_8645_17_52_28.jpg,32
8029,image_BS1_8646_17_52_28.jpg,31
8030,image_BS1_8647_17_52_28.jpg,31
8031,image_BS1_8648_17_52_29.jpg,31
8032,image_BS1_8649_17_52_29.jpg,31
8033,image_BS1_8650_17_52_29.jpg,32
8034,image_BS1_8651_17_52_29.jpg,32
8035,image_BS1_8652_17_52_29.jpg,32
8036,image_BS1_8653_17_52_29.jpg,32
8037,image_BS1_8654_17_52_29.jpg,32
8038,image_BS1_8655_17_52_29.jpg,32
8039,image_BS1_8656_17_52_30.jpg,32
8040,image_BS1_8657_17_52_30.jpg,32
8041,image_BS1_8658_17_52_30.jpg,32
8042,image_BS1_8659_17_52_30.jpg,32
8043,image_BS1_8660_17_52_30.jpg,32
8044,image_BS1_8661_17_52_30.jpg,31
8045,image_BS1_8662_17_52_30.jpg,32
8046,image_BS1_8663_17_52_31.jpg,32
8047,image_BS1_8664_17_52_31.jpg,32
8048,image_BS1_8665_17_52_31.jpg,32
8049,image_BS1_8666_17_52_31.jpg,32
8050,image_BS1_8667_17_52_31.jpg,32
8051,image_BS1_8668_17_52_31.jpg,32
8052,image_BS1_8669_17_52_31.jpg,32
8053,image_BS1_8670_17_52_32.jpg,32
8054,image_BS1_8671_17_52_32.jpg,32
8055,image_BS1_8672_17_52_32.jpg,32
8056,image_BS1_8673_17_52_32.jpg,32
8057,image_BS1_8674_17_52_32.jpg,32
8058,image_BS1_8675_17_52_32.jpg,32
8059,image_BS1_8676_17_52_33.jpg,32
8060,image_BS1_8677_17_52_33.jpg,31
8061,image_BS1_8678_17_52_33.jpg,32
8062,image_BS1_8679_17_52_33.jpg,32
8063,image_BS1_8680_17_52_33.jpg,32
8064,image_BS1_8681_17_52_33.jpg,32
8065,image_BS1_8682_17_52_33.jpg,31
8066,image_BS1_8683_17_52_34.jpg,32
8067,image_BS1_8684_17_52_34.jpg,31
8068,image_BS1_8685_17_52_34.jpg,32
8069,image_BS1_8686_17_52_34.jpg,32
8070,image_BS1_8687_17_52_34.jpg,32
8071,image_BS1_8688_17_52_34.jpg,32
8072,image_BS1_8689_17_52_35.jpg,32
8073,image_BS1_8690_17_52_35.jpg,32
8074,image_BS1_8691_17_52_35.jpg,32
8075,image_BS1_8692_17_52_35.jpg,32
8076,image_BS1_8693_17_52_35.jpg,32
8077,image_BS1_8694_17_52_35.jpg,33
8078,image_BS1_8695_17_52_35.jpg,32
8079,image_BS1_8696_17_52_36.jpg,32
8080,image_BS1_8697_17_52_36.jpg,32
8081,image_BS1_8698_17_52_36.jpg,32
8082,image_BS1_8699_17_52_36.jpg,32
8083,image_BS1_8700_17_52_36.jpg,32
8084,image_BS1_8701_17_52_36.jpg,32
8085,image_BS1_8702_17_52_37.jpg,32
8086,image_BS1_8703_17_52_37.jpg,32
8087,image_BS1_8704_17_52_37.jpg,32
8088,image_BS1_8705_17_52_37.jpg,32
8089,image_BS1_8706_17_52_37.jpg,32
8090,image_BS1_8707_17_52_37.jpg,32
8091,image_BS1_8708_17_52_37.jpg,32
8092,image_BS1_8709_17_52_37.jpg,32
8093,image_BS1_8710_17_52_38.jpg,32
8094,image_BS1_8711_17_52_38.jpg,32
8095,image_BS1_8712_17_52_38.jpg,32
8096,image_BS1_8713_17_52_38.jpg,32
8097,image_BS1_8714_17_52_38.jpg,32
8098,image_BS1_8715_17_52_38.jpg,32
8099,image_BS1_8716_17_52_39.jpg,32
8100,image_BS1_8717_17_52_39.jpg,32
8101,image_BS1_8718_17_52_39.jpg,31
8102,image_BS1_8719_17_52_39.jpg,33
8103,image_BS1_8720_17_52_39.jpg,33
8104,image_BS1_8721_17_52_39.jpg,32
8105,image_BS1_8722_17_52_39.jpg,32
8106,image_BS1_8723_17_52_40.jpg,32
8107,image_BS1_8724_17_52_40.jpg,32
8108,image_BS1_8725_17_52_40.jpg,33
8109,image_BS1_8726_17_52_40.jpg,34
8110,image_BS1_8727_17_52_40.jpg,34
8111,image_BS1_8728_17_52_40.jpg,34
8112,image_BS1_8729_17_52_40.jpg,34
8113,image_BS1_8730_17_52_41.jpg,34
8114,image_BS1_8731_17_52_41.jpg,33
8115,image_BS1_8732_17_52_41.jpg,34
8116,image_BS1_8733_17_52_41.jpg,34
8117,image_BS1_8734_17_52_41.jpg,34
8118,image_BS1_8735_17_52_41.jpg,34
8119,image_BS1_8736_17_52_41.jpg,34
8120,image_BS1_8737_17_52_41.jpg,34
8121,image_BS1_8738_17_52_42.jpg,33
8122,image_BS1_8739_17_52_44.jpg,34
8123,image_BS1_8740_17_52_44.jpg,34
8124,image_BS1_8741_17_52_44.jpg,33
8125,image_BS1_8742_17_52_44.jpg,33
8126,image_BS1_8743_17_52_44.jpg,33
8127,image_BS1_8744_17_52_44.jpg,32
8128,image_BS1_8745_17_52_44.jpg,32
8129,image_BS1_8746_17_52_45.jpg,32
8130,image_BS1_8747_17_52_45.jpg,33
8131,image_BS1_8748_17_52_45.jpg,32
8132,image_BS1_8749_17_52_45.jpg,32
8133,image_BS1_8750_17_52_45.jpg,32
8134,image_BS1_8751_17_52_45.jpg,32
8135,image_BS1_8752_17_52_45.jpg,32
8136,image_BS1_8753_17_52_46.jpg,32
8137,image_BS1_8754_17_52_46.jpg,32
8138,image_BS1_8755_17_52_46.jpg,33
8139,image_BS1_8756_17_52_46.jpg,33
8140,image_BS1_8757_17_52_46.jpg,33
8141,image_BS1_8758_17_52_46.jpg,33
8142,image_BS1_8759_17_52_46.jpg,33
8143,image_BS1_8760_17_52_47.jpg,34
8144,image_BS1_8761_17_52_47.jpg,34
8145,image_BS1_8762_17_52_47.jpg,32
8146,image_BS1_8763_17_52_47.jpg,32
8147,image_BS1_8764_17_52_47.jpg,33
8148,image_BS1_8765_17_52_47.jpg,33
8149,image_BS1_8766_17_52_47.jpg,33
8150,image_BS1_8767_17_52_48.jpg,32
8151,image_BS1_8768_17_52_48.jpg,33
8152,image_BS1_8769_17_52_48.jpg,32
8153,image_BS1_8770_17_52_48.jpg,32
8154,image_BS1_8771_17_52_48.jpg,32
8155,image_BS1_8772_17_52_48.jpg,32
8156,image_BS1_8773_17_52_48.jpg,32
8157,image_BS1_8774_17_52_49.jpg,32
8158,image_BS1_8775_17_52_49.jpg,32
8159,image_BS1_8776_17_52_49.jpg,32
8160,image_BS1_8777_17_52_49.jpg,32
8161,image_BS1_8778_17_52_49.jpg,32
8162,image_BS1_8779_17_52_49.jpg,32
8163,image_BS1_8780_17_52_49.jpg,33
8164,image_BS1_8781_17_52_50.jpg,32
8165,image_BS1_8782_17_52_50.jpg,33
8166,image_BS1_8783_17_52_50.jpg,32
8167,image_BS1_8784_17_52_50.jpg,33
8168,image_BS1_8785_17_52_50.jpg,33
8169,image_BS1_8786_17_52_50.jpg,33
8170,image_BS1_8787_17_52_50.jpg,33
8171,image_BS1_8788_17_52_51.jpg,33
8172,image_BS1_8789_17_52_51.jpg,32
8173,image_BS1_8790_17_52_51.jpg,32
8174,image_BS1_8791_17_52_51.jpg,32
8175,image_BS1_8792_17_52_51.jpg,32
8176,image_BS1_8793_17_52_51.jpg,32
8177,image_BS1_8794_17_52_51.jpg,32
8178,image_BS1_8795_17_52_51.jpg,32
8179,image_BS1_8796_17_52_52.jpg,32
8180,image_BS1_8797_17_52_52.jpg,32
8181,image_BS1_8798_17_52_52.jpg,32
8182,image_BS1_8799_17_52_52.jpg,32
8183,image_BS1_8800_17_52_52.jpg,32
8184,image_BS1_8801_17_52_52.jpg,32
8185,image_BS1_8802_17_52_53.jpg,32
8186,image_BS1_8803_17_52_53.jpg,32
8187,image_BS1_8804_17_52_53.jpg,32
8188,image_BS1_8805_17_52_53.jpg,33
8189,image_BS1_8806_17_52_53.jpg,32
8190,image_BS1_8807_17_52_53.jpg,32
8191,image_BS1_8808_17_52_54.jpg,33
8192,image_BS1_8809_17_52_54.jpg,33
8193,image_BS1_8810_17_52_54.jpg,32
8194,image_BS1_8811_17_52_54.jpg,32
8195,image_BS1_8812_17_52_54.jpg,32
8196,image_BS1_8813_17_52_54.jpg,32
8197,image_BS1_8814_17_52_54.jpg,32
8198,image_BS1_8815_17_52_55.jpg,32
8199,image_BS1_8816_17_52_55.jpg,33
8200,image_BS1_8817_17_52_55.jpg,32
8201,image_BS1_8818_17_52_55.jpg,33
8202,image_BS1_8819_17_52_55.jpg,32
8203,image_BS1_8820_17_52_55.jpg,32
8204,image_BS1_8821_17_52_55.jpg,32
8205,image_BS1_8822_17_52_55.jpg,32
8206,image_BS1_8823_17_52_56.jpg,33
8207,image_BS1_8824_17_52_56.jpg,34
8208,image_BS1_8825_17_52_56.jpg,33
8209,image_BS1_8826_17_52_56.jpg,34
8210,image_BS1_8827_17_52_56.jpg,34
8211,image_BS1_8828_17_52_56.jpg,34
8212,image_BS1_8829_17_52_56.jpg,34
8213,image_BS1_8830_17_52_57.jpg,34
8214,image_BS1_8831_17_52_57.jpg,34
8215,image_BS1_8832_17_52_57.jpg,37
8216,image_BS1_8833_17_52_57.jpg,37
8217,image_BS1_8834_17_52_57.jpg,37
8218,image_BS1_8835_17_52_57.jpg,39
8219,image_BS1_8836_17_52_58.jpg,39
8220,image_BS1_8837_17_52_58.jpg,39
8221,image_BS1_8838_17_52_58.jpg,39
8222,image_BS1_8839_17_52_58.jpg,39
8223,image_BS1_8840_17_52_58.jpg,42
8224,image_BS1_8841_17_52_58.jpg,42
8225,image_BS1_8842_17_52_59.jpg,43
8226,image_BS1_8843_17_52_59.jpg,43
8227,image_BS1_8844_17_52_59.jpg,43
8228,image_BS1_8845_17_52_59.jpg,44
8229,image_BS1_8846_17_52_59.jpg,45
8230,image_BS1_8847_17_52_59.jpg,46
8231,image_BS1_8848_17_52_59.jpg,47
8232,image_BS1_8849_17_52_59.jpg,47
8233,image_BS1_8850_17_53_00.jpg,49
8234,image_BS1_8851_17_53_00.jpg,49
8235,image_BS1_8852_17_53_00.jpg,49
8236,image_BS1_8853_17_53_00.jpg,49
8237,image_BS1_8854_17_53_00.jpg,51
8238,image_BS1_8855_17_53_00.jpg,51
8239,image_BS1_8856_17_53_00.jpg,51
8240,image_BS1_8857_17_53_01.jpg,52
8241,image_BS1_8858_17_53_01.jpg,54
8242,image_BS1_8859_17_53_01.jpg,55
8243,image_BS1_8860_17_53_01.jpg,55
8244,image_BS1_8861_17_53_01.jpg,55
8245,image_BS1_8862_17_53_01.jpg,55
8246,image_BS1_8863_17_53_01.jpg,55
8247,image_BS1_8864_17_53_01.jpg,55
8248,image_BS1_8865_17_53_02.jpg,55
8249,image_BS1_8866_17_53_02.jpg,55
8250,image_BS1_8867_17_53_02.jpg,57
8251,image_BS1_8868_17_53_02.jpg,55
8252,image_BS1_8869_17_53_02.jpg,55
8253,image_BS1_8870_17_53_03.jpg,55
8254,image_BS1_8871_17_53_03.jpg,54
8255,image_BS1_8872_17_53_03.jpg,52
8256,image_BS1_8873_17_53_03.jpg,51
8257,image_BS1_8874_17_53_03.jpg,49
8258,image_BS1_8875_17_53_03.jpg,48
8259,image_BS1_8876_17_53_04.jpg,47
8260,image_BS1_8877_17_53_04.jpg,44
8261,image_BS1_8878_17_53_04.jpg,42
8262,image_BS1_8879_17_53_04.jpg,39
8263,image_BS1_8880_17_53_04.jpg,37
8264,image_BS1_8881_17_53_04.jpg,34
8265,image_BS1_8882_17_53_04.jpg,33
8266,image_BS1_8883_17_53_05.jpg,22
8267,image_BS1_8884_17_53_05.jpg,20
8268,image_BS1_8885_17_53_05.jpg,19
8269,image_BS1_8886_17_53_06.jpg,17
8270,image_BS1_8887_17_53_06.jpg,17
8271,image_BS1_8888_17_53_06.jpg,14
8272,image_BS1_8889_17_53_06.jpg,14
8273,image_BS1_8890_17_53_06.jpg,13
8274,image_BS1_8891_17_53_06.jpg,13
8275,image_BS1_8892_17_53_06.jpg,13
8276,image_BS1_8893_17_53_06.jpg,11
8277,image_BS1_8894_17_53_07.jpg,11
8278,image_BS1_8895_17_53_07.jpg,11
8279,image_BS1_8896_17_53_07.jpg,11
8280,image_BS1_8897_17_53_07.jpg,11
8281,image_BS1_8898_17_53_07.jpg,11
8282,image_BS1_8899_17_53_07.jpg,11
8283,image_BS1_8900_17_53_07.jpg,11
8284,image_BS1_8901_17_53_08.jpg,12
8285,image_BS1_8902_17_53_08.jpg,13
8286,image_BS1_8903_17_53_08.jpg,14
8287,image_BS1_8904_17_53_08.jpg,13
8288,image_BS1_8905_17_53_08.jpg,14
8289,image_BS1_8906_17_53_08.jpg,14
8290,image_BS1_8907_17_53_08.jpg,15
8291,image_BS1_8908_17_53_09.jpg,17
8292,image_BS1_8909_17_53_09.jpg,17
8293,image_BS1_8910_17_53_09.jpg,19
8294,image_BS1_8911_17_53_09.jpg,20
8295,image_BS1_8912_17_53_09.jpg,20
8296,image_BS1_8913_17_53_09.jpg,21
8297,image_BS1_8914_17_53_10.jpg,21
8298,image_BS1_8915_17_53_10.jpg,22
8299,image_BS1_8916_17_53_10.jpg,22
8300,image_BS1_8917_17_53_10.jpg,22
8301,image_BS1_8918_17_53_10.jpg,22
8302,image_BS1_8919_17_53_10.jpg,23
8303,image_BS1_8920_17_53_10.jpg,23
8304,image_BS1_8921_17_53_11.jpg,26
8305,image_BS1_8922_17_53_11.jpg,26
8306,image_BS1_8923_17_53_11.jpg,26
8307,image_BS1_8924_17_53_11.jpg,27
8308,image_BS1_8925_17_53_11.jpg,27
8309,image_BS1_8926_17_53_11.jpg,29
8310,image_BS1_8927_17_53_11.jpg,29
8311,image_BS1_8928_17_53_11.jpg,29
8312,image_BS1_8929_17_53_12.jpg,31
8313,image_BS1_8930_17_53_12.jpg,34
8314,image_BS1_8931_17_53_12.jpg,34
8315,image_BS1_8932_17_53_12.jpg,34
8316,image_BS1_8933_17_53_12.jpg,36
8317,image_BS1_8934_17_53_12.jpg,37
8318,image_BS1_8935_17_53_12.jpg,39
8319,image_BS1_8936_17_53_12.jpg,39
8320,image_BS1_8937_17_53_13.jpg,39
8321,image_BS1_8938_17_53_13.jpg,40
8322,image_BS1_8939_17_53_13.jpg,42
8323,image_BS1_8940_17_53_13.jpg,42
8324,image_BS1_8941_17_53_13.jpg,42
8325,image_BS1_8942_17_53_13.jpg,42
8326,image_BS1_8943_17_53_14.jpg,40
8327,image_BS1_8944_17_53_14.jpg,39
8328,image_BS1_8945_17_53_14.jpg,39
8329,image_BS1_8946_17_53_14.jpg,39
8330,image_BS1_8947_17_53_14.jpg,39
8331,image_BS1_8948_17_53_14.jpg,38
8332,image_BS1_8949_17_53_14.jpg,37
8333,image_BS1_8950_17_53_15.jpg,34
8334,image_BS1_8951_17_53_15.jpg,34
8335,image_BS1_8952_17_53_15.jpg,34
8336,image_BS1_8953_17_53_15.jpg,34
8337,image_BS1_8954_17_53_15.jpg,34
8338,image_BS1_8955_17_53_15.jpg,34
8339,image_BS1_8956_17_53_16.jpg,34
8340,image_BS1_8957_17_53_16.jpg,34
8341,image_BS1_8958_17_53_16.jpg,34
8342,image_BS1_8959_17_53_16.jpg,34
8343,image_BS1_8960_17_53_16.jpg,34
8344,image_BS1_8961_17_53_16.jpg,34
8345,image_BS1_8962_17_53_16.jpg,34
8346,image_BS1_8963_17_53_17.jpg,34
8347,image_BS1_8964_17_53_17.jpg,34
8348,image_BS1_8965_17_53_17.jpg,34
8349,image_BS1_8966_17_53_17.jpg,34
8350,image_BS1_8967_17_53_17.jpg,34
8351,image_BS1_8968_17_53_17.jpg,34
8352,image_BS1_8969_17_53_17.jpg,34
8353,image_BS1_8970_17_53_18.jpg,33
8354,image_BS1_8971_17_53_18.jpg,33
8355,image_BS1_8972_17_53_19.jpg,29
8356,image_BS1_8973_17_53_19.jpg,28
8357,image_BS1_8974_17_53_19.jpg,27
8358,image_BS1_8975_17_53_19.jpg,27
8359,image_BS1_8976_17_53_19.jpg,26
8360,image_BS1_8977_17_53_19.jpg,27
8361,image_BS1_8978_17_53_19.jpg,26
8362,image_BS1_8979_17_53_20.jpg,26
8363,image_BS1_8980_17_53_20.jpg,26
8364,image_BS1_8981_17_53_20.jpg,26
8365,image_BS1_8982_17_53_20.jpg,23
8366,image_BS1_8983_17_53_20.jpg,23
8367,image_BS1_8984_17_53_20.jpg,23
8368,image_BS1_8985_17_53_20.jpg,23
8369,image_BS1_8986_17_53_21.jpg,23
8370,image_BS1_8987_17_53_21.jpg,22
8371,image_BS1_8988_17_53_21.jpg,22
8372,image_BS1_8989_17_53_21.jpg,22
8373,image_BS1_8990_17_53_21.jpg,21
8374,image_BS1_8991_17_53_21.jpg,21
8375,image_BS1_8992_17_53_22.jpg,19
8376,image_BS1_8993_17_53_22.jpg,17
8377,image_BS1_8994_17_53_22.jpg,17
8378,image_BS1_8995_17_53_22.jpg,17
8379,image_BS1_8996_17_53_22.jpg,17
8380,image_BS1_8997_17_53_22.jpg,17
8381,image_BS1_8998_17_53_22.jpg,14
8382,image_BS1_8999_17_53_23.jpg,14
8383,image_BS1_9000_17_53_23.jpg,14
8384,image_BS1_9001_17_53_23.jpg,14
8385,image_BS1_9002_17_53_23.jpg,14
8386,image_BS1_9003_17_53_24.jpg,14
8387,image_BS1_9004_17_53_24.jpg,14
8388,image_BS1_9005_17_53_24.jpg,14
8389,image_BS1_9006_17_53_24.jpg,14
8390,image_BS1_9007_17_53_24.jpg,14
8391,image_BS1_9008_17_53_24.jpg,14
8392,image_BS1_9009_17_53_24.jpg,14
8393,image_BS1_9010_17_53_24.jpg,14
8394,image_BS1_9011_17_53_25.jpg,14
8395,image_BS1_9012_17_53_25.jpg,14
8396,image_BS1_9013_17_53_25.jpg,14
8397,image_BS1_9014_17_53_25.jpg,15
8398,image_BS1_9015_17_53_25.jpg,17
8399,image_BS1_9016_17_53_34.jpg,59
8400,image_BS1_9017_17_53_34.jpg,57
8401,image_BS1_9018_17_53_34.jpg,55
8402,image_BS1_9019_17_53_35.jpg,55
8403,image_BS1_9020_17_53_35.jpg,54
8404,image_BS1_9021_17_53_35.jpg,51
8405,image_BS1_9022_17_53_35.jpg,49
8406,image_BS1_9023_17_53_35.jpg,48
8407,image_BS1_9024_17_53_35.jpg,46
8408,image_BS1_9025_17_53_36.jpg,44
8409,image_BS1_9026_17_53_36.jpg,43
8410,image_BS1_9027_17_53_36.jpg,43
8411,image_BS1_9028_17_53_36.jpg,42
8412,image_BS1_9029_17_53_36.jpg,42
8413,image_BS1_9030_17_53_36.jpg,42
8414,image_BS1_9031_17_53_36.jpg,42
8415,image_BS1_9032_17_53_37.jpg,42
8416,image_BS1_9033_17_53_37.jpg,42
8417,image_BS1_9034_17_53_37.jpg,42
8418,image_BS1_9035_17_53_37.jpg,42
8419,image_BS1_9036_17_53_37.jpg,40
8420,image_BS1_9037_17_53_37.jpg,40
8421,image_BS1_9038_17_53_37.jpg,39
8422,image_BS1_9039_17_53_37.jpg,39
8423,image_BS1_9040_17_53_38.jpg,39
8424,image_BS1_9041_17_53_38.jpg,39
8425,image_BS1_9042_17_53_38.jpg,39
8426,image_BS1_9043_17_53_38.jpg,39
8427,image_BS1_9044_17_53_38.jpg,39
8428,image_BS1_9045_17_53_38.jpg,39
8429,image_BS1_9046_17_53_38.jpg,39
8430,image_BS1_9047_17_53_38.jpg,39
8431,image_BS1_9048_17_53_39.jpg,39
8432,image_BS1_9049_17_53_39.jpg,39
8433,image_BS1_9050_17_53_39.jpg,39
8434,image_BS1_9051_17_53_39.jpg,39
8435,image_BS1_9052_17_53_39.jpg,38
8436,image_BS1_9053_17_53_39.jpg,38
8437,image_BS1_9054_17_53_39.jpg,38
8438,image_BS1_9055_17_53_40.jpg,37
8439,image_BS1_9056_17_53_40.jpg,37
8440,image_BS1_9057_17_53_40.jpg,37
8441,image_BS1_9058_17_53_40.jpg,34
8442,image_BS1_9059_17_53_40.jpg,34
8443,image_BS1_9060_17_53_40.jpg,34
8444,image_BS1_9061_17_53_41.jpg,34
8445,image_BS1_9062_17_53_41.jpg,33
8446,image_BS1_9063_17_53_41.jpg,33
8447,image_BS1_9064_17_53_41.jpg,32
8448,image_BS1_9065_17_53_41.jpg,30
8449,image_BS1_9066_17_53_41.jpg,29
8450,image_BS1_9067_17_53_41.jpg,29
8451,image_BS1_9068_17_53_42.jpg,29
8452,image_BS1_9069_17_53_42.jpg,29
8453,image_BS1_9070_17_53_42.jpg,28
8454,image_BS1_9071_17_53_42.jpg,28
8455,image_BS1_9072_17_53_42.jpg,27
8456,image_BS1_9073_17_53_42.jpg,29
8457,image_BS1_9074_17_53_42.jpg,27
8458,image_BS1_9075_17_53_43.jpg,27
8459,image_BS1_9076_17_53_43.jpg,27
8460,image_BS1_9077_17_53_43.jpg,27
8461,image_BS1_9078_17_53_43.jpg,27
8462,image_BS1_9079_17_53_43.jpg,27
8463,image_BS1_9080_17_53_43.jpg,27
8464,image_BS1_9081_17_53_43.jpg,27
8465,image_BS1_9082_17_53_44.jpg,27
8466,image_BS1_9083_17_53_44.jpg,28
8467,image_BS1_9084_17_53_44.jpg,28
8468,image_BS1_9085_17_53_44.jpg,29
8469,image_BS1_9086_17_53_44.jpg,29
8470,image_BS1_9087_17_53_44.jpg,29
8471,image_BS1_9088_17_53_44.jpg,29
8472,image_BS1_9089_17_53_45.jpg,29
8473,image_BS1_9090_17_53_45.jpg,29
8474,image_BS1_9091_17_53_45.jpg,29
8475,image_BS1_9092_17_53_45.jpg,29
8476,image_BS1_9093_17_53_45.jpg,29
8477,image_BS1_9094_17_53_45.jpg,29
8478,image_BS1_9095_17_53_45.jpg,29
8479,image_BS1_9096_17_53_45.jpg,29
8480,image_BS1_9097_17_53_46.jpg,29
8481,image_BS1_9098_17_53_46.jpg,29
8482,image_BS1_9099_17_53_46.jpg,32
8483,image_BS1_9100_17_53_46.jpg,32
8484,image_BS1_9101_17_53_46.jpg,34
8485,image_BS1_9102_17_53_46.jpg,37
8486,image_BS1_9103_17_53_47.jpg,38
8487,image_BS1_9104_17_53_47.jpg,39
8488,image_BS1_9105_17_53_47.jpg,39
8489,image_BS1_9106_17_53_47.jpg,39
8490,image_BS1_9107_17_53_47.jpg,40
8491,image_BS1_9108_17_53_47.jpg,42
8492,image_BS1_9109_17_53_48.jpg,42
8493,image_BS1_9110_17_53_48.jpg,42
8494,image_BS1_9111_17_53_48.jpg,42
8495,image_BS1_9112_17_53_48.jpg,39
8496,image_BS1_9113_17_53_48.jpg,40
8497,image_BS1_9114_17_53_48.jpg,39
8498,image_BS1_9115_17_53_48.jpg,39
8499,image_BS1_9116_17_53_49.jpg,39
8500,image_BS1_9117_17_53_49.jpg,39
8501,image_BS1_9118_17_53_49.jpg,39
8502,image_BS1_9119_17_53_49.jpg,38
8503,image_BS1_9120_17_53_49.jpg,38
8504,image_BS1_9121_17_53_50.jpg,38
8505,image_BS1_9122_17_53_50.jpg,39
8506,image_BS1_9123_17_53_50.jpg,38
8507,image_BS1_9124_17_53_50.jpg,38
8508,image_BS1_9125_17_53_50.jpg,38
8509,image_BS1_9126_17_53_50.jpg,38
8510,image_BS1_9127_17_53_50.jpg,38
8511,image_BS1_9128_17_53_51.jpg,39
8512,image_BS1_9129_17_53_51.jpg,39
8513,image_BS1_9130_17_53_51.jpg,39
8514,image_BS1_9131_17_53_51.jpg,39
8515,image_BS1_9132_17_53_51.jpg,39
8516,image_BS1_9133_17_53_51.jpg,39
8517,image_BS1_9134_17_53_51.jpg,39
8518,image_BS1_9135_17_53_51.jpg,39
8519,image_BS1_9136_17_53_52.jpg,39
8520,image_BS1_9137_17_53_52.jpg,39
8521,image_BS1_9138_17_53_52.jpg,39
8522,image_BS1_9139_17_53_52.jpg,39
8523,image_BS1_9140_17_53_52.jpg,39
8524,image_BS1_9141_17_53_52.jpg,38
8525,image_BS1_9142_17_53_52.jpg,37
8526,image_BS1_9143_17_53_53.jpg,36
8527,image_BS1_9144_17_53_53.jpg,34
8528,image_BS1_9145_17_53_53.jpg,32
8529,image_BS1_9146_17_53_53.jpg,29
8530,image_BS1_9147_17_53_53.jpg,29
8531,image_BS1_9148_17_53_54.jpg,29
8532,image_BS1_9149_17_53_54.jpg,29
8533,image_BS1_9150_17_53_54.jpg,29
8534,image_BS1_9151_17_53_54.jpg,29
8535,image_BS1_9152_17_53_54.jpg,32
8536,image_BS1_9153_17_53_54.jpg,32
8537,image_BS1_9154_17_53_54.jpg,34
8538,image_BS1_9155_17_53_55.jpg,34
8539,image_BS1_9156_17_53_55.jpg,34
8540,image_BS1_9157_17_53_55.jpg,34
8541,image_BS1_9158_17_53_55.jpg,34
8542,image_BS1_9159_17_53_55.jpg,34
8543,image_BS1_9160_17_53_56.jpg,34
8544,image_BS1_9161_17_53_56.jpg,34
8545,image_BS1_9162_17_53_56.jpg,34
8546,image_BS1_9163_17_53_56.jpg,34
8547,image_BS1_9164_17_53_56.jpg,34
8548,image_BS1_9165_17_53_56.jpg,34
8549,image_BS1_9166_17_53_56.jpg,34
8550,image_BS1_9167_17_53_57.jpg,34
8551,image_BS1_9168_17_53_57.jpg,34
8552,image_BS1_9169_17_53_57.jpg,33
8553,image_BS1_9170_17_53_57.jpg,32
8554,image_BS1_9171_17_53_57.jpg,32
8555,image_BS1_9172_17_53_57.jpg,29
8556,image_BS1_9173_17_53_58.jpg,29
8557,image_BS1_9174_17_53_58.jpg,29
8558,image_BS1_9175_17_53_58.jpg,29
8559,image_BS1_9176_17_53_58.jpg,31
8560,image_BS1_9177_17_53_58.jpg,32
8561,image_BS1_9178_17_53_58.jpg,34
8562,image_BS1_9179_17_53_58.jpg,34
8563,image_BS1_9180_17_53_59.jpg,34
8564,image_BS1_9181_17_53_59.jpg,33
8565,image_BS1_9182_17_53_59.jpg,33
8566,image_BS1_9183_17_53_59.jpg,33
8567,image_BS1_9184_17_53_59.jpg,31
8568,image_BS1_9185_17_53_59.jpg,32
8569,image_BS1_9186_17_53_59.jpg,32
8570,image_BS1_9187_17_54_00.jpg,32
8571,image_BS1_9188_17_54_00.jpg,30
8572,image_BS1_9189_17_54_00.jpg,29
8573,image_BS1_9190_17_54_00.jpg,30
8574,image_BS1_9191_17_54_00.jpg,30
8575,image_BS1_9192_17_54_00.jpg,30
8576,image_BS1_9193_17_54_00.jpg,30
8577,image_BS1_9194_17_54_01.jpg,30
8578,image_BS1_9195_17_54_01.jpg,30
8579,image_BS1_9196_17_54_01.jpg,30
8580,image_BS1_9197_17_54_01.jpg,30
8581,image_BS1_9198_17_54_01.jpg,31
8582,image_BS1_9199_17_54_01.jpg,32
8583,image_BS1_9200_17_54_01.jpg,32
8584,image_BS1_9201_17_54_02.jpg,32
8585,image_BS1_9202_17_54_02.jpg,32
8586,image_BS1_9203_17_54_02.jpg,32
8587,image_BS1_9204_17_54_02.jpg,32
8588,image_BS1_9205_17_54_02.jpg,32
8589,image_BS1_9206_17_54_02.jpg,32
8590,image_BS1_9207_17_54_02.jpg,32
8591,image_BS1_9208_17_54_03.jpg,32
8592,image_BS1_9209_17_54_03.jpg,32
8593,image_BS1_9210_17_54_03.jpg,33
8594,image_BS1_9211_17_54_03.jpg,33
8595,image_BS1_9212_17_54_03.jpg,32
8596,image_BS1_9213_17_54_03.jpg,33
8597,image_BS1_9214_17_54_03.jpg,33
8598,image_BS1_9215_17_54_04.jpg,33
8599,image_BS1_9216_17_54_04.jpg,34
8600,image_BS1_9217_17_54_04.jpg,34
8601,image_BS1_9218_17_54_04.jpg,34
8602,image_BS1_9219_17_54_04.jpg,33
8603,image_BS1_9220_17_54_04.jpg,33
8604,image_BS1_9221_17_54_04.jpg,33
8605,image_BS1_9222_17_54_05.jpg,33
8606,image_BS1_9223_17_54_05.jpg,33
8607,image_BS1_9224_17_54_05.jpg,33
8608,image_BS1_9225_17_54_05.jpg,34
8609,image_BS1_9226_17_54_05.jpg,33
8610,image_BS1_9227_17_54_05.jpg,33
8611,image_BS1_9228_17_54_05.jpg,33
8612,image_BS1_9229_17_54_06.jpg,34
8613,image_BS1_9230_17_54_06.jpg,33
8614,image_BS1_9231_17_54_06.jpg,33
8615,image_BS1_9232_17_54_06.jpg,33
8616,image_BS1_9233_17_54_06.jpg,33
8617,image_BS1_9234_17_54_06.jpg,33
8618,image_BS1_9235_17_54_06.jpg,33
8619,image_BS1_9236_17_54_07.jpg,33
8620,image_BS1_9237_17_54_07.jpg,32
8621,image_BS1_9238_17_54_07.jpg,33
8622,image_BS1_9239_17_54_07.jpg,33
8623,image_BS1_9240_17_54_07.jpg,34
8624,image_BS1_9241_17_54_07.jpg,32
8625,image_BS1_9242_17_54_07.jpg,32
8626,image_BS1_9243_17_54_08.jpg,29
8627,image_BS1_9244_17_54_08.jpg,29
8628,image_BS1_9245_17_54_08.jpg,29
8629,image_BS1_9246_17_54_08.jpg,29
8630,image_BS1_9247_17_54_08.jpg,28
8631,image_BS1_9248_17_54_08.jpg,27
8632,image_BS1_9249_17_54_08.jpg,29
8633,image_BS1_9250_17_54_09.jpg,29
8634,image_BS1_9251_17_54_09.jpg,29
8635,image_BS1_9252_17_54_09.jpg,29
8636,image_BS1_9253_17_54_09.jpg,29
8637,image_BS1_9254_17_54_09.jpg,29
8638,image_BS1_9255_17_54_09.jpg,29
8639,image_BS1_9256_17_54_09.jpg,29
8640,image_BS1_9257_17_54_10.jpg,30
8641,image_BS1_9258_17_54_10.jpg,30
8642,image_BS1_9259_17_54_10.jpg,31
8643,image_BS1_9260_17_54_10.jpg,31
8644,image_BS1_9261_17_54_10.jpg,31
8645,image_BS1_9262_17_54_11.jpg,32
8646,image_BS1_9263_17_54_11.jpg,32
8647,image_BS1_9264_17_54_11.jpg,32
8648,image_BS1_9265_17_54_11.jpg,32
8649,image_BS1_9266_17_54_11.jpg,32
8650,image_BS1_9267_17_54_11.jpg,32
8651,image_BS1_9268_17_54_11.jpg,32
8652,image_BS1_9269_17_54_12.jpg,32
8653,image_BS1_9270_17_54_12.jpg,32
8654,image_BS1_9271_17_54_12.jpg,32
8655,image_BS1_9272_17_54_12.jpg,32
8656,image_BS1_9273_17_54_12.jpg,32
8657,image_BS1_9274_17_54_12.jpg,32
8658,image_BS1_9275_17_54_12.jpg,32
8659,image_BS1_9276_17_54_13.jpg,32
8660,image_BS1_9277_17_54_13.jpg,32
8661,image_BS1_9278_17_54_13.jpg,32
8662,image_BS1_9279_17_54_13.jpg,32
8663,image_BS1_9280_17_54_13.jpg,32
8664,image_BS1_9281_17_54_13.jpg,32
8665,image_BS1_9282_17_54_13.jpg,32
8666,image_BS1_9283_17_54_14.jpg,32
8667,image_BS1_9284_17_54_14.jpg,32
8668,image_BS1_9285_17_54_14.jpg,33
8669,image_BS1_9286_17_54_14.jpg,32
8670,image_BS1_9287_17_54_14.jpg,32
8671,image_BS1_9288_17_54_14.jpg,32
8672,image_BS1_9289_17_54_14.jpg,32
8673,image_BS1_9290_17_54_14.jpg,32
8674,image_BS1_9291_17_54_15.jpg,32
8675,image_BS1_9292_17_54_15.jpg,32
8676,image_BS1_9293_17_54_15.jpg,32
8677,image_BS1_9294_17_54_15.jpg,32
8678,image_BS1_9295_17_54_15.jpg,32
8679,image_BS1_9296_17_54_15.jpg,32
8680,image_BS1_9297_17_54_15.jpg,33
8681,image_BS1_9298_17_54_16.jpg,32
8682,image_BS1_9299_17_54_16.jpg,33
8683,image_BS1_9300_17_54_16.jpg,32
8684,image_BS1_9301_17_54_16.jpg,32
8685,image_BS1_9302_17_54_16.jpg,32
8686,image_BS1_9303_17_54_16.jpg,32
8687,image_BS1_9304_17_54_16.jpg,32
8688,image_BS1_9305_17_54_16.jpg,32
8689,image_BS1_9306_17_54_17.jpg,32
8690,image_BS1_9307_17_54_17.jpg,32
8691,image_BS1_9308_17_54_17.jpg,32
8692,image_BS1_9309_17_54_17.jpg,32
8693,image_BS1_9310_17_54_17.jpg,32
8694,image_BS1_9311_17_54_17.jpg,32
8695,image_BS1_9312_17_54_18.jpg,32
8696,image_BS1_9313_17_54_18.jpg,32
8697,image_BS1_9314_17_54_18.jpg,32
8698,image_BS1_9315_17_54_18.jpg,32
8699,image_BS1_9316_17_54_18.jpg,32
8700,image_BS1_9317_17_54_18.jpg,32
8701,image_BS1_9318_17_54_18.jpg,32
8702,image_BS1_9319_17_54_19.jpg,32
8703,image_BS1_9320_17_54_19.jpg,32
8704,image_BS1_9321_17_54_19.jpg,32
8705,image_BS1_9322_17_54_19.jpg,32
8706,image_BS1_9323_17_54_19.jpg,32
8707,image_BS1_9324_17_54_19.jpg,32
8708,image_BS1_9325_17_54_20.jpg,32
8709,image_BS1_9326_17_54_20.jpg,32
8710,image_BS1_9327_17_54_20.jpg,32
8711,image_BS1_9328_17_54_20.jpg,32
8712,image_BS1_9329_17_54_20.jpg,32
8713,image_BS1_9330_17_54_20.jpg,32
8714,image_BS1_9331_17_54_20.jpg,32
8715,image_BS1_9332_17_54_21.jpg,32
8716,image_BS1_9333_17_54_21.jpg,32
8717,image_BS1_9334_17_54_21.jpg,32
8718,image_BS1_9335_17_54_21.jpg,32
8719,image_BS1_9336_17_54_21.jpg,32
8720,image_BS1_9337_17_54_21.jpg,32
8721,image_BS1_9338_17_54_22.jpg,32
8722,image_BS1_9339_17_54_22.jpg,32
8723,image_BS1_9340_17_54_22.jpg,33
8724,image_BS1_9341_17_54_22.jpg,33
8725,image_BS1_9342_17_54_22.jpg,32
8726,image_BS1_9343_17_54_23.jpg,32
8727,image_BS1_9344_17_54_23.jpg,33
8728,image_BS1_9345_17_54_23.jpg,34
8729,image_BS1_9346_17_54_23.jpg,33
8730,image_BS1_9347_17_54_23.jpg,30
8731,image_BS1_9348_17_54_23.jpg,32
8732,image_BS1_9349_17_54_23.jpg,32
8733,image_BS1_9350_17_54_24.jpg,32
8734,image_BS1_9351_17_54_24.jpg,33
8735,image_BS1_9352_17_54_24.jpg,33
8736,image_BS1_9353_17_54_24.jpg,34
8737,image_BS1_9354_17_54_24.jpg,33
8738,image_BS1_9355_17_54_24.jpg,33
8739,image_BS1_9356_17_54_24.jpg,31
8740,image_BS1_9357_17_54_25.jpg,32
8741,image_BS1_9358_17_54_25.jpg,33
8742,image_BS1_9359_17_54_25.jpg,33
8743,image_BS1_9360_17_54_25.jpg,31
8744,image_BS1_9361_17_54_25.jpg,30
8745,image_BS1_9362_17_54_25.jpg,32
8746,image_BS1_9363_17_54_25.jpg,32
8747,image_BS1_9364_17_54_26.jpg,32
8748,image_BS1_9365_17_54_26.jpg,32
8749,image_BS1_9366_17_54_26.jpg,32
8750,image_BS1_9367_17_54_26.jpg,32
8751,image_BS1_9368_17_54_26.jpg,32
8752,image_BS1_9369_17_54_26.jpg,32
8753,image_BS1_9370_17_54_26.jpg,32
8754,image_BS1_9371_17_54_27.jpg,32
8755,image_BS1_9372_17_54_27.jpg,32
8756,image_BS1_9373_17_54_27.jpg,32
8757,image_BS1_9374_17_54_27.jpg,32
8758,image_BS1_9375_17_54_27.jpg,32
8759,image_BS1_9376_17_54_27.jpg,32
8760,image_BS1_9377_17_54_28.jpg,32
8761,image_BS1_9378_17_54_28.jpg,32
8762,image_BS1_9379_17_54_28.jpg,32
8763,image_BS1_9380_17_54_28.jpg,32
8764,image_BS1_9381_17_54_28.jpg,32
8765,image_BS1_9382_17_54_28.jpg,32
8766,image_BS1_9383_17_54_29.jpg,33
8767,image_BS1_9384_17_54_29.jpg,32
8768,image_BS1_9385_17_54_29.jpg,33
8769,image_BS1_9386_17_54_29.jpg,32
8770,image_BS1_9387_17_54_29.jpg,33
8771,image_BS1_9388_17_54_29.jpg,32
8772,image_BS1_9389_17_54_29.jpg,32
8773,image_BS1_9390_17_54_30.jpg,32
8774,image_BS1_9391_17_54_30.jpg,32
8775,image_BS1_9392_17_54_30.jpg,32
8776,image_BS1_9393_17_54_30.jpg,33
8777,image_BS1_9394_17_54_30.jpg,32
8778,image_BS1_9395_17_54_30.jpg,32
8779,image_BS1_9396_17_54_30.jpg,32
8780,image_BS1_9397_17_54_30.jpg,32
8781,image_BS1_9398_17_54_31.jpg,32
8782,image_BS1_9399_17_54_31.jpg,32
8783,image_BS1_9400_17_54_31.jpg,32
8784,image_BS1_9401_17_54_31.jpg,32
8785,image_BS1_9402_17_54_31.jpg,32
8786,image_BS1_9403_17_54_31.jpg,32
8787,image_BS1_9404_17_54_31.jpg,33
8788,image_BS1_9405_17_54_32.jpg,32
8789,image_BS1_9406_17_54_32.jpg,32
8790,image_BS1_9407_17_54_32.jpg,32
8791,image_BS1_9408_17_54_32.jpg,32
8792,image_BS1_9409_17_54_32.jpg,32
8793,image_BS1_9410_17_54_32.jpg,32
8794,image_BS1_9411_17_54_32.jpg,32
8795,image_BS1_9412_17_54_33.jpg,32
8796,image_BS1_9413_17_54_33.jpg,32
8797,image_BS1_9414_17_54_33.jpg,32
8798,image_BS1_9415_17_54_33.jpg,32
8799,image_BS1_9416_17_54_33.jpg,32
8800,image_BS1_9417_17_54_33.jpg,32
8801,image_BS1_9418_17_54_34.jpg,33
8802,image_BS1_9419_17_54_34.jpg,32
8803,image_BS1_9420_17_54_34.jpg,32
8804,image_BS1_9421_17_54_34.jpg,33
8805,image_BS1_9422_17_54_34.jpg,32
8806,image_BS1_9423_17_54_34.jpg,32
8807,image_BS1_9424_17_54_34.jpg,32
8808,image_BS1_9425_17_54_35.jpg,32
8809,image_BS1_9426_17_54_35.jpg,32
8810,image_BS1_9427_17_54_35.jpg,32
8811,image_BS1_9428_17_54_35.jpg,32
8812,image_BS1_9429_17_54_35.jpg,32
8813,image_BS1_9430_17_54_35.jpg,32
8814,image_BS1_9431_17_54_35.jpg,32
8815,image_BS1_9432_17_54_35.jpg,32
8816,image_BS1_9433_17_54_36.jpg,32
8817,image_BS1_9434_17_54_36.jpg,32
8818,image_BS1_9435_17_54_36.jpg,32
8819,image_BS1_9436_17_54_36.jpg,33
8820,image_BS1_9437_17_54_36.jpg,32
8821,image_BS1_9438_17_54_36.jpg,32
8822,image_BS1_9439_17_54_36.jpg,32
8823,image_BS1_9440_17_54_37.jpg,32
8824,image_BS1_9441_17_54_37.jpg,32
8825,image_BS1_9442_17_54_37.jpg,32
8826,image_BS1_9443_17_54_37.jpg,32
8827,image_BS1_9444_17_54_37.jpg,32
8828,image_BS1_9445_17_54_37.jpg,32
8829,image_BS1_9446_17_54_37.jpg,32
8830,image_BS1_9447_17_54_38.jpg,32
8831,image_BS1_9448_17_54_38.jpg,33
8832,image_BS1_9449_17_54_38.jpg,33
8833,image_BS1_9450_17_54_38.jpg,32
8834,image_BS1_9451_17_54_38.jpg,33
8835,image_BS1_9452_17_54_38.jpg,33
8836,image_BS1_9453_17_54_38.jpg,32
8837,image_BS1_9454_17_54_39.jpg,32
8838,image_BS1_9455_17_54_39.jpg,32
8839,image_BS1_9456_17_54_39.jpg,33
8840,image_BS1_9457_17_54_39.jpg,32
8841,image_BS1_9458_17_54_39.jpg,33
8842,image_BS1_9459_17_54_39.jpg,32
8843,image_BS1_9460_17_54_39.jpg,32
8844,image_BS1_9461_17_54_40.jpg,32
8845,image_BS1_9462_17_54_40.jpg,32
8846,image_BS1_9463_17_54_40.jpg,32
8847,image_BS1_9464_17_54_40.jpg,32
8848,image_BS1_9465_17_54_40.jpg,32
8849,image_BS1_9466_17_54_41.jpg,32
8850,image_BS1_9467_17_54_41.jpg,32
8851,image_BS1_9468_17_54_41.jpg,32
8852,image_BS1_9469_17_54_41.jpg,32
8853,image_BS1_9470_17_54_41.jpg,32
8854,image_BS1_9471_17_54_41.jpg,32
8855,image_BS1_9472_17_54_41.jpg,32
8856,image_BS1_9473_17_54_42.jpg,33
8857,image_BS1_9474_17_54_42.jpg,32
8858,image_BS1_9475_17_54_42.jpg,33
8859,image_BS1_9476_17_54_42.jpg,32
8860,image_BS1_9477_17_54_42.jpg,33
8861,image_BS1_9478_17_54_42.jpg,32
8862,image_BS1_9479_17_54_42.jpg,32
8863,image_BS1_9480_17_54_42.jpg,33
8864,image_BS1_9481_17_54_43.jpg,32
8865,image_BS1_9482_17_54_43.jpg,33
8866,image_BS1_9483_17_54_43.jpg,32
8867,image_BS1_9484_17_54_43.jpg,32
8868,image_BS1_9485_17_54_43.jpg,32
8869,image_BS1_9486_17_54_43.jpg,33
8870,image_BS1_9487_17_54_44.jpg,33
8871,image_BS1_9488_17_54_44.jpg,33
8872,image_BS1_9489_17_54_44.jpg,32
8873,image_BS1_9490_17_54_44.jpg,32
8874,image_BS1_9491_17_54_44.jpg,32
8875,image_BS1_9492_17_54_45.jpg,32
8876,image_BS1_9493_17_54_45.jpg,32
8877,image_BS1_9494_17_54_45.jpg,32
8878,image_BS1_9495_17_54_45.jpg,32
8879,image_BS1_9496_17_54_45.jpg,32
8880,image_BS1_9497_17_54_45.jpg,32
8881,image_BS1_9498_17_54_45.jpg,32
8882,image_BS1_9499_17_54_46.jpg,32
8883,image_BS1_9500_17_54_46.jpg,33
8884,image_BS1_9501_17_54_46.jpg,32
8885,image_BS1_9502_17_54_46.jpg,32
8886,image_BS1_9503_17_54_46.jpg,32
8887,image_BS1_9504_17_54_46.jpg,32
8888,image_BS1_9505_17_54_46.jpg,33
8889,image_BS1_9506_17_54_46.jpg,32
8890,image_BS1_9507_17_54_47.jpg,33
8891,image_BS1_9508_17_54_47.jpg,32
8892,image_BS1_9509_17_54_47.jpg,32
8893,image_BS1_9510_17_54_47.jpg,32
8894,image_BS1_9511_17_54_47.jpg,32
8895,image_BS1_9512_17_54_47.jpg,33
8896,image_BS1_9513_17_54_47.jpg,32
8897,image_BS1_9514_17_54_48.jpg,32
8898,image_BS1_9515_17_54_48.jpg,33
8899,image_BS1_9516_17_54_48.jpg,32
8900,image_BS1_9517_17_54_48.jpg,32
8901,image_BS1_9518_17_54_48.jpg,33
8902,image_BS1_9519_17_54_48.jpg,32
8903,image_BS1_9520_17_54_48.jpg,32
8904,image_BS1_9521_17_54_49.jpg,32
8905,image_BS1_9522_17_54_49.jpg,32
8906,image_BS1_9523_17_54_49.jpg,32
8907,image_BS1_9524_17_54_49.jpg,32
8908,image_BS1_9525_17_54_49.jpg,32
8909,image_BS1_9526_17_54_49.jpg,33
8910,image_BS1_9527_17_54_49.jpg,32
8911,image_BS1_9528_17_54_50.jpg,32
8912,image_BS1_9529_17_54_50.jpg,33
8913,image_BS1_9530_17_54_50.jpg,32
8914,image_BS1_9531_17_54_50.jpg,32
8915,image_BS1_9532_17_54_50.jpg,33
8916,image_BS1_9533_17_54_50.jpg,32
8917,image_BS1_9534_17_54_50.jpg,32
8918,image_BS1_9535_17_54_51.jpg,32
8919,image_BS1_9536_17_54_51.jpg,32
8920,image_BS1_9537_17_54_51.jpg,32
8921,image_BS1_9538_17_54_51.jpg,32
8922,image_BS1_9539_17_54_51.jpg,32
8923,image_BS1_9540_17_54_52.jpg,32
8924,image_BS1_9541_17_54_52.jpg,32
8925,image_BS1_9542_17_54_52.jpg,32
8926,image_BS1_9543_17_54_52.jpg,32
8927,image_BS1_9544_17_54_52.jpg,32
8928,image_BS1_9545_17_54_52.jpg,32
8929,image_BS1_9546_17_54_52.jpg,33
8930,image_BS1_9547_17_54_53.jpg,32
8931,image_BS1_9548_17_54_53.jpg,32
8932,image_BS1_9549_17_54_53.jpg,32
8933,image_BS1_9550_17_54_53.jpg,32
8934,image_BS1_9551_17_54_53.jpg,33
8935,image_BS1_9552_17_54_53.jpg,32
8936,image_BS1_9553_17_54_53.jpg,32
8937,image_BS1_9554_17_54_54.jpg,33
8938,image_BS1_9555_17_54_54.jpg,33
8939,image_BS1_9556_17_54_54.jpg,33
8940,image_BS1_9557_17_54_54.jpg,32
8941,image_BS1_9558_17_54_54.jpg,32
8942,image_BS1_9559_17_54_54.jpg,32
8943,image_BS1_9560_17_54_55.jpg,32
8944,image_BS1_9561_17_54_55.jpg,32
8945,image_BS1_9562_17_54_55.jpg,32
8946,image_BS1_9563_17_54_55.jpg,32
8947,image_BS1_9564_17_54_55.jpg,33
8948,image_BS1_9565_17_54_55.jpg,32
8949,image_BS1_9566_17_54_55.jpg,32
8950,image_BS1_9567_17_54_55.jpg,32
8951,image_BS1_9568_17_54_56.jpg,32
8952,image_BS1_9569_17_54_56.jpg,32
8953,image_BS1_9570_17_54_56.jpg,32
8954,image_BS1_9571_17_54_56.jpg,32
8955,image_BS1_9572_17_54_56.jpg,32
8956,image_BS1_9573_17_54_56.jpg,32
8957,image_BS1_9574_17_54_57.jpg,33
8958,image_BS1_9575_17_54_57.jpg,33
8959,image_BS1_9576_17_54_57.jpg,32
8960,image_BS1_9577_17_54_57.jpg,32
8961,image_BS1_9578_17_54_57.jpg,32
8962,image_BS1_9579_17_54_57.jpg,33
8963,image_BS1_9580_17_54_57.jpg,32
8964,image_BS1_9581_17_54_58.jpg,32
8965,image_BS1_9582_17_54_58.jpg,32
8966,image_BS1_9583_17_54_58.jpg,32
8967,image_BS1_9584_17_54_58.jpg,33
8968,image_BS1_9585_17_54_58.jpg,32
8969,image_BS1_9586_17_54_58.jpg,32
8970,image_BS1_9587_17_54_58.jpg,33
8971,image_BS1_9588_17_54_59.jpg,32
8972,image_BS1_9589_17_54_59.jpg,33
8973,image_BS1_9590_17_54_59.jpg,32
8974,image_BS1_9591_17_54_59.jpg,32
8975,image_BS1_9592_17_54_59.jpg,32
8976,image_BS1_9593_17_54_59.jpg,32
8977,image_BS1_9594_17_54_59.jpg,32
8978,image_BS1_9595_17_55_00.jpg,32
8979,image_BS1_9596_17_55_00.jpg,32
8980,image_BS1_9597_17_55_00.jpg,32
8981,image_BS1_9598_17_55_00.jpg,32
8982,image_BS1_9599_17_55_00.jpg,32
8983,image_BS1_9600_17_55_00.jpg,32
8984,image_BS1_9601_17_55_00.jpg,32
8985,image_BS1_9602_17_55_01.jpg,32
8986,image_BS1_9603_17_55_01.jpg,32
8987,image_BS1_9604_17_55_01.jpg,32
8988,image_BS1_9605_17_55_01.jpg,32
8989,image_BS1_9606_17_55_01.jpg,32
8990,image_BS1_9607_17_55_01.jpg,32
8991,image_BS1_9608_17_55_02.jpg,32
8992,image_BS1_9609_17_55_02.jpg,33
8993,image_BS1_9610_17_55_02.jpg,32
8994,image_BS1_9611_17_55_02.jpg,32
8995,image_BS1_9612_17_55_02.jpg,33
8996,image_BS1_9613_17_55_02.jpg,32
8997,image_BS1_9614_17_55_02.jpg,32
8998,image_BS1_9615_17_55_03.jpg,33
8999,image_BS1_9616_17_55_03.jpg,32
9000,image_BS1_9617_17_55_03.jpg,32
9001,image_BS1_9618_17_55_03.jpg,32
9002,image_BS1_9619_17_55_03.jpg,32
9003,image_BS1_9620_17_55_03.jpg,32
9004,image_BS1_9621_17_55_03.jpg,33
9005,image_BS1_9622_17_55_04.jpg,32
9006,image_BS1_9623_17_55_04.jpg,32
9007,image_BS1_9624_17_55_04.jpg,32
9008,image_BS1_9625_17_55_04.jpg,32
9009,image_BS1_9626_17_55_04.jpg,33
9010,image_BS1_9627_17_55_04.jpg,33
9011,image_BS1_9628_17_55_05.jpg,32
9012,image_BS1_9629_17_55_05.jpg,33
9013,image_BS1_9630_17_55_05.jpg,32
9014,image_BS1_9631_17_55_05.jpg,33
9015,image_BS1_9632_17_55_05.jpg,33
9016,image_BS1_9633_17_55_05.jpg,32
9017,image_BS1_9634_17_55_05.jpg,33
9018,image_BS1_9635_17_55_06.jpg,32
9019,image_BS1_9636_17_55_06.jpg,32
9020,image_BS1_9637_17_55_06.jpg,32
9021,image_BS1_9638_17_55_06.jpg,32
9022,image_BS1_9639_17_55_06.jpg,32
9023,image_BS1_9640_17_55_07.jpg,32
9024,image_BS1_9641_17_55_07.jpg,32
9025,image_BS1_9642_17_55_07.jpg,32
9026,image_BS1_9643_17_55_07.jpg,32
9027,image_BS1_9644_17_55_07.jpg,32
9028,image_BS1_9645_17_55_07.jpg,32
9029,image_BS1_9646_17_55_07.jpg,32
9030,image_BS1_9647_17_55_08.jpg,32
9031,image_BS1_9648_17_55_08.jpg,32
9032,image_BS1_9649_17_55_08.jpg,32
9033,image_BS1_9650_17_55_08.jpg,32
9034,image_BS1_9651_17_55_08.jpg,32
9035,image_BS1_9652_17_55_08.jpg,32
9036,image_BS1_9653_17_55_08.jpg,32
9037,image_BS1_9654_17_55_09.jpg,32
9038,image_BS1_9655_17_55_09.jpg,32
9039,image_BS1_9656_17_55_09.jpg,32
9040,image_BS1_9657_17_55_09.jpg,32
9041,image_BS1_9658_17_55_09.jpg,32
9042,image_BS1_9659_17_55_09.jpg,32
9043,image_BS1_9660_17_55_09.jpg,32
9044,image_BS1_9661_17_55_10.jpg,33
9045,image_BS1_9662_17_55_10.jpg,32
9046,image_BS1_9663_17_55_10.jpg,33
9047,image_BS1_9664_17_55_10.jpg,33
9048,image_BS1_9665_17_55_10.jpg,34
9049,image_BS1_9666_17_55_10.jpg,34
9050,image_BS1_9667_17_55_10.jpg,34
9051,image_BS1_9668_17_55_11.jpg,34
9052,image_BS1_9669_17_55_11.jpg,34
9053,image_BS1_9670_17_55_11.jpg,34
9054,image_BS1_9671_17_55_11.jpg,34
9055,image_BS1_9672_17_55_11.jpg,34
9056,image_BS1_9673_17_55_11.jpg,34
9057,image_BS1_9674_17_55_12.jpg,34
9058,image_BS1_9675_17_55_12.jpg,34
9059,image_BS1_9676_17_55_12.jpg,34
9060,image_BS1_9677_17_55_12.jpg,33
9061,image_BS1_9678_17_55_12.jpg,32
9062,image_BS1_9679_17_55_12.jpg,32
9063,image_BS1_9680_17_55_13.jpg,32
9064,image_BS1_9681_17_55_13.jpg,32
9065,image_BS1_9682_17_55_13.jpg,33
9066,image_BS1_9683_17_55_13.jpg,31
9067,image_BS1_9684_17_55_13.jpg,32
9068,image_BS1_9685_17_55_13.jpg,31
9069,image_BS1_9686_17_55_14.jpg,32
9070,image_BS1_9687_17_55_14.jpg,32
9071,image_BS1_9688_17_55_14.jpg,33
9072,image_BS1_9689_17_55_14.jpg,32
9073,image_BS1_9690_17_55_14.jpg,32
9074,image_BS1_9691_17_55_15.jpg,32
9075,image_BS1_9692_17_55_15.jpg,32
9076,image_BS1_9693_17_55_15.jpg,33
9077,image_BS1_9694_17_55_15.jpg,32
9078,image_BS1_9695_17_55_15.jpg,32
9079,image_BS1_9696_17_55_15.jpg,32
9080,image_BS1_9697_17_55_15.jpg,32
9081,image_BS1_9698_17_55_15.jpg,32
9082,image_BS1_9699_17_55_16.jpg,33
9083,image_BS1_9700_17_55_16.jpg,32
9084,image_BS1_9701_17_55_16.jpg,32
9085,image_BS1_9702_17_55_16.jpg,32
9086,image_BS1_9703_17_55_16.jpg,32
9087,image_BS1_9704_17_55_17.jpg,32
9088,image_BS1_9705_17_55_17.jpg,32
9089,image_BS1_9706_17_55_17.jpg,32
9090,image_BS1_9707_17_55_17.jpg,32
9091,image_BS1_9708_17_55_17.jpg,32
9092,image_BS1_9709_17_55_17.jpg,32
9093,image_BS1_9710_17_55_18.jpg,32
9094,image_BS1_9711_17_55_18.jpg,32
9095,image_BS1_9712_17_55_18.jpg,32
9096,image_BS1_9713_17_55_18.jpg,32
9097,image_BS1_9714_17_55_18.jpg,32
9098,image_BS1_9715_17_55_18.jpg,32
9099,image_BS1_9716_17_55_18.jpg,32
9100,image_BS1_9717_17_55_18.jpg,32
9101,image_BS1_9718_17_55_19.jpg,32
9102,image_BS1_9719_17_55_19.jpg,32
9103,image_BS1_9720_17_55_19.jpg,32
9104,image_BS1_9721_17_55_19.jpg,32
9105,image_BS1_9722_17_55_19.jpg,32
9106,image_BS1_9723_17_55_19.jpg,32
9107,image_BS1_9724_17_55_19.jpg,32
9108,image_BS1_9725_17_55_20.jpg,32
9109,image_BS1_9726_17_55_20.jpg,32
9110,image_BS1_9727_17_55_20.jpg,32
9111,image_BS1_9728_17_55_20.jpg,32
9112,image_BS1_9729_17_55_20.jpg,32
9113,image_BS1_9730_17_55_20.jpg,31
9114,image_BS1_9731_17_55_21.jpg,29
9115,image_BS1_9732_17_55_21.jpg,29
9116,image_BS1_9733_17_55_21.jpg,29
9117,image_BS1_9734_17_55_21.jpg,29
9118,image_BS1_9735_17_55_22.jpg,29
9119,image_BS1_9736_17_55_22.jpg,29
9120,image_BS1_9737_17_55_22.jpg,29
9121,image_BS1_9738_17_55_22.jpg,31
9122,image_BS1_9739_17_55_22.jpg,31
9123,image_BS1_9740_17_55_22.jpg,32
9124,image_BS1_9741_17_55_23.jpg,32
9125,image_BS1_9742_17_55_23.jpg,33
9126,image_BS1_9743_17_55_23.jpg,33
9127,image_BS1_9744_17_55_23.jpg,34
9128,image_BS1_9745_17_55_23.jpg,34
9129,image_BS1_9746_17_55_23.jpg,34
9130,image_BS1_9747_17_55_23.jpg,34
9131,image_BS1_9748_17_55_23.jpg,34
9132,image_BS1_9749_17_55_24.jpg,34
9133,image_BS1_9750_17_55_24.jpg,34
9134,image_BS1_9751_17_55_24.jpg,34
9135,image_BS1_9752_17_55_24.jpg,34
9136,image_BS1_9753_17_55_24.jpg,34
9137,image_BS1_9754_17_55_24.jpg,34
9138,image_BS1_9755_17_55_24.jpg,34
9139,image_BS1_9756_17_55_25.jpg,34
9140,image_BS1_9757_17_55_25.jpg,34
9141,image_BS1_9758_17_55_25.jpg,34
9142,image_BS1_9759_17_55_25.jpg,34
9143,image_BS1_9760_17_55_25.jpg,34
9144,image_BS1_9761_17_55_25.jpg,34
9145,image_BS1_9762_17_55_25.jpg,34
9146,image_BS1_9763_17_55_26.jpg,34
9147,image_BS1_9764_17_55_26.jpg,34
9148,image_BS1_9765_17_55_26.jpg,34
9149,image_BS1_9766_17_55_26.jpg,34
9150,image_BS1_9767_17_55_26.jpg,34
9151,image_BS1_9768_17_55_27.jpg,34
9152,image_BS1_9769_17_55_27.jpg,34
9153,image_BS1_9770_17_55_27.jpg,34
9154,image_BS1_9771_17_55_27.jpg,34
9155,image_BS1_9772_17_55_27.jpg,34
9156,image_BS1_9773_17_55_27.jpg,34
9157,image_BS1_9774_17_55_27.jpg,34
9158,image_BS1_9775_17_55_28.jpg,34
9159,image_BS1_9776_17_55_28.jpg,34
9160,image_BS1_9777_17_55_28.jpg,34
9161,image_BS1_9778_17_55_28.jpg,34
9162,image_BS1_9779_17_55_28.jpg,34
9163,image_BS1_9780_17_55_29.jpg,34
9164,image_BS1_9781_17_55_29.jpg,33
9165,image_BS1_9782_17_55_29.jpg,33
9166,image_BS1_9783_17_55_29.jpg,33
9167,image_BS1_9784_17_55_29.jpg,34
9168,image_BS1_9785_17_55_29.jpg,34
9169,image_BS1_9786_17_55_29.jpg,34
9170,image_BS1_9787_17_55_30.jpg,33
9171,image_BS1_9788_17_55_30.jpg,34
9172,image_BS1_9789_17_55_30.jpg,33
9173,image_BS1_9790_17_55_30.jpg,34
9174,image_BS1_9791_17_55_30.jpg,33
9175,image_BS1_9792_17_55_30.jpg,33
9176,image_BS1_9793_17_55_30.jpg,33
9177,image_BS1_9794_17_55_31.jpg,33
9178,image_BS1_9795_17_55_31.jpg,33
9179,image_BS1_9796_17_55_31.jpg,33
9180,image_BS1_9797_17_55_31.jpg,34
9181,image_BS1_9798_17_55_31.jpg,33
9182,image_BS1_9799_17_55_31.jpg,33
9183,image_BS1_9800_17_55_32.jpg,34
9184,image_BS1_9801_17_55_32.jpg,34
9185,image_BS1_9802_17_55_32.jpg,33
9186,image_BS1_9803_17_55_32.jpg,33
9187,image_BS1_9804_17_55_32.jpg,33
9188,image_BS1_9805_17_55_32.jpg,33
9189,image_BS1_9806_17_55_32.jpg,34
9190,image_BS1_9807_17_55_33.jpg,33
9191,image_BS1_9808_17_55_33.jpg,33
9192,image_BS1_9809_17_55_33.jpg,33
9193,image_BS1_9810_17_55_33.jpg,34
9194,image_BS1_9811_17_55_33.jpg,33
9195,image_BS1_9812_17_55_33.jpg,34
9196,image_BS1_9813_17_55_33.jpg,33
9197,image_BS1_9814_17_55_34.jpg,34
9198,image_BS1_9815_17_55_34.jpg,33
9199,image_BS1_9816_17_55_34.jpg,33
9200,image_BS1_9817_17_55_34.jpg,34
9201,image_BS1_9818_17_55_34.jpg,33
9202,image_BS1_9819_17_55_34.jpg,34
9203,image_BS1_9820_17_55_34.jpg,33
9204,image_BS1_9821_17_55_35.jpg,33
9205,image_BS1_9822_17_55_35.jpg,34
9206,image_BS1_9823_17_55_35.jpg,33
9207,image_BS1_9824_17_55_35.jpg,34
9208,image_BS1_9825_17_55_35.jpg,33
9209,image_BS1_9826_17_55_35.jpg,33
9210,image_BS1_9827_17_55_35.jpg,33
9211,image_BS1_9828_17_55_36.jpg,33
9212,image_BS1_9829_17_55_36.jpg,34
9213,image_BS1_9830_17_55_36.jpg,33
9214,image_BS1_9831_17_55_36.jpg,33
9215,image_BS1_9832_17_55_36.jpg,34
9216,image_BS1_9833_17_55_36.jpg,34
9217,image_BS1_9834_17_55_36.jpg,33
9218,image_BS1_9835_17_55_37.jpg,34
9219,image_BS1_9836_17_55_37.jpg,34
9220,image_BS1_9837_17_55_37.jpg,33
9221,image_BS1_9838_17_55_37.jpg,33
9222,image_BS1_9839_17_55_37.jpg,33
9223,image_BS1_9840_17_55_37.jpg,33
9224,image_BS1_9841_17_55_37.jpg,34
9225,image_BS1_9842_17_55_38.jpg,34
9226,image_BS1_9843_17_55_38.jpg,34
9227,image_BS1_9844_17_55_38.jpg,33
9228,image_BS1_9845_17_55_38.jpg,33
9229,image_BS1_9846_17_55_38.jpg,33
9230,image_BS1_9847_17_55_38.jpg,33
9231,image_BS1_9848_17_55_38.jpg,33
9232,image_BS1_9849_17_55_39.jpg,33
9233,image_BS1_9850_17_55_39.jpg,33
9234,image_BS1_9851_17_55_39.jpg,34
9235,image_BS1_9852_17_55_39.jpg,34
9236,image_BS1_9853_17_55_39.jpg,34
9237,image_BS1_9854_17_55_39.jpg,33
9238,image_BS1_9855_17_55_40.jpg,33
9239,image_BS1_9856_17_55_40.jpg,33
9240,image_BS1_9857_17_55_40.jpg,33
9241,image_BS1_9858_17_55_40.jpg,34
9242,image_BS1_9859_17_55_40.jpg,33
9243,image_BS1_9860_17_55_40.jpg,33
9244,image_BS1_9861_17_55_41.jpg,34
9245,image_BS1_9862_17_55_41.jpg,33
9246,image_BS1_9863_17_55_41.jpg,34
9247,image_BS1_9864_17_55_41.jpg,33
9248,image_BS1_9865_17_55_41.jpg,34
9249,image_BS1_9866_17_55_41.jpg,33
9250,image_BS1_9867_17_55_42.jpg,33
9251,image_BS1_9868_17_55_42.jpg,33
9252,image_BS1_9869_17_55_42.jpg,33
9253,image_BS1_9870_17_55_42.jpg,34
9254,image_BS1_9871_17_55_42.jpg,34
9255,image_BS1_9872_17_55_42.jpg,34
9256,image_BS1_9873_17_55_43.jpg,33
9257,image_BS1_9874_17_55_43.jpg,34
9258,image_BS1_9875_17_55_43.jpg,34
9259,image_BS1_9876_17_55_43.jpg,34
9260,image_BS1_9877_17_55_43.jpg,34
9261,image_BS1_9878_17_55_43.jpg,33
9262,image_BS1_9879_17_55_43.jpg,33
9263,image_BS1_9880_17_55_44.jpg,34
9264,image_BS1_9881_17_55_44.jpg,34
9265,image_BS1_9882_17_55_44.jpg,33
9266,image_BS1_9883_17_55_44.jpg,34
9267,image_BS1_9884_17_55_44.jpg,34
9268,image_BS1_9885_17_55_44.jpg,34
9269,image_BS1_9886_17_55_44.jpg,34
9270,image_BS1_9887_17_55_45.jpg,34
9271,image_BS1_9888_17_55_45.jpg,34
9272,image_BS1_9889_17_55_45.jpg,34
9273,image_BS1_9890_17_55_45.jpg,34
9274,image_BS1_9891_17_55_45.jpg,33
9275,image_BS1_9892_17_55_45.jpg,34
9276,image_BS1_9893_17_55_45.jpg,34
9277,image_BS1_9894_17_55_46.jpg,34
9278,image_BS1_9895_17_55_46.jpg,34
9279,image_BS1_9896_17_55_46.jpg,33
9280,image_BS1_9897_17_55_46.jpg,34
9281,image_BS1_9898_17_55_46.jpg,34
9282,image_BS1_9899_17_55_46.jpg,34
9283,image_BS1_9900_17_55_46.jpg,34
9284,image_BS1_9901_17_55_47.jpg,34
9285,image_BS1_9902_17_55_47.jpg,34
9286,image_BS1_9903_17_55_47.jpg,34
9287,image_BS1_9904_17_55_47.jpg,34
9288,image_BS1_9905_17_55_47.jpg,34
9289,image_BS1_9906_17_55_48.jpg,34
9290,image_BS1_9907_17_55_48.jpg,34
9291,image_BS1_9908_17_55_48.jpg,33
9292,image_BS1_9909_17_55_48.jpg,34
9293,image_BS1_9910_17_55_48.jpg,34
9294,image_BS1_9911_17_55_48.jpg,34
9295,image_BS1_9912_17_55_48.jpg,33
9296,image_BS1_9913_17_55_49.jpg,33
9297,image_BS1_9914_17_55_49.jpg,33
9298,image_BS1_9915_17_55_49.jpg,34
9299,image_BS1_9916_17_55_49.jpg,33
9300,image_BS1_9917_17_55_49.jpg,34
9301,image_BS1_9918_17_55_49.jpg,34
9302,image_BS1_9919_17_55_50.jpg,33
9303,image_BS1_9920_17_55_50.jpg,34
9304,image_BS1_9921_17_55_50.jpg,34
9305,image_BS1_9922_17_55_50.jpg,34
9306,image_BS1_9923_17_55_50.jpg,33
9307,image_BS1_9924_17_55_50.jpg,34
9308,image_BS1_9925_17_55_50.jpg,34
9309,image_BS1_9926_17_55_51.jpg,34
9310,image_BS1_9927_17_55_51.jpg,34
9311,image_BS1_9928_17_55_51.jpg,34
9312,image_BS1_9929_17_55_51.jpg,33
9313,image_BS1_9930_17_55_51.jpg,33
9314,image_BS1_9931_17_55_51.jpg,33
9315,image_BS1_9932_17_55_51.jpg,33
9316,image_BS1_9933_17_55_52.jpg,33
9317,image_BS1_9934_17_55_52.jpg,32
9318,image_BS1_9935_17_55_52.jpg,33
9319,image_BS1_9936_17_55_52.jpg,32
9320,image_BS1_9937_17_55_52.jpg,33
9321,image_BS1_9938_17_55_52.jpg,33
9322,image_BS1_9939_17_55_52.jpg,32
9323,image_BS1_9940_17_55_52.jpg,32
9324,image_BS1_9941_17_55_53.jpg,32
9325,image_BS1_9942_17_55_53.jpg,32
9326,image_BS1_9943_17_55_53.jpg,33
9327,image_BS1_9944_17_55_53.jpg,33
9328,image_BS1_9945_17_55_53.jpg,32
9329,image_BS1_9946_17_55_53.jpg,33
9330,image_BS1_9947_17_55_54.jpg,33
9331,image_BS1_9948_17_55_54.jpg,32
9332,image_BS1_9949_17_55_54.jpg,33
9333,image_BS1_9950_17_55_54.jpg,32
9334,image_BS1_9951_17_55_54.jpg,33
9335,image_BS1_9952_17_55_54.jpg,33
9336,image_BS1_9953_17_55_55.jpg,32
9337,image_BS1_9954_17_55_55.jpg,34
9338,image_BS1_9955_17_55_55.jpg,33
9339,image_BS1_9956_17_55_55.jpg,32
9340,image_BS1_9957_17_55_55.jpg,33
9341,image_BS1_9958_17_55_55.jpg,33
9342,image_BS1_9959_17_55_56.jpg,33
9343,image_BS1_9960_17_55_56.jpg,34
9344,image_BS1_9961_17_55_56.jpg,33
9345,image_BS1_9962_17_55_56.jpg,34
9346,image_BS1_9963_17_55_56.jpg,34
9347,image_BS1_9964_17_55_56.jpg,34
9348,image_BS1_9965_17_55_57.jpg,34
9349,image_BS1_9966_17_55_57.jpg,34
9350,image_BS1_9967_17_55_57.jpg,34
9351,image_BS1_9968_17_55_57.jpg,34
9352,image_BS1_9969_17_55_57.jpg,34
9353,image_BS1_9970_17_55_57.jpg,34
9354,image_BS1_9971_17_55_57.jpg,34
9355,image_BS1_9972_17_55_58.jpg,34
9356,image_BS1_9973_17_55_58.jpg,34
9357,image_BS1_9974_17_55_58.jpg,34
9358,image_BS1_9975_17_55_58.jpg,34
9359,image_BS1_9976_17_55_58.jpg,34
9360,image_BS1_9977_17_55_58.jpg,34
9361,image_BS1_9978_17_55_58.jpg,34
9362,image_BS1_9979_17_55_59.jpg,34
9363,image_BS1_9980_17_55_59.jpg,34
9364,image_BS1_9981_17_55_59.jpg,34
9365,image_BS1_9982_17_55_59.jpg,34
9366,image_BS1_9983_17_55_59.jpg,37
9367,image_BS1_9984_17_55_59.jpg,34
9368,image_BS1_9985_17_56_00.jpg,34
9369,image_BS1_9986_17_56_00.jpg,34
9370,image_BS1_9987_17_56_00.jpg,34
9371,image_BS1_9988_17_56_01.jpg,34
9372,image_BS1_9989_17_56_01.jpg,34
9373,image_BS1_9990_17_56_01.jpg,34
9374,image_BS1_9991_17_56_01.jpg,34
9375,image_BS1_9992_17_56_01.jpg,34
9376,image_BS1_9993_17_56_01.jpg,34
9377,image_BS1_9994_17_56_02.jpg,34
9378,image_BS1_9995_17_56_02.jpg,34
9379,image_BS1_9996_17_56_02.jpg,34
9380,image_BS1_9997_17_56_02.jpg,34
9381,image_BS1_9998_17_56_02.jpg,34
9382,image_BS1_9999_17_56_02.jpg,33
9383,image_BS1_10000_17_56_03.jpg,32
9384,image_BS1_10001_17_56_03.jpg,32
9385,image_BS1_10002_17_56_03.jpg,31
9386,image_BS1_10003_17_56_03.jpg,30
9387,image_BS1_10004_17_56_03.jpg,29
9388,image_BS1_10005_17_56_03.jpg,29
9389,image_BS1_10006_17_56_03.jpg,30
9390,image_BS1_10007_17_56_04.jpg,32
9391,image_BS1_10008_17_56_04.jpg,32
9392,image_BS1_10009_17_56_04.jpg,33
9393,image_BS1_10010_17_56_04.jpg,34
9394,image_BS1_10011_17_56_04.jpg,34
9395,image_BS1_10012_17_56_04.jpg,34
9396,image_BS1_10013_17_56_04.jpg,34
9397,image_BS1_10014_17_56_05.jpg,34
9398,image_BS1_10015_17_56_05.jpg,34
9399,image_BS1_10016_17_56_05.jpg,34
9400,image_BS1_10017_17_56_05.jpg,33
9401,image_BS1_10018_17_56_05.jpg,32
9402,image_BS1_10019_17_56_05.jpg,32
9403,image_BS1_10020_17_56_06.jpg,32
9404,image_BS1_10021_17_56_06.jpg,32
9405,image_BS1_10022_17_56_06.jpg,32
9406,image_BS1_10023_17_56_06.jpg,32
9407,image_BS1_10024_17_56_06.jpg,32
9408,image_BS1_10025_17_56_06.jpg,32
9409,image_BS1_10026_17_56_06.jpg,32
9410,image_BS1_10027_17_56_06.jpg,33
9411,image_BS1_10028_17_56_07.jpg,33
9412,image_BS1_10029_17_56_07.jpg,34
9413,image_BS1_10030_17_56_07.jpg,33
9414,image_BS1_10031_17_56_07.jpg,33
9415,image_BS1_10032_17_56_07.jpg,33
9416,image_BS1_10033_17_56_07.jpg,33
9417,image_BS1_10034_17_56_08.jpg,33
9418,image_BS1_10035_17_56_08.jpg,33
9419,image_BS1_10036_17_56_08.jpg,34
9420,image_BS1_10037_17_56_08.jpg,33
9421,image_BS1_10038_17_56_08.jpg,33
9422,image_BS1_10039_17_56_08.jpg,33
9423,image_BS1_10040_17_56_08.jpg,33
9424,image_BS1_10041_17_56_08.jpg,34
9425,image_BS1_10042_17_56_09.jpg,34
9426,image_BS1_10043_17_56_09.jpg,33
9427,image_BS1_10044_17_56_09.jpg,34
9428,image_BS1_10045_17_56_09.jpg,33
9429,image_BS1_10046_17_56_09.jpg,33
9430,image_BS1_10047_17_56_09.jpg,34
9431,image_BS1_10048_17_56_10.jpg,33
9432,image_BS1_10049_17_56_10.jpg,34
9433,image_BS1_10050_17_56_10.jpg,33
9434,image_BS1_10051_17_56_10.jpg,34
9435,image_BS1_10052_17_56_10.jpg,33
9436,image_BS1_10053_17_56_10.jpg,34
9437,image_BS1_10054_17_56_10.jpg,34
9438,image_BS1_10055_17_56_11.jpg,34
9439,image_BS1_10056_17_56_11.jpg,34
9440,image_BS1_10057_17_56_11.jpg,34
9441,image_BS1_10058_17_56_11.jpg,34
9442,image_BS1_10059_17_56_11.jpg,34
9443,image_BS1_10060_17_56_11.jpg,33
9444,image_BS1_10061_17_56_11.jpg,34
9445,image_BS1_10062_17_56_11.jpg,33
9446,image_BS1_10063_17_56_12.jpg,34
9447,image_BS1_10064_17_56_12.jpg,34
9448,image_BS1_10065_17_56_12.jpg,34
9449,image_BS1_10066_17_56_12.jpg,34
9450,image_BS1_10067_17_56_12.jpg,33
9451,image_BS1_10068_17_56_12.jpg,32
9452,image_BS1_10069_17_56_13.jpg,33
9453,image_BS1_10070_17_56_13.jpg,32
9454,image_BS1_10071_17_56_13.jpg,32
9455,image_BS1_10072_17_56_13.jpg,32
9456,image_BS1_10073_17_56_13.jpg,32
9457,image_BS1_10074_17_56_13.jpg,32
9458,image_BS1_10075_17_56_14.jpg,32
9459,image_BS1_10076_17_56_14.jpg,32
9460,image_BS1_10077_17_56_14.jpg,32
9461,image_BS1_10078_17_56_14.jpg,32
9462,image_BS1_10079_17_56_14.jpg,32
9463,image_BS1_10080_17_56_14.jpg,32
9464,image_BS1_10081_17_56_15.jpg,31
9465,image_BS1_10082_17_56_15.jpg,32
9466,image_BS1_10083_17_56_15.jpg,32
9467,image_BS1_10084_17_56_15.jpg,32
9468,image_BS1_10085_17_56_15.jpg,32
9469,image_BS1_10086_17_56_15.jpg,32
9470,image_BS1_10087_17_56_16.jpg,32
9471,image_BS1_10088_17_56_16.jpg,32
9472,image_BS1_10089_17_56_16.jpg,32
9473,image_BS1_10090_17_56_16.jpg,32
9474,image_BS1_10091_17_56_16.jpg,32
9475,image_BS1_10092_17_56_16.jpg,32
9476,image_BS1_10093_17_56_16.jpg,32
9477,image_BS1_10094_17_56_17.jpg,32
9478,image_BS1_10095_17_56_17.jpg,32
9479,image_BS1_10096_17_56_17.jpg,32
9480,image_BS1_10097_17_56_17.jpg,32
9481,image_BS1_10098_17_56_17.jpg,32
9482,image_BS1_10099_17_56_17.jpg,32
9483,image_BS1_10100_17_56_17.jpg,32
9484,image_BS1_10101_17_56_18.jpg,32
9485,image_BS1_10102_17_56_18.jpg,32
9486,image_BS1_10103_17_56_18.jpg,32
9487,image_BS1_10104_17_56_18.jpg,32
9488,image_BS1_10105_17_56_18.jpg,32
9489,image_BS1_10106_17_56_19.jpg,32
9490,image_BS1_10107_17_56_19.jpg,32
9491,image_BS1_10108_17_56_19.jpg,31
9492,image_BS1_10109_17_56_19.jpg,31
9493,image_BS1_10110_17_56_19.jpg,32
9494,image_BS1_10111_17_56_19.jpg,29
9495,image_BS1_10112_17_56_20.jpg,29
9496,image_BS1_10113_17_56_20.jpg,29
9497,image_BS1_10114_17_56_20.jpg,29
9498,image_BS1_10115_17_56_20.jpg,29
9499,image_BS1_10116_17_56_20.jpg,27
9500,image_BS1_10117_17_56_20.jpg,27
9501,image_BS1_10118_17_56_20.jpg,26
9502,image_BS1_10119_17_56_21.jpg,23
9503,image_BS1_10120_17_56_21.jpg,23
9504,image_BS1_10121_17_56_21.jpg,22
9505,image_BS1_10122_17_56_21.jpg,22
9506,image_BS1_10123_17_56_21.jpg,22
9507,image_BS1_10124_17_56_21.jpg,22
9508,image_BS1_10125_17_56_21.jpg,22
9509,image_BS1_10126_17_56_22.jpg,22
9510,image_BS1_10127_17_56_22.jpg,22
9511,image_BS1_10128_17_56_22.jpg,22
9512,image_BS1_10129_17_56_22.jpg,22
9513,image_BS1_10130_17_56_22.jpg,23
9514,image_BS1_10131_17_56_22.jpg,23
9515,image_BS1_10132_17_56_22.jpg,23
9516,image_BS1_10133_17_56_22.jpg,26
9517,image_BS1_10134_17_56_23.jpg,26
9518,image_BS1_10135_17_56_23.jpg,26
9519,image_BS1_10136_17_56_23.jpg,26
9520,image_BS1_10137_17_56_23.jpg,26
9521,image_BS1_10138_17_56_23.jpg,27
9522,image_BS1_10139_17_56_24.jpg,27
9523,image_BS1_10140_17_56_24.jpg,27
9524,image_BS1_10141_17_56_24.jpg,27
9525,image_BS1_10142_17_56_24.jpg,27
9526,image_BS1_10143_17_56_24.jpg,27
9527,image_BS1_10144_17_56_24.jpg,27
9528,image_BS1_10145_17_56_24.jpg,27
9529,image_BS1_10146_17_56_25.jpg,27
9530,image_BS1_10147_17_56_25.jpg,27
9531,image_BS1_10148_17_56_25.jpg,27
9532,image_BS1_10149_17_56_25.jpg,27
9533,image_BS1_10150_17_56_25.jpg,27
9534,image_BS1_10151_17_56_25.jpg,27
9535,image_BS1_10152_17_56_25.jpg,27
9536,image_BS1_10153_17_56_26.jpg,27
9537,image_BS1_10154_17_56_26.jpg,27
9538,image_BS1_10155_17_56_26.jpg,27
9539,image_BS1_10156_17_56_26.jpg,27
9540,image_BS1_10157_17_56_26.jpg,27
9541,image_BS1_10158_17_56_26.jpg,27
9542,image_BS1_10159_17_56_26.jpg,27
9543,image_BS1_10160_17_56_27.jpg,27
9544,image_BS1_10161_17_56_27.jpg,28
9545,image_BS1_10162_17_56_27.jpg,28
9546,image_BS1_10163_17_56_27.jpg,27
9547,image_BS1_10164_17_56_27.jpg,28
9548,image_BS1_10165_17_56_27.jpg,28
9549,image_BS1_10166_17_56_27.jpg,28
9550,image_BS1_10167_17_56_28.jpg,29
9551,image_BS1_10168_17_56_28.jpg,29
9552,image_BS1_10169_17_56_28.jpg,29
9553,image_BS1_10170_17_56_28.jpg,28
9554,image_BS1_10171_17_56_28.jpg,29
9555,image_BS1_10172_17_56_28.jpg,29
9556,image_BS1_10173_17_56_28.jpg,28
9557,image_BS1_10174_17_56_29.jpg,29
9558,image_BS1_10175_17_56_29.jpg,29
9559,image_BS1_10176_17_56_29.jpg,28
9560,image_BS1_10177_17_56_29.jpg,28
9561,image_BS1_10178_17_56_29.jpg,29
9562,image_BS1_10179_17_56_29.jpg,29
9563,image_BS1_10180_17_56_29.jpg,27
9564,image_BS1_10181_17_56_30.jpg,28
9565,image_BS1_10182_17_56_30.jpg,27
9566,image_BS1_10183_17_56_30.jpg,27
9567,image_BS1_10184_17_56_30.jpg,27
9568,image_BS1_10185_17_56_30.jpg,27
9569,image_BS1_10186_17_56_30.jpg,27
9570,image_BS1_10187_17_56_30.jpg,27
9571,image_BS1_10188_17_56_31.jpg,28
9572,image_BS1_10189_17_56_31.jpg,28
9573,image_BS1_10190_17_56_31.jpg,29
9574,image_BS1_10191_17_56_31.jpg,29
9575,image_BS1_10192_17_56_31.jpg,29
9576,image_BS1_10193_17_56_31.jpg,29
9577,image_BS1_10194_17_56_31.jpg,29
9578,image_BS1_10195_17_56_32.jpg,29
9579,image_BS1_10196_17_56_32.jpg,29
9580,image_BS1_10197_17_56_32.jpg,29
9581,image_BS1_10198_17_56_32.jpg,29
9582,image_BS1_10199_17_56_32.jpg,29
9583,image_BS1_10200_17_56_32.jpg,29
9584,image_BS1_10201_17_56_32.jpg,29
9585,image_BS1_10202_17_56_32.jpg,29
9586,image_BS1_10203_17_56_33.jpg,29
9587,image_BS1_10204_17_56_33.jpg,29
9588,image_BS1_10205_17_56_33.jpg,29
9589,image_BS1_10206_17_56_33.jpg,29
9590,image_BS1_10207_17_56_33.jpg,29
9591,image_BS1_10208_17_56_33.jpg,29
9592,image_BS1_10209_17_56_33.jpg,29
9593,image_BS1_10210_17_56_34.jpg,29
9594,image_BS1_10211_17_56_34.jpg,29
9595,image_BS1_10212_17_56_34.jpg,29
9596,image_BS1_10213_17_56_34.jpg,29
9597,image_BS1_10214_17_56_34.jpg,30
9598,image_BS1_10215_17_56_34.jpg,30
9599,image_BS1_10216_17_56_34.jpg,30
9600,image_BS1_10217_17_56_35.jpg,30
9601,image_BS1_10218_17_56_35.jpg,30
9602,image_BS1_10219_17_56_35.jpg,29
9603,image_BS1_10220_17_56_35.jpg,30
9604,image_BS1_10221_17_56_35.jpg,30
9605,image_BS1_10222_17_56_35.jpg,30
9606,image_BS1_10223_17_56_35.jpg,31
9607,image_BS1_10224_17_56_35.jpg,30
9608,image_BS1_10225_17_56_36.jpg,30
9609,image_BS1_10226_17_56_36.jpg,31
9610,image_BS1_10227_17_56_36.jpg,30
9611,image_BS1_10228_17_56_36.jpg,32
9612,image_BS1_10229_17_56_36.jpg,32
9613,image_BS1_10230_17_56_36.jpg,32
9614,image_BS1_10231_17_56_37.jpg,32
9615,image_BS1_10232_17_56_37.jpg,34
9616,image_BS1_10233_17_56_37.jpg,34
9617,image_BS1_10234_17_56_37.jpg,34
9618,image_BS1_10235_17_56_37.jpg,34
9619,image_BS1_10236_17_56_37.jpg,34
9620,image_BS1_10237_17_56_37.jpg,34
9621,image_BS1_10238_17_56_38.jpg,34
9622,image_BS1_10239_17_56_38.jpg,34
9623,image_BS1_10240_17_56_38.jpg,34
9624,image_BS1_10241_17_56_38.jpg,34
9625,image_BS1_10242_17_56_38.jpg,34
9626,image_BS1_10243_17_56_38.jpg,34
9627,image_BS1_10244_17_56_38.jpg,34
9628,image_BS1_10245_17_56_39.jpg,34
9629,image_BS1_10246_17_56_39.jpg,34
9630,image_BS1_10247_17_56_39.jpg,34
9631,image_BS1_10248_17_56_39.jpg,34
9632,image_BS1_10249_17_56_39.jpg,34
9633,image_BS1_10250_17_56_39.jpg,34
9634,image_BS1_10251_17_56_39.jpg,34
9635,image_BS1_10252_17_56_39.jpg,36
9636,image_BS1_10253_17_56_40.jpg,34
9637,image_BS1_10254_17_56_40.jpg,37
9638,image_BS1_10255_17_56_40.jpg,36
9639,image_BS1_10256_17_56_40.jpg,34
9640,image_BS1_10257_17_56_40.jpg,34
9641,image_BS1_10258_17_56_40.jpg,37
9642,image_BS1_10259_17_56_40.jpg,36
9643,image_BS1_10260_17_56_41.jpg,34
9644,image_BS1_10261_17_56_41.jpg,34
9645,image_BS1_10262_17_56_41.jpg,36
9646,image_BS1_10263_17_56_41.jpg,37
9647,image_BS1_10264_17_56_41.jpg,34
9648,image_BS1_10265_17_56_41.jpg,34
9649,image_BS1_10266_17_56_41.jpg,38
9650,image_BS1_10267_17_56_42.jpg,34
9651,image_BS1_10268_17_56_42.jpg,36
9652,image_BS1_10269_17_56_42.jpg,36
9653,image_BS1_10270_17_56_42.jpg,37
9654,image_BS1_10271_17_56_42.jpg,36
9655,image_BS1_10272_17_56_42.jpg,36
9656,image_BS1_10273_17_56_42.jpg,37
9657,image_BS1_10274_17_56_43.jpg,37
9658,image_BS1_10275_17_56_43.jpg,34
9659,image_BS1_10276_17_56_43.jpg,37
9660,image_BS1_10277_17_56_43.jpg,37
9661,image_BS1_10278_17_56_43.jpg,37
9662,image_BS1_10279_17_56_43.jpg,34
9663,image_BS1_10280_17_56_43.jpg,34
9664,image_BS1_10281_17_56_43.jpg,37
9665,image_BS1_10282_17_56_44.jpg,36
9666,image_BS1_10283_17_56_44.jpg,37
9667,image_BS1_10284_17_56_44.jpg,34
9668,image_BS1_10285_17_56_44.jpg,34
9669,image_BS1_10286_17_56_44.jpg,34
9670,image_BS1_10287_17_56_44.jpg,34
9671,image_BS1_10288_17_56_44.jpg,34
9672,image_BS1_10289_17_56_45.jpg,34
9673,image_BS1_10290_17_56_45.jpg,34
9674,image_BS1_10291_17_56_45.jpg,34
9675,image_BS1_10292_17_56_45.jpg,34
9676,image_BS1_10293_17_56_45.jpg,34
9677,image_BS1_10294_17_56_45.jpg,34
9678,image_BS1_10295_17_56_45.jpg,34
9679,image_BS1_10296_17_56_46.jpg,34
9680,image_BS1_10297_17_56_46.jpg,34
9681,image_BS1_10298_17_56_46.jpg,34
9682,image_BS1_10299_17_56_46.jpg,34
9683,image_BS1_10300_17_56_46.jpg,34
9684,image_BS1_10301_17_56_46.jpg,34
9685,image_BS1_10302_17_56_46.jpg,34
9686,image_BS1_10303_17_56_47.jpg,34
9687,image_BS1_10304_17_56_47.jpg,34
9688,image_BS1_10305_17_56_47.jpg,34
9689,image_BS1_10306_17_56_47.jpg,34
9690,image_BS1_10307_17_56_47.jpg,34
9691,image_BS1_10308_17_56_47.jpg,34
9692,image_BS1_10309_17_56_47.jpg,34
9693,image_BS1_10310_17_56_48.jpg,34
9694,image_BS1_10311_17_56_48.jpg,34
9695,image_BS1_10312_17_56_48.jpg,34
9696,image_BS1_10313_17_56_48.jpg,34
9697,image_BS1_10314_17_56_48.jpg,34
9698,image_BS1_10315_17_56_48.jpg,34
9699,image_BS1_10316_17_56_48.jpg,34
9700,image_BS1_10317_17_56_49.jpg,34
9701,image_BS1_10318_17_56_49.jpg,34
9702,image_BS1_10319_17_56_49.jpg,34
9703,image_BS1_10320_17_56_49.jpg,33
9704,image_BS1_10321_17_56_49.jpg,34
9705,image_BS1_10322_17_56_49.jpg,34
9706,image_BS1_10323_17_56_49.jpg,34
9707,image_BS1_10324_17_56_50.jpg,34
9708,image_BS1_10325_17_56_50.jpg,34
9709,image_BS1_10326_17_56_50.jpg,34
9710,image_BS1_10327_17_56_50.jpg,34
9711,image_BS1_10328_17_56_50.jpg,34
9712,image_BS1_10329_17_56_50.jpg,33
9713,image_BS1_10330_17_56_50.jpg,34
9714,image_BS1_10331_17_56_51.jpg,33
9715,image_BS1_10332_17_56_51.jpg,34
9716,image_BS1_10333_17_56_51.jpg,34
9717,image_BS1_10334_17_56_51.jpg,34
9718,image_BS1_10335_17_56_51.jpg,33
9719,image_BS1_10336_17_56_52.jpg,33
9720,image_BS1_10337_17_56_52.jpg,34
9721,image_BS1_10338_17_56_52.jpg,34
9722,image_BS1_10339_17_56_52.jpg,33
9723,image_BS1_10340_17_56_52.jpg,34
9724,image_BS1_10341_17_56_52.jpg,34
9725,image_BS1_10342_17_56_52.jpg,34
9726,image_BS1_10343_17_56_53.jpg,34
9727,image_BS1_10344_17_56_53.jpg,33
9728,image_BS1_10345_17_56_53.jpg,34
9729,image_BS1_10346_17_56_53.jpg,33
9730,image_BS1_10347_17_56_53.jpg,33
9731,image_BS1_10348_17_56_53.jpg,33
9732,image_BS1_10349_17_56_54.jpg,34
9733,image_BS1_10350_17_56_54.jpg,33
9734,image_BS1_10351_17_56_54.jpg,34
9735,image_BS1_10352_17_56_54.jpg,33
9736,image_BS1_10353_17_56_54.jpg,33
9737,image_BS1_10354_17_56_54.jpg,33
9738,image_BS1_10355_17_56_55.jpg,34
9739,image_BS1_10356_17_56_55.jpg,34
9740,image_BS1_10357_17_56_55.jpg,34
9741,image_BS1_10358_17_56_55.jpg,34
9742,image_BS1_10359_17_56_55.jpg,33
9743,image_BS1_10360_17_56_55.jpg,33
9744,image_BS1_10361_17_56_55.jpg,34
9745,image_BS1_10362_17_56_56.jpg,34
9746,image_BS1_10363_17_56_56.jpg,33
9747,image_BS1_10364_17_56_56.jpg,33
9748,image_BS1_10365_17_56_56.jpg,33
9749,image_BS1_10366_17_56_56.jpg,33
9750,image_BS1_10367_17_56_56.jpg,34
9751,image_BS1_10368_17_56_57.jpg,34
9752,image_BS1_10369_17_56_57.jpg,33
9753,image_BS1_10370_17_56_57.jpg,33
9754,image_BS1_10371_17_56_57.jpg,34
9755,image_BS1_10372_17_56_57.jpg,33
9756,image_BS1_10373_17_56_57.jpg,34
9757,image_BS1_10374_17_56_57.jpg,33
9758,image_BS1_10375_17_56_58.jpg,33
9759,image_BS1_10376_17_56_58.jpg,34
9760,image_BS1_10377_17_56_58.jpg,34
9761,image_BS1_10378_17_56_58.jpg,34
9762,image_BS1_10379_17_56_58.jpg,34
9763,image_BS1_10380_17_56_58.jpg,33
9764,image_BS1_10381_17_56_58.jpg,33
9765,image_BS1_10382_17_56_59.jpg,33
9766,image_BS1_10383_17_56_59.jpg,33
9767,image_BS1_10384_17_56_59.jpg,34
9768,image_BS1_10385_17_56_59.jpg,33
9769,image_BS1_10386_17_56_59.jpg,33
9770,image_BS1_10387_17_56_59.jpg,33
9771,image_BS1_10388_17_56_59.jpg,33
9772,image_BS1_10389_17_57_00.jpg,34
9773,image_BS1_10390_17_57_00.jpg,34
9774,image_BS1_10391_17_57_00.jpg,33
9775,image_BS1_10392_17_57_00.jpg,33
9776,image_BS1_10393_17_57_00.jpg,33
9777,image_BS1_10394_17_57_00.jpg,33
9778,image_BS1_10395_17_57_01.jpg,33
9779,image_BS1_10396_17_57_01.jpg,33
9780,image_BS1_10397_17_57_01.jpg,33
9781,image_BS1_10398_17_57_01.jpg,33
9782,image_BS1_10399_17_57_01.jpg,33
9783,image_BS1_10400_17_57_01.jpg,33
9784,image_BS1_10401_17_57_02.jpg,33
9785,image_BS1_10402_17_57_02.jpg,34
9786,image_BS1_10403_17_57_02.jpg,33
9787,image_BS1_10404_17_57_02.jpg,33
9788,image_BS1_10405_17_57_02.jpg,33
9789,image_BS1_10406_17_57_02.jpg,33
9790,image_BS1_10407_17_57_02.jpg,33
9791,image_BS1_10408_17_57_03.jpg,33
9792,image_BS1_10409_17_57_03.jpg,33
9793,image_BS1_10410_17_57_03.jpg,34
9794,image_BS1_10411_17_57_03.jpg,33
9795,image_BS1_10412_17_57_03.jpg,33
9796,image_BS1_10413_17_57_03.jpg,33
9797,image_BS1_10414_17_57_03.jpg,33
9798,image_BS1_10415_17_57_03.jpg,33
9799,image_BS1_10416_17_57_04.jpg,34
9800,image_BS1_10417_17_57_04.jpg,33
9801,image_BS1_10418_17_57_04.jpg,34
9802,image_BS1_10419_17_57_04.jpg,33
9803,image_BS1_10420_17_57_04.jpg,33
9804,image_BS1_10421_17_57_04.jpg,33
9805,image_BS1_10422_17_57_04.jpg,33
9806,image_BS1_10423_17_57_05.jpg,32
9807,image_BS1_10424_17_57_05.jpg,33
9808,image_BS1_10425_17_57_05.jpg,33
9809,image_BS1_10426_17_57_05.jpg,34
9810,image_BS1_10427_17_57_05.jpg,33
9811,image_BS1_10428_17_57_05.jpg,33
9812,image_BS1_10429_17_57_05.jpg,33
9813,image_BS1_10430_17_57_06.jpg,33
9814,image_BS1_10431_17_57_06.jpg,33
9815,image_BS1_10432_17_57_06.jpg,33
9816,image_BS1_10433_17_57_06.jpg,33
9817,image_BS1_10434_17_57_06.jpg,32
9818,image_BS1_10435_17_57_06.jpg,33
9819,image_BS1_10436_17_57_06.jpg,33
9820,image_BS1_10437_17_57_07.jpg,33
9821,image_BS1_10438_17_57_07.jpg,33
9822,image_BS1_10439_17_57_07.jpg,33
9823,image_BS1_10440_17_57_07.jpg,33
9824,image_BS1_10441_17_57_07.jpg,33
9825,image_BS1_10442_17_57_07.jpg,33
9826,image_BS1_10443_17_57_07.jpg,33
9827,image_BS1_10444_17_57_08.jpg,33
9828,image_BS1_10445_17_57_08.jpg,34
9829,image_BS1_10446_17_57_08.jpg,34
9830,image_BS1_10447_17_57_08.jpg,33
9831,image_BS1_10448_17_57_08.jpg,33
9832,image_BS1_10449_17_57_08.jpg,33
9833,image_BS1_10450_17_57_08.jpg,33
9834,image_BS1_10451_17_57_09.jpg,34
9835,image_BS1_10452_17_57_09.jpg,34
9836,image_BS1_10453_17_57_09.jpg,33
9837,image_BS1_10454_17_57_09.jpg,33
9838,image_BS1_10455_17_57_10.jpg,33
9839,image_BS1_10456_17_57_10.jpg,33
9840,image_BS1_10457_17_57_10.jpg,34
9841,image_BS1_10458_17_57_10.jpg,33
9842,image_BS1_10459_17_57_10.jpg,33
9843,image_BS1_10460_17_57_10.jpg,33
9844,image_BS1_10461_17_57_11.jpg,33
9845,image_BS1_10462_17_57_11.jpg,33
9846,image_BS1_10463_17_57_11.jpg,33
9847,image_BS1_10464_17_57_11.jpg,33
9848,image_BS1_10465_17_57_11.jpg,34
9849,image_BS1_10466_17_57_11.jpg,33
9850,image_BS1_10467_17_57_11.jpg,33
9851,image_BS1_10468_17_57_12.jpg,33
9852,image_BS1_10469_17_57_12.jpg,33
9853,image_BS1_10470_17_57_12.jpg,34
9854,image_BS1_10471_17_57_12.jpg,33
9855,image_BS1_10472_17_57_12.jpg,33
9856,image_BS1_10473_17_57_13.jpg,33
9857,image_BS1_10474_17_57_13.jpg,34
9858,image_BS1_10475_17_57_13.jpg,33
9859,image_BS1_10476_17_57_13.jpg,33
9860,image_BS1_10477_17_57_13.jpg,33
9861,image_BS1_10478_17_57_13.jpg,33
9862,image_BS1_10479_17_57_13.jpg,33
9863,image_BS1_10480_17_57_16.jpg,33
9864,image_BS1_10481_17_57_17.jpg,33
9865,image_BS1_10482_17_57_18.jpg,33
9866,image_BS1_10483_17_57_19.jpg,33
9867,image_BS1_10484_17_57_19.jpg,33
9868,image_BS1_10485_17_57_19.jpg,34
9869,image_BS1_10486_17_57_19.jpg,34
9870,image_BS1_10487_17_57_19.jpg,33
9871,image_BS1_10488_17_57_23.jpg,33
9872,image_BS1_10489_17_57_29.jpg,33
9873,image_BS1_10490_17_57_29.jpg,33
9874,image_BS1_10491_17_57_30.jpg,34
9875,image_BS1_10492_17_57_30.jpg,33
9876,image_BS1_10493_17_57_30.jpg,33
9877,image_BS1_10494_17_57_30.jpg,33
9878,image_BS1_10495_17_57_30.jpg,33
9879,image_BS1_10496_17_57_30.jpg,33
9880,image_BS1_10497_17_57_31.jpg,33
9881,image_BS1_10498_17_57_31.jpg,33
9882,image_BS1_10499_17_57_32.jpg,33
9883,image_BS1_10500_17_57_32.jpg,33
9884,image_BS1_10501_17_57_32.jpg,34
9885,image_BS1_10502_17_57_32.jpg,33
9886,image_BS1_10503_17_57_32.jpg,33
9887,image_BS1_10504_17_57_32.jpg,33
9888,image_BS1_10505_17_57_33.jpg,33
9889,image_BS1_10506_17_57_33.jpg,33
9890,image_BS1_10507_17_57_33.jpg,33
9891,image_BS1_10508_17_57_33.jpg,33
9892,image_BS1_10509_17_57_33.jpg,34
9893,image_BS1_10510_17_57_33.jpg,33
9894,image_BS1_10511_17_57_34.jpg,33
9895,image_BS1_10512_17_57_34.jpg,34
9896,image_BS1_10513_17_57_34.jpg,33
9897,image_BS1_10514_17_57_34.jpg,33
9898,image_BS1_10515_17_57_34.jpg,34
9899,image_BS1_10516_17_57_35.jpg,34
9900,image_BS1_10517_17_57_35.jpg,33
9901,image_BS1_10518_17_57_35.jpg,33
9902,image_BS1_10519_17_57_35.jpg,33
9903,image_BS1_10520_17_57_35.jpg,33
9904,image_BS1_10521_17_57_36.jpg,33
9905,image_BS1_10522_17_57_36.jpg,34
9906,image_BS1_10523_17_57_36.jpg,33
9907,image_BS1_10524_17_57_36.jpg,34
9908,image_BS1_10525_17_57_36.jpg,34
9909,image_BS1_10526_17_57_37.jpg,34
9910,image_BS1_10527_17_57_37.jpg,33
9911,image_BS1_10528_17_57_37.jpg,34
9912,image_BS1_10529_17_57_37.jpg,33
9913,image_BS1_10530_17_57_37.jpg,34
9914,image_BS1_10531_17_57_37.jpg,34
9915,image_BS1_10532_17_57_37.jpg,34
9916,image_BS1_10533_17_57_38.jpg,33
9917,image_BS1_10534_17_57_38.jpg,34
9918,image_BS1_10535_17_57_38.jpg,34
9919,image_BS1_10536_17_57_38.jpg,34
9920,image_BS1_10537_17_57_38.jpg,34
9921,image_BS1_10538_17_57_38.jpg,33
9922,image_BS1_10539_17_57_39.jpg,33
9923,image_BS1_10540_17_57_39.jpg,34
9924,image_BS1_10541_17_57_39.jpg,34
9925,image_BS1_10542_17_57_39.jpg,34
9926,image_BS1_10543_17_57_39.jpg,34
9927,image_BS1_10544_17_57_39.jpg,33
9928,image_BS1_10545_17_57_39.jpg,33
9929,image_BS1_10546_17_57_39.jpg,34
9930,image_BS1_10547_17_57_40.jpg,34
9931,image_BS1_10548_17_57_40.jpg,34
9932,image_BS1_10549_17_57_40.jpg,34
9933,image_BS1_10550_17_57_40.jpg,33
9934,image_BS1_10551_17_57_40.jpg,33
9935,image_BS1_10552_17_57_40.jpg,33
9936,image_BS1_10553_17_57_41.jpg,34
9937,image_BS1_10554_17_57_41.jpg,34
9938,image_BS1_10555_17_57_41.jpg,34
9939,image_BS1_10556_17_57_41.jpg,34
9940,image_BS1_10557_17_57_41.jpg,34
9941,image_BS1_10558_17_57_41.jpg,34
9942,image_BS1_10559_17_57_41.jpg,33
9943,image_BS1_10560_17_57_41.jpg,34
9944,image_BS1_10561_17_57_42.jpg,34
9945,image_BS1_10562_17_57_42.jpg,34
9946,image_BS1_10563_17_57_42.jpg,33
9947,image_BS1_10564_17_57_42.jpg,34
9948,image_BS1_10565_17_57_42.jpg,33
9949,image_BS1_10566_17_57_42.jpg,34
9950,image_BS1_10567_17_57_42.jpg,34
9951,image_BS1_10568_17_57_43.jpg,34
9952,image_BS1_10569_17_57_43.jpg,33
9953,image_BS1_10570_17_57_43.jpg,34
9954,image_BS1_10571_17_57_43.jpg,34
9955,image_BS1_10572_17_57_43.jpg,34
9956,image_BS1_10573_17_57_43.jpg,34
9957,image_BS1_10574_17_57_43.jpg,33
9958,image_BS1_10575_17_57_44.jpg,34
9959,image_BS1_10576_17_57_44.jpg,34
9960,image_BS1_10577_17_57_44.jpg,34
9961,image_BS1_10578_17_57_44.jpg,33
9962,image_BS1_10579_17_57_44.jpg,34
9963,image_BS1_10580_17_57_44.jpg,34
9964,image_BS1_10581_17_57_44.jpg,34
9965,image_BS1_10582_17_57_45.jpg,33
9966,image_BS1_10583_17_57_45.jpg,34
9967,image_BS1_10584_17_57_45.jpg,34
9968,image_BS1_10585_17_57_45.jpg,34
9969,image_BS1_10586_17_57_46.jpg,34
9970,image_BS1_10587_17_57_47.jpg,34
9971,image_BS1_10588_17_57_47.jpg,34
9972,image_BS1_10589_17_57_48.jpg,33
9973,image_BS1_10590_17_57_48.jpg,34
9974,image_BS1_10591_17_57_48.jpg,33
9975,image_BS1_10592_17_57_48.jpg,33
9976,image_BS1_10593_17_57_48.jpg,33
9977,image_BS1_10594_17_57_48.jpg,34
9978,image_BS1_10595_17_57_48.jpg,34
9979,image_BS1_10596_17_57_49.jpg,33
9980,image_BS1_10597_17_57_49.jpg,34
9981,image_BS1_10598_17_57_49.jpg,34
9982,image_BS1_10599_17_57_49.jpg,34
9983,image_BS1_10600_17_57_49.jpg,34
9984,image_BS1_10601_17_57_49.jpg,34
9985,image_BS1_10602_17_57_49.jpg,34
9986,image_BS1_10603_17_57_50.jpg,34
9987,image_BS1_10604_17_57_50.jpg,34
9988,image_BS1_10605_17_57_50.jpg,34
9989,image_BS1_10606_17_57_50.jpg,34
9990,image_BS1_10607_17_57_50.jpg,34
9991,image_BS1_10608_17_57_50.jpg,33
9992,image_BS1_10609_17_57_51.jpg,33
9993,image_BS1_10610_17_57_51.jpg,34
9994,image_BS1_10611_17_57_51.jpg,34
9995,image_BS1_10612_17_57_51.jpg,34
9996,image_BS1_10613_17_57_51.jpg,34
9997,image_BS1_10614_17_57_51.jpg,34
9998,image_BS1_10615_17_57_51.jpg,34
9999,image_BS1_10616_17_57_52.jpg,34
10000,image_BS1_10617_17_57_52.jpg,34
10001,image_BS1_10618_17_57_52.jpg,34
10002,image_BS1_10619_17_57_52.jpg,34
10003,image_BS1_10620_17_57_52.jpg,34
10004,image_BS1_10621_17_57_52.jpg,34
10005,image_BS1_10622_17_57_52.jpg,34
10006,image_BS1_10623_17_57_53.jpg,34
10007,image_BS1_10624_17_57_53.jpg,34
10008,image_BS1_10625_17_57_53.jpg,34
10009,image_BS1_10626_17_57_53.jpg,34
10010,image_BS1_10627_17_57_53.jpg,34
10011,image_BS1_10628_17_57_53.jpg,34
10012,image_BS1_10629_17_57_53.jpg,34
10013,image_BS1_10630_17_57_54.jpg,34
10014,image_BS1_10631_17_57_54.jpg,34
10015,image_BS1_10632_17_57_54.jpg,34
10016,image_BS1_10633_17_57_54.jpg,34
10017,image_BS1_10634_17_57_54.jpg,34
10018,image_BS1_10635_17_57_54.jpg,34
10019,image_BS1_10636_17_57_54.jpg,34
10020,image_BS1_10637_17_57_55.jpg,34
10021,image_BS1_10638_17_57_55.jpg,34
10022,image_BS1_10639_17_57_55.jpg,34
10023,image_BS1_10640_17_57_55.jpg,34
10024,image_BS1_10641_17_57_55.jpg,34
10025,image_BS1_10642_17_57_55.jpg,34
10026,image_BS1_10643_17_57_55.jpg,34
10027,image_BS1_10644_17_57_56.jpg,34
10028,image_BS1_10645_17_57_56.jpg,34
10029,image_BS1_10646_17_57_56.jpg,34
10030,image_BS1_10647_17_57_56.jpg,34
10031,image_BS1_10648_17_57_56.jpg,34
10032,image_BS1_10649_17_57_56.jpg,34
10033,image_BS1_10650_17_57_56.jpg,34
10034,image_BS1_10651_17_57_57.jpg,34
10035,image_BS1_10652_17_57_57.jpg,34
10036,image_BS1_10653_17_57_57.jpg,34
10037,image_BS1_10654_17_57_57.jpg,34
10038,image_BS1_10655_17_57_57.jpg,34
10039,image_BS1_10656_17_57_57.jpg,34
10040,image_BS1_10657_17_57_57.jpg,34
10041,image_BS1_10658_17_57_58.jpg,34
10042,image_BS1_10659_17_57_58.jpg,34
10043,image_BS1_10660_17_57_58.jpg,34
10044,image_BS1_10661_17_57_58.jpg,34
10045,image_BS1_10662_17_57_58.jpg,34
10046,image_BS1_10663_17_57_58.jpg,34
10047,image_BS1_10664_17_57_58.jpg,34
10048,image_BS1_10665_17_57_59.jpg,34
10049,image_BS1_10666_17_57_59.jpg,34
10050,image_BS1_10667_17_57_59.jpg,34
10051,image_BS1_10668_17_57_59.jpg,34
10052,image_BS1_10669_17_57_59.jpg,34
10053,image_BS1_10670_17_57_59.jpg,34
10054,image_BS1_10671_17_57_59.jpg,34
10055,image_BS1_10672_17_58_00.jpg,34
10056,image_BS1_10673_17_58_00.jpg,34
10057,image_BS1_10674_17_58_00.jpg,34
10058,image_BS1_10675_17_58_00.jpg,34
10059,image_BS1_10676_17_58_00.jpg,34
10060,image_BS1_10677_17_58_00.jpg,34
10061,image_BS1_10678_17_58_00.jpg,34
10062,image_BS1_10679_17_58_01.jpg,34
10063,image_BS1_10680_17_58_01.jpg,34
10064,image_BS1_10681_17_58_01.jpg,34
10065,image_BS1_10682_17_58_01.jpg,34
10066,image_BS1_10683_17_58_01.jpg,34
10067,image_BS1_10684_17_58_02.jpg,34
10068,image_BS1_10685_17_58_02.jpg,34
10069,image_BS1_10686_17_58_02.jpg,34
10070,image_BS1_10687_17_58_02.jpg,34
10071,image_BS1_10688_17_58_02.jpg,34
10072,image_BS1_10689_17_58_02.jpg,34
10073,image_BS1_10690_17_58_03.jpg,34
10074,image_BS1_10691_17_58_03.jpg,34
10075,image_BS1_10692_17_58_03.jpg,34
10076,image_BS1_10693_17_58_03.jpg,34
10077,image_BS1_10694_17_58_03.jpg,34
10078,image_BS1_10695_17_58_03.jpg,34
10079,image_BS1_10696_17_58_03.jpg,34
10080,image_BS1_10697_17_58_03.jpg,34
10081,image_BS1_10698_17_58_04.jpg,34
10082,image_BS1_10699_17_58_04.jpg,34
10083,image_BS1_10700_17_58_04.jpg,34
10084,image_BS1_10701_17_58_04.jpg,34
10085,image_BS1_10702_17_58_04.jpg,34
10086,image_BS1_10703_17_58_04.jpg,34
10087,image_BS1_10704_17_58_04.jpg,34
10088,image_BS1_10705_17_58_05.jpg,34
10089,image_BS1_10706_17_58_05.jpg,34
10090,image_BS1_10707_17_58_05.jpg,34
10091,image_BS1_10708_17_58_05.jpg,34
10092,image_BS1_10709_17_58_05.jpg,34
10093,image_BS1_10710_17_58_05.jpg,34
10094,image_BS1_10711_17_58_05.jpg,34
10095,image_BS1_10712_17_58_05.jpg,34
10096,image_BS1_10713_17_58_06.jpg,34
10097,image_BS1_10714_17_58_06.jpg,34
10098,image_BS1_10715_17_58_06.jpg,34
10099,image_BS1_10716_17_58_06.jpg,34
10100,image_BS1_10717_17_58_06.jpg,34
10101,image_BS1_10718_17_58_06.jpg,34
10102,image_BS1_10719_17_58_06.jpg,34
10103,image_BS1_10720_17_58_07.jpg,34
10104,image_BS1_10721_17_58_07.jpg,34
10105,image_BS1_10722_17_58_07.jpg,34
10106,image_BS1_10723_17_58_07.jpg,34
10107,image_BS1_10724_17_58_07.jpg,34
10108,image_BS1_10725_17_58_07.jpg,34
10109,image_BS1_10726_17_58_08.jpg,34
10110,image_BS1_10727_17_58_08.jpg,34
10111,image_BS1_10728_17_58_08.jpg,34
10112,image_BS1_10729_17_58_08.jpg,34
10113,image_BS1_10730_17_58_08.jpg,34
10114,image_BS1_10731_17_58_08.jpg,34
10115,image_BS1_10732_17_58_08.jpg,34
10116,image_BS1_10733_17_58_08.jpg,34
10117,image_BS1_10734_17_58_09.jpg,34
10118,image_BS1_10735_17_58_09.jpg,34
10119,image_BS1_10736_17_58_09.jpg,34
10120,image_BS1_10737_17_58_09.jpg,34
10121,image_BS1_10738_17_58_09.jpg,34
10122,image_BS1_10739_17_58_09.jpg,34
10123,image_BS1_10740_17_58_09.jpg,34
10124,image_BS1_10741_17_58_10.jpg,34
10125,image_BS1_10742_17_58_10.jpg,34
10126,image_BS1_10743_17_58_10.jpg,34
10127,image_BS1_10744_17_58_10.jpg,34
10128,image_BS1_10745_17_58_10.jpg,34
10129,image_BS1_10746_17_58_10.jpg,34
10130,image_BS1_10747_17_58_10.jpg,34
10131,image_BS1_10748_17_58_10.jpg,34
10132,image_BS1_10749_17_58_11.jpg,34
10133,image_BS1_10750_17_58_11.jpg,34
10134,image_BS1_10751_17_58_11.jpg,34
10135,image_BS1_10752_17_58_11.jpg,34
10136,image_BS1_10753_17_58_11.jpg,34
10137,image_BS1_10754_17_58_11.jpg,34
10138,image_BS1_10755_17_58_11.jpg,34
10139,image_BS1_10756_17_58_12.jpg,34
10140,image_BS1_10757_17_58_12.jpg,34
10141,image_BS1_10758_17_58_12.jpg,34
10142,image_BS1_10759_17_58_12.jpg,34
10143,image_BS1_10760_17_58_12.jpg,34
10144,image_BS1_10761_17_58_12.jpg,34
10145,image_BS1_10762_17_58_12.jpg,34
10146,image_BS1_10763_17_58_12.jpg,34
10147,image_BS1_10764_17_58_13.jpg,34
10148,image_BS1_10765_17_58_13.jpg,34
10149,image_BS1_10766_17_58_13.jpg,34
10150,image_BS1_10767_17_58_13.jpg,34
10151,image_BS1_10768_17_58_13.jpg,34
10152,image_BS1_10769_17_58_13.jpg,34
10153,image_BS1_10770_17_58_13.jpg,34
10154,image_BS1_10771_17_58_14.jpg,34
10155,image_BS1_10772_17_58_14.jpg,34
10156,image_BS1_10773_17_58_14.jpg,34
10157,image_BS1_10774_17_58_14.jpg,34
10158,image_BS1_10775_17_58_14.jpg,34
10159,image_BS1_10776_17_58_14.jpg,34
10160,image_BS1_10777_17_58_14.jpg,34
10161,image_BS1_10778_17_58_14.jpg,34
10162,image_BS1_10779_17_58_15.jpg,34
10163,image_BS1_10780_17_58_15.jpg,34
10164,image_BS1_10781_17_58_15.jpg,34
10165,image_BS1_10782_17_58_15.jpg,34
10166,image_BS1_10783_17_58_15.jpg,34
10167,image_BS1_10784_17_58_15.jpg,34
10168,image_BS1_10785_17_58_15.jpg,34
10169,image_BS1_10786_17_58_16.jpg,34
10170,image_BS1_10787_17_58_16.jpg,34
10171,image_BS1_10788_17_58_16.jpg,34
10172,image_BS1_10789_17_58_16.jpg,34
10173,image_BS1_10790_17_58_16.jpg,34
10174,image_BS1_10791_17_58_16.jpg,34
10175,image_BS1_10792_17_58_16.jpg,34
10176,image_BS1_10793_17_58_17.jpg,34
10177,image_BS1_10794_17_58_17.jpg,34
10178,image_BS1_10795_17_58_17.jpg,34
10179,image_BS1_10796_17_58_17.jpg,34
10180,image_BS1_10797_17_58_17.jpg,34
10181,image_BS1_10798_17_58_17.jpg,34
10182,image_BS1_10799_17_58_17.jpg,34
10183,image_BS1_10800_17_58_18.jpg,34
10184,image_BS1_10801_17_58_18.jpg,34
10185,image_BS1_10802_17_58_18.jpg,34
10186,image_BS1_10803_17_58_18.jpg,34
10187,image_BS1_10804_17_58_18.jpg,34
10188,image_BS1_10805_17_58_18.jpg,34
10189,image_BS1_10806_17_58_19.jpg,34
10190,image_BS1_10807_17_58_19.jpg,34
10191,image_BS1_10808_17_58_19.jpg,34
10192,image_BS1_10809_17_58_19.jpg,34
10193,image_BS1_10810_17_58_19.jpg,34
10194,image_BS1_10811_17_58_19.jpg,34
10195,image_BS1_10812_17_58_19.jpg,34
10196,image_BS1_10813_17_58_20.jpg,34
10197,image_BS1_10814_17_58_20.jpg,34
10198,image_BS1_10815_17_58_20.jpg,34
10199,image_BS1_10816_17_58_20.jpg,34
10200,image_BS1_10817_17_58_20.jpg,34
10201,image_BS1_10818_17_58_20.jpg,34
10202,image_BS1_10819_17_58_20.jpg,34
10203,image_BS1_10820_17_58_21.jpg,34
10204,image_BS1_10821_17_58_21.jpg,34
10205,image_BS1_10822_17_58_21.jpg,34
10206,image_BS1_10823_17_58_21.jpg,34
10207,image_BS1_10824_17_58_21.jpg,34
10208,image_BS1_10825_17_58_21.jpg,34
10209,image_BS1_10826_17_58_22.jpg,34
10210,image_BS1_10827_17_58_22.jpg,34
10211,image_BS1_10828_17_58_22.jpg,34
10212,image_BS1_10829_17_58_22.jpg,34
10213,image_BS1_10830_17_58_22.jpg,34
10214,image_BS1_10831_17_58_22.jpg,34
10215,image_BS1_10832_17_58_23.jpg,34
10216,image_BS1_10833_17_58_23.jpg,34
10217,image_BS1_10834_17_58_23.jpg,34
10218,image_BS1_10835_17_58_23.jpg,34
10219,image_BS1_10836_17_58_23.jpg,34
10220,image_BS1_10837_17_58_23.jpg,34
10221,image_BS1_10838_17_58_23.jpg,34
10222,image_BS1_10839_17_58_24.jpg,34
10223,image_BS1_10840_17_58_24.jpg,34
10224,image_BS1_10841_17_58_24.jpg,34
10225,image_BS1_10842_17_58_24.jpg,34
10226,image_BS1_10843_17_58_24.jpg,34
10227,image_BS1_10844_17_58_24.jpg,34
10228,image_BS1_10845_17_58_24.jpg,34
10229,image_BS1_10846_17_58_25.jpg,34
10230,image_BS1_10847_17_58_25.jpg,34
10231,image_BS1_10848_17_58_25.jpg,34
10232,image_BS1_10849_17_58_25.jpg,34
10233,image_BS1_10850_17_58_25.jpg,34
10234,image_BS1_10851_17_58_25.jpg,34
10235,image_BS1_10852_17_58_25.jpg,34
10236,image_BS1_10853_17_58_25.jpg,34
10237,image_BS1_10854_17_58_26.jpg,34
10238,image_BS1_10855_17_58_26.jpg,34
10239,image_BS1_10856_17_58_26.jpg,34
10240,image_BS1_10857_17_58_26.jpg,34
10241,image_BS1_10858_17_58_26.jpg,34
10242,image_BS1_10859_17_58_26.jpg,34
10243,image_BS1_10860_17_58_27.jpg,34
10244,image_BS1_10861_17_58_27.jpg,34
10245,image_BS1_10862_17_58_27.jpg,34
10246,image_BS1_10863_17_58_27.jpg,34
10247,image_BS1_10864_17_58_27.jpg,34
10248,image_BS1_10865_17_58_27.jpg,34
10249,image_BS1_10866_17_58_28.jpg,34
10250,image_BS1_10867_17_58_28.jpg,34
10251,image_BS1_10868_17_58_28.jpg,34
10252,image_BS1_10869_17_58_28.jpg,34
10253,image_BS1_10870_17_58_28.jpg,34
10254,image_BS1_10871_17_58_28.jpg,34
10255,image_BS1_10872_17_58_28.jpg,34
10256,image_BS1_10873_17_58_29.jpg,34
10257,image_BS1_10874_17_58_29.jpg,34
10258,image_BS1_10875_17_58_29.jpg,34
10259,image_BS1_10876_17_58_29.jpg,34
10260,image_BS1_10877_17_58_29.jpg,34
10261,image_BS1_10878_17_58_29.jpg,34
10262,image_BS1_10879_17_58_29.jpg,34
10263,image_BS1_10880_17_58_29.jpg,34
10264,image_BS1_10881_17_58_30.jpg,34
10265,image_BS1_10882_17_58_30.jpg,34
10266,image_BS1_10883_17_58_30.jpg,34
10267,image_BS1_10884_17_58_30.jpg,34
10268,image_BS1_10885_17_58_30.jpg,34
10269,image_BS1_10886_17_58_30.jpg,34
10270,image_BS1_10887_17_58_30.jpg,34
10271,image_BS1_10888_17_58_31.jpg,34
10272,image_BS1_10889_17_58_31.jpg,34
10273,image_BS1_10890_17_58_31.jpg,34
10274,image_BS1_10891_17_58_31.jpg,34
10275,image_BS1_10892_17_58_31.jpg,34
10276,image_BS1_10893_17_58_31.jpg,34
10277,image_BS1_10894_17_58_31.jpg,34
10278,image_BS1_10895_17_58_31.jpg,36
10279,image_BS1_10896_17_58_32.jpg,34
10280,image_BS1_10897_17_58_32.jpg,34
10281,image_BS1_10898_17_58_32.jpg,34
10282,image_BS1_10899_17_58_32.jpg,34
10283,image_BS1_10900_17_58_32.jpg,34
10284,image_BS1_10901_17_58_32.jpg,34
10285,image_BS1_10902_17_58_33.jpg,34
10286,image_BS1_10903_17_58_33.jpg,34
10287,image_BS1_10904_17_58_33.jpg,34
10288,image_BS1_10905_17_58_33.jpg,34
10289,image_BS1_10906_17_58_33.jpg,33
10290,image_BS1_10907_17_58_33.jpg,33
10291,image_BS1_10908_17_58_33.jpg,33
10292,image_BS1_10909_17_58_34.jpg,33
10293,image_BS1_10910_17_58_34.jpg,33
10294,image_BS1_10911_17_58_34.jpg,33
10295,image_BS1_10912_17_58_34.jpg,34
10296,image_BS1_10913_17_58_34.jpg,33
10297,image_BS1_10914_17_58_34.jpg,34
10298,image_BS1_10915_17_58_34.jpg,33
10299,image_BS1_10916_17_58_35.jpg,34
10300,image_BS1_10917_17_58_41.jpg,31
10301,image_BS1_10918_17_58_41.jpg,31
10302,image_BS1_10919_17_58_41.jpg,31
10303,image_BS1_10920_17_58_41.jpg,33
10304,image_BS1_10921_17_58_41.jpg,32
10305,image_BS1_10922_17_58_42.jpg,33
10306,image_BS1_10923_17_58_42.jpg,29
10307,image_BS1_10924_17_58_43.jpg,27
10308,image_BS1_10925_17_58_43.jpg,27
10309,image_BS1_10926_17_58_43.jpg,27
10310,image_BS1_10927_17_58_43.jpg,26
10311,image_BS1_10928_17_58_43.jpg,26
10312,image_BS1_10929_17_58_43.jpg,26
10313,image_BS1_10930_17_58_43.jpg,23
10314,image_BS1_10931_17_58_44.jpg,23
10315,image_BS1_10932_17_58_44.jpg,23
10316,image_BS1_10933_17_58_44.jpg,23
10317,image_BS1_10934_17_58_44.jpg,23
10318,image_BS1_10935_17_58_44.jpg,23
10319,image_BS1_10936_17_58_44.jpg,26
10320,image_BS1_10937_17_58_44.jpg,26
10321,image_BS1_10938_17_58_45.jpg,26
10322,image_BS1_10939_17_58_45.jpg,26
10323,image_BS1_10940_17_58_45.jpg,26
10324,image_BS1_10941_17_58_45.jpg,26
10325,image_BS1_10942_17_58_45.jpg,26
10326,image_BS1_10943_17_58_45.jpg,26
10327,image_BS1_10944_17_58_45.jpg,26
10328,image_BS1_10945_17_58_46.jpg,26
10329,image_BS1_10946_17_58_46.jpg,26
10330,image_BS1_10947_17_58_46.jpg,27
10331,image_BS1_10948_17_58_46.jpg,26
10332,image_BS1_10949_17_58_46.jpg,26
10333,image_BS1_10950_17_58_46.jpg,26
10334,image_BS1_10951_17_58_46.jpg,26
10335,image_BS1_10952_17_58_47.jpg,26
10336,image_BS1_10953_17_58_47.jpg,26
10337,image_BS1_10954_17_58_47.jpg,26
10338,image_BS1_10955_17_58_47.jpg,26
10339,image_BS1_10956_17_58_47.jpg,26
10340,image_BS1_10957_17_58_47.jpg,26
10341,image_BS1_10958_17_58_47.jpg,26
10342,image_BS1_10959_17_58_48.jpg,26
10343,image_BS1_10960_17_58_48.jpg,26
10344,image_BS1_10961_17_58_48.jpg,26
10345,image_BS1_10962_17_58_48.jpg,26
10346,image_BS1_10963_17_58_48.jpg,26
10347,image_BS1_10964_17_58_48.jpg,26
10348,image_BS1_10965_17_58_48.jpg,26
10349,image_BS1_10966_17_58_48.jpg,27
10350,image_BS1_10967_17_58_49.jpg,26
10351,image_BS1_10968_17_58_49.jpg,26
10352,image_BS1_10969_17_58_49.jpg,27
10353,image_BS1_10970_17_58_49.jpg,26
10354,image_BS1_10971_17_58_49.jpg,27
10355,image_BS1_10972_17_58_49.jpg,27
10356,image_BS1_10973_17_58_49.jpg,27
10357,image_BS1_10974_17_58_50.jpg,26
10358,image_BS1_10975_17_58_50.jpg,26
10359,image_BS1_10976_17_58_50.jpg,27
10360,image_BS1_10977_17_58_50.jpg,27
10361,image_BS1_10978_17_58_50.jpg,27
10362,image_BS1_10979_17_58_50.jpg,27
10363,image_BS1_10980_17_58_50.jpg,27
10364,image_BS1_10981_17_58_51.jpg,27
10365,image_BS1_10982_17_58_51.jpg,27
10366,image_BS1_10983_17_58_51.jpg,26
10367,image_BS1_10984_17_58_51.jpg,27
10368,image_BS1_10985_17_58_51.jpg,27
10369,image_BS1_10986_17_58_51.jpg,27
10370,image_BS1_10987_17_58_51.jpg,29
10371,image_BS1_10988_17_58_52.jpg,29
10372,image_BS1_10989_17_58_52.jpg,29
10373,image_BS1_10990_17_58_52.jpg,29
10374,image_BS1_10991_17_58_52.jpg,29
10375,image_BS1_10992_17_58_52.jpg,29
10376,image_BS1_10993_17_58_52.jpg,29
10377,image_BS1_10994_17_58_52.jpg,29
10378,image_BS1_10995_17_58_53.jpg,29
10379,image_BS1_10996_17_58_53.jpg,29
10380,image_BS1_10997_17_58_53.jpg,30
10381,image_BS1_10998_17_58_53.jpg,30
10382,image_BS1_10999_17_58_53.jpg,31
10383,image_BS1_11000_17_58_53.jpg,31
10384,image_BS1_11001_17_58_53.jpg,31
10385,image_BS1_11002_17_58_53.jpg,31
10386,image_BS1_11003_17_58_54.jpg,31
10387,image_BS1_11004_17_58_54.jpg,31
10388,image_BS1_11005_17_58_54.jpg,32
10389,image_BS1_11006_17_58_54.jpg,32
10390,image_BS1_11007_17_58_54.jpg,31
10391,image_BS1_11008_17_58_54.jpg,31
10392,image_BS1_11009_17_58_54.jpg,32
10393,image_BS1_11010_17_58_55.jpg,31
10394,image_BS1_11011_17_58_55.jpg,32
10395,image_BS1_11012_17_58_55.jpg,32
10396,image_BS1_11013_17_58_55.jpg,32
10397,image_BS1_11014_17_58_55.jpg,32
10398,image_BS1_11015_17_58_55.jpg,31
10399,image_BS1_11016_17_58_55.jpg,32
10400,image_BS1_11017_17_58_56.jpg,31
10401,image_BS1_11018_17_58_56.jpg,32
10402,image_BS1_11019_17_58_56.jpg,32
10403,image_BS1_11020_17_58_56.jpg,32
10404,image_BS1_11021_17_58_56.jpg,31
10405,image_BS1_11022_17_58_56.jpg,32
10406,image_BS1_11023_17_58_56.jpg,32
10407,image_BS1_11024_17_58_57.jpg,32
10408,image_BS1_11025_17_58_57.jpg,32
10409,image_BS1_11026_17_58_57.jpg,32
10410,image_BS1_11027_17_58_57.jpg,32
10411,image_BS1_11028_17_58_57.jpg,32
10412,image_BS1_11029_17_58_57.jpg,32
10413,image_BS1_11030_17_58_57.jpg,31
10414,image_BS1_11031_17_58_58.jpg,32
10415,image_BS1_11032_17_58_58.jpg,32
10416,image_BS1_11033_17_58_58.jpg,32
10417,image_BS1_11034_17_58_58.jpg,32
10418,image_BS1_11035_17_58_58.jpg,32
10419,image_BS1_11036_17_58_58.jpg,32
10420,image_BS1_11037_17_58_58.jpg,31
10421,image_BS1_11038_17_58_59.jpg,32
10422,image_BS1_11039_17_58_59.jpg,32
10423,image_BS1_11040_17_58_59.jpg,32
10424,image_BS1_11041_17_58_59.jpg,32
10425,image_BS1_11042_17_58_59.jpg,32
10426,image_BS1_11043_17_58_59.jpg,32
10427,image_BS1_11044_17_58_59.jpg,32
10428,image_BS1_11045_17_58_59.jpg,31
10429,image_BS1_11046_17_59_00.jpg,31
10430,image_BS1_11047_17_59_00.jpg,32
10431,image_BS1_11048_17_59_00.jpg,32
10432,image_BS1_11049_17_59_00.jpg,32
10433,image_BS1_11050_17_59_00.jpg,32
10434,image_BS1_11051_17_59_00.jpg,32
10435,image_BS1_11052_17_59_01.jpg,32
10436,image_BS1_11053_17_59_01.jpg,32
10437,image_BS1_11054_17_59_01.jpg,31
10438,image_BS1_11055_17_59_01.jpg,31
10439,image_BS1_11056_17_59_01.jpg,31
10440,image_BS1_11057_17_59_01.jpg,32
10441,image_BS1_11058_17_59_01.jpg,32
10442,image_BS1_11059_17_59_02.jpg,31
10443,image_BS1_11060_17_59_02.jpg,32
10444,image_BS1_11061_17_59_02.jpg,32
10445,image_BS1_11062_17_59_02.jpg,32
10446,image_BS1_11063_17_59_02.jpg,31
10447,image_BS1_11064_17_59_02.jpg,32
10448,image_BS1_11065_17_59_02.jpg,31
10449,image_BS1_11066_17_59_03.jpg,31
10450,image_BS1_11067_17_59_03.jpg,32
10451,image_BS1_11068_17_59_03.jpg,31
10452,image_BS1_11069_17_59_03.jpg,32
10453,image_BS1_11070_17_59_03.jpg,32
10454,image_BS1_11071_17_59_03.jpg,32
10455,image_BS1_11072_17_59_03.jpg,32
10456,image_BS1_11073_17_59_03.jpg,31
10457,image_BS1_11074_17_59_04.jpg,32
10458,image_BS1_11075_17_59_04.jpg,32
10459,image_BS1_11076_17_59_04.jpg,32
10460,image_BS1_11077_17_59_04.jpg,31
10461,image_BS1_11078_17_59_04.jpg,31
10462,image_BS1_11079_17_59_04.jpg,32
10463,image_BS1_11080_17_59_05.jpg,32
10464,image_BS1_11081_17_59_05.jpg,32
10465,image_BS1_11082_17_59_05.jpg,31
10466,image_BS1_11083_17_59_05.jpg,32
10467,image_BS1_11084_17_59_05.jpg,32
10468,image_BS1_11085_17_59_05.jpg,32
10469,image_BS1_11086_17_59_06.jpg,32
10470,image_BS1_11087_17_59_06.jpg,32
10471,image_BS1_11088_17_59_06.jpg,32
10472,image_BS1_11089_17_59_06.jpg,32
10473,image_BS1_11090_17_59_06.jpg,31
10474,image_BS1_11091_17_59_06.jpg,31
10475,image_BS1_11092_17_59_07.jpg,31
10476,image_BS1_11093_17_59_07.jpg,29
10477,image_BS1_11094_17_59_07.jpg,29
10478,image_BS1_11095_17_59_07.jpg,29
10479,image_BS1_11096_17_59_07.jpg,29
10480,image_BS1_11097_17_59_07.jpg,29
10481,image_BS1_11098_17_59_08.jpg,29
10482,image_BS1_11099_17_59_08.jpg,29
10483,image_BS1_11100_17_59_08.jpg,29
10484,image_BS1_11101_17_59_08.jpg,29
10485,image_BS1_11102_17_59_08.jpg,29
10486,image_BS1_11103_17_59_08.jpg,29
10487,image_BS1_11104_17_59_08.jpg,28
10488,image_BS1_11105_17_59_09.jpg,27
10489,image_BS1_11106_17_59_09.jpg,27
10490,image_BS1_11107_17_59_09.jpg,26
10491,image_BS1_11108_17_59_09.jpg,23
10492,image_BS1_11109_17_59_09.jpg,23
10493,image_BS1_11110_17_59_09.jpg,22
10494,image_BS1_11111_17_59_10.jpg,22
10495,image_BS1_11112_17_59_10.jpg,22
10496,image_BS1_11113_17_59_10.jpg,21
10497,image_BS1_11114_17_59_10.jpg,20
10498,image_BS1_11115_17_59_10.jpg,19
10499,image_BS1_11116_17_59_10.jpg,19
10500,image_BS1_11117_17_59_11.jpg,17
10501,image_BS1_11118_17_59_11.jpg,17
10502,image_BS1_11119_17_59_11.jpg,17
10503,image_BS1_11120_17_59_11.jpg,17
10504,image_BS1_11121_17_59_11.jpg,17
10505,image_BS1_11122_17_59_11.jpg,16
10506,image_BS1_11123_17_59_12.jpg,14
10507,image_BS1_11124_17_59_12.jpg,14
10508,image_BS1_11125_17_59_12.jpg,14
10509,image_BS1_11126_17_59_12.jpg,14
10510,image_BS1_11127_17_59_12.jpg,14
10511,image_BS1_11128_17_59_12.jpg,13
10512,image_BS1_11129_17_59_13.jpg,13
10513,image_BS1_11130_17_59_13.jpg,11
10514,image_BS1_11131_17_59_13.jpg,11
10515,image_BS1_11132_17_59_13.jpg,11
10516,image_BS1_11133_17_59_13.jpg,11
10517,image_BS1_11134_17_59_13.jpg,11
10518,image_BS1_11135_17_59_13.jpg,11
10519,image_BS1_11136_17_59_14.jpg,11
10520,image_BS1_11137_17_59_14.jpg,9
10521,image_BS1_11138_17_59_14.jpg,9
10522,image_BS1_11139_17_59_14.jpg,9
10523,image_BS1_11140_17_59_14.jpg,8
10524,image_BS1_11141_17_59_14.jpg,8
10525,image_BS1_11142_17_59_15.jpg,8
10526,image_BS1_11143_17_59_15.jpg,7
10527,image_BS1_11144_17_59_15.jpg,7
10528,image_BS1_11145_17_59_15.jpg,7
10529,image_BS1_11146_17_59_15.jpg,7
10530,image_BS1_11147_17_59_15.jpg,7
10531,image_BS1_11148_17_59_15.jpg,7
10532,image_BS1_11149_17_59_16.jpg,7
10533,image_BS1_11150_17_59_16.jpg,7
10534,image_BS1_11151_17_59_16.jpg,7
10535,image_BS1_11152_17_59_16.jpg,7
10536,image_BS1_11153_17_59_16.jpg,7
10537,image_BS1_11154_17_59_16.jpg,7
10538,image_BS1_11155_17_59_16.jpg,7
10539,image_BS1_11156_17_59_17.jpg,7
10540,image_BS1_11157_17_59_17.jpg,7
10541,image_BS1_11158_17_59_17.jpg,7
10542,image_BS1_11159_17_59_17.jpg,7
10543,image_BS1_11160_17_59_17.jpg,7
10544,image_BS1_11161_17_59_17.jpg,7
10545,image_BS1_11162_17_59_17.jpg,7
10546,image_BS1_11163_17_59_18.jpg,8
10547,image_BS1_11164_17_59_18.jpg,7
10548,image_BS1_11165_17_59_18.jpg,7
10549,image_BS1_11166_17_59_18.jpg,8
10550,image_BS1_11167_17_59_18.jpg,7
10551,image_BS1_11168_17_59_18.jpg,7
10552,image_BS1_11169_17_59_18.jpg,7
10553,image_BS1_11170_17_59_19.jpg,7
10554,image_BS1_11171_17_59_19.jpg,8
10555,image_BS1_11172_17_59_19.jpg,8
10556,image_BS1_11173_17_59_19.jpg,8
10557,image_BS1_11174_17_59_19.jpg,7
10558,image_BS1_11175_17_59_20.jpg,7
10559,image_BS1_11176_17_59_20.jpg,8
10560,image_BS1_11177_17_59_20.jpg,7
10561,image_BS1_11178_17_59_20.jpg,7
10562,image_BS1_11179_17_59_20.jpg,7
10563,image_BS1_11180_17_59_20.jpg,7
10564,image_BS1_11181_17_59_20.jpg,7
10565,image_BS1_11182_17_59_21.jpg,7
10566,image_BS1_11183_17_59_21.jpg,7
10567,image_BS1_11184_17_59_21.jpg,8
10568,image_BS1_11185_17_59_21.jpg,7
10569,image_BS1_11186_17_59_21.jpg,8
10570,image_BS1_11187_17_59_21.jpg,7
10571,image_BS1_11188_17_59_22.jpg,8
10572,image_BS1_11189_17_59_22.jpg,7
10573,image_BS1_11190_17_59_22.jpg,7
10574,image_BS1_11191_17_59_22.jpg,8
10575,image_BS1_11192_17_59_22.jpg,8
10576,image_BS1_11193_17_59_22.jpg,8
10577,image_BS1_11194_17_59_23.jpg,7
10578,image_BS1_11195_17_59_23.jpg,8
10579,image_BS1_11196_17_59_23.jpg,7
10580,image_BS1_11197_17_59_23.jpg,7
10581,image_BS1_11198_17_59_23.jpg,7
10582,image_BS1_11199_17_59_23.jpg,7
10583,image_BS1_11200_17_59_23.jpg,7
10584,image_BS1_11201_17_59_24.jpg,7
10585,image_BS1_11202_17_59_24.jpg,7
10586,image_BS1_11203_17_59_24.jpg,7
10587,image_BS1_11204_17_59_24.jpg,7
10588,image_BS1_11205_17_59_24.jpg,7
10589,image_BS1_11206_17_59_24.jpg,6
10590,image_BS1_11207_17_59_24.jpg,6
10591,image_BS1_11208_17_59_25.jpg,6
10592,image_BS1_11209_17_59_25.jpg,6
10593,image_BS1_11210_17_59_25.jpg,6
10594,image_BS1_11211_17_59_25.jpg,6
10595,image_BS1_11212_17_59_25.jpg,6
10596,image_BS1_11213_17_59_25.jpg,4
10597,image_BS1_11214_17_59_25.jpg,4
10598,image_BS1_11215_17_59_26.jpg,4
10599,image_BS1_11216_17_59_26.jpg,4
10600,image_BS1_11217_17_59_26.jpg,4
10601,image_BS1_11218_17_59_26.jpg,4
10602,image_BS1_11219_17_59_26.jpg,4
10603,image_BS1_11220_17_59_26.jpg,4
10604,image_BS1_11221_17_59_26.jpg,4
10605,image_BS1_11222_17_59_27.jpg,3
10606,image_BS1_11223_17_59_27.jpg,3
10607,image_BS1_11224_17_59_27.jpg,3
10608,image_BS1_11225_17_59_27.jpg,3
10609,image_BS1_11226_17_59_27.jpg,3
10610,image_BS1_11227_17_59_27.jpg,2
10611,image_BS1_11228_17_59_27.jpg,2
10612,image_BS1_11229_17_59_28.jpg,2
10613,image_BS1_11230_17_59_58.jpg,2
10614,image_BS1_11231_18_00_00.jpg,7
10615,image_BS1_11232_18_00_01.jpg,7
10616,image_BS1_11233_18_00_01.jpg,6
10617,image_BS1_11234_18_00_01.jpg,7
10618,image_BS1_11235_18_00_01.jpg,7
10619,image_BS1_11236_18_00_01.jpg,7
10620,image_BS1_11237_18_00_01.jpg,7
10621,image_BS1_11238_18_00_01.jpg,7
10622,image_BS1_11239_18_00_02.jpg,7
10623,image_BS1_11240_18_00_02.jpg,7
10624,image_BS1_11241_18_00_02.jpg,7
10625,image_BS1_11242_18_00_02.jpg,7
10626,image_BS1_11243_18_00_02.jpg,7
10627,image_BS1_11244_18_00_02.jpg,7
10628,image_BS1_11245_18_00_02.jpg,6
10629,image_BS1_11246_18_00_03.jpg,7
10630,image_BS1_11247_18_00_03.jpg,6
10631,image_BS1_11248_18_00_03.jpg,7
10632,image_BS1_11249_18_00_03.jpg,6
10633,image_BS1_11250_18_00_03.jpg,7
10634,image_BS1_11251_18_00_03.jpg,7
10635,image_BS1_11252_18_00_03.jpg,6
10636,image_BS1_11253_18_00_03.jpg,7
10637,image_BS1_11254_18_00_04.jpg,7
10638,image_BS1_11255_18_00_04.jpg,6
10639,image_BS1_11256_18_00_04.jpg,6
10640,image_BS1_11257_18_00_04.jpg,6
10641,image_BS1_11258_18_00_04.jpg,6
10642,image_BS1_11259_18_00_04.jpg,6
10643,image_BS1_11260_18_00_04.jpg,6
10644,image_BS1_11261_18_00_05.jpg,6
10645,image_BS1_11262_18_00_05.jpg,6
10646,image_BS1_11263_18_00_05.jpg,6
10647,image_BS1_11264_18_00_05.jpg,6
10648,image_BS1_11265_18_00_05.jpg,6
10649,image_BS1_11266_18_00_05.jpg,7
10650,image_BS1_11267_18_00_05.jpg,6
10651,image_BS1_11268_18_00_06.jpg,6
10652,image_BS1_11269_18_00_06.jpg,6
10653,image_BS1_11270_18_00_06.jpg,6
10654,image_BS1_11271_18_00_06.jpg,6
10655,image_BS1_11272_18_00_06.jpg,6
10656,image_BS1_11273_18_00_06.jpg,6
10657,image_BS1_11274_18_00_06.jpg,6
10658,image_BS1_11275_18_00_07.jpg,6
10659,image_BS1_11276_18_00_07.jpg,6
10660,image_BS1_11277_18_00_07.jpg,6
10661,image_BS1_11278_18_00_07.jpg,6
10662,image_BS1_11279_18_00_07.jpg,6
10663,image_BS1_11280_18_00_07.jpg,6
10664,image_BS1_11281_18_00_07.jpg,6
10665,image_BS1_11282_18_00_08.jpg,6
10666,image_BS1_11283_18_00_08.jpg,6
10667,image_BS1_11284_18_00_08.jpg,6
10668,image_BS1_11285_18_00_08.jpg,6
10669,image_BS1_11286_18_00_08.jpg,6
10670,image_BS1_11287_18_00_08.jpg,6
10671,image_BS1_11288_18_00_08.jpg,6
10672,image_BS1_11289_18_00_08.jpg,6
10673,image_BS1_11290_18_00_09.jpg,6
10674,image_BS1_11291_18_00_09.jpg,6
10675,image_BS1_11292_18_00_09.jpg,6
10676,image_BS1_11293_18_00_09.jpg,6
10677,image_BS1_11294_18_00_09.jpg,6
10678,image_BS1_11295_18_00_09.jpg,6
10679,image_BS1_11296_18_00_09.jpg,6
10680,image_BS1_11297_18_00_10.jpg,6
10681,image_BS1_11298_18_00_10.jpg,6
10682,image_BS1_11299_18_00_10.jpg,6
10683,image_BS1_11300_18_00_10.jpg,6
10684,image_BS1_11301_18_00_10.jpg,6
10685,image_BS1_11302_18_00_10.jpg,7
10686,image_BS1_11303_18_00_10.jpg,6
10687,image_BS1_11304_18_00_11.jpg,6
10688,image_BS1_11305_18_00_11.jpg,6
10689,image_BS1_11306_18_00_11.jpg,6
10690,image_BS1_11307_18_00_11.jpg,6
10691,image_BS1_11308_18_00_11.jpg,6
10692,image_BS1_11309_18_00_11.jpg,6
10693,image_BS1_11310_18_00_12.jpg,6
10694,image_BS1_11311_18_00_12.jpg,6
10695,image_BS1_11312_18_00_12.jpg,6
10696,image_BS1_11313_18_00_12.jpg,6
10697,image_BS1_11314_18_00_13.jpg,6
10698,image_BS1_11315_18_00_13.jpg,6
10699,image_BS1_11316_18_00_13.jpg,6
10700,image_BS1_11317_18_00_13.jpg,6
10701,image_BS1_11318_18_00_13.jpg,6
10702,image_BS1_11319_18_00_13.jpg,6
10703,image_BS1_11320_18_00_13.jpg,6
10704,image_BS1_11321_18_00_14.jpg,6
10705,image_BS1_11322_18_00_14.jpg,6
10706,image_BS1_11323_18_00_14.jpg,6
10707,image_BS1_11324_18_00_14.jpg,6
10708,image_BS1_11325_18_00_14.jpg,6
10709,image_BS1_11326_18_00_14.jpg,6
10710,image_BS1_11327_18_00_14.jpg,6
10711,image_BS1_11328_18_00_14.jpg,6
10712,image_BS1_11329_18_00_15.jpg,6
10713,image_BS1_11330_18_00_15.jpg,6
10714,image_BS1_11331_18_00_15.jpg,6
10715,image_BS1_11332_18_00_15.jpg,6
10716,image_BS1_11333_18_00_15.jpg,7
10717,image_BS1_11334_18_00_15.jpg,6
10718,image_BS1_11335_18_00_15.jpg,6
10719,image_BS1_11336_18_00_15.jpg,6
10720,image_BS1_11337_18_00_16.jpg,6
10721,image_BS1_11338_18_00_16.jpg,6
10722,image_BS1_11339_18_00_17.jpg,6
10723,image_BS1_11340_18_00_18.jpg,7
10724,image_BS1_11341_18_00_18.jpg,6
10725,image_BS1_11342_18_00_18.jpg,7
10726,image_BS1_11343_18_00_18.jpg,6
10727,image_BS1_11344_18_00_18.jpg,6
10728,image_BS1_11345_18_00_18.jpg,6
10729,image_BS1_11346_18_00_19.jpg,7
10730,image_BS1_11347_18_00_19.jpg,6
10731,image_BS1_11348_18_00_19.jpg,6
10732,image_BS1_11349_18_00_19.jpg,7
10733,image_BS1_11350_18_00_19.jpg,6
10734,image_BS1_11351_18_00_19.jpg,7
10735,image_BS1_11352_18_00_19.jpg,6
10736,image_BS1_11353_18_00_20.jpg,6
10737,image_BS1_11354_18_00_20.jpg,6
10738,image_BS1_11355_18_00_20.jpg,7
10739,image_BS1_11356_18_00_20.jpg,6
10740,image_BS1_11357_18_00_20.jpg,6
10741,image_BS1_11358_18_00_20.jpg,6
10742,image_BS1_11359_18_00_20.jpg,6
10743,image_BS1_11360_18_00_20.jpg,7
10744,image_BS1_11361_18_00_21.jpg,6
10745,image_BS1_11362_18_00_21.jpg,6
10746,image_BS1_11363_18_00_21.jpg,7
10747,image_BS1_11364_18_00_21.jpg,7
10748,image_BS1_11365_18_00_21.jpg,6
10749,image_BS1_11366_18_00_21.jpg,7
10750,image_BS1_11367_18_00_21.jpg,6
10751,image_BS1_11368_18_00_21.jpg,7
10752,image_BS1_11369_18_00_22.jpg,6
10753,image_BS1_11370_18_00_22.jpg,6
10754,image_BS1_11371_18_00_22.jpg,6
10755,image_BS1_11372_18_00_22.jpg,7
10756,image_BS1_11373_18_00_22.jpg,7
10757,image_BS1_11374_18_00_22.jpg,7
10758,image_BS1_11375_18_00_22.jpg,6
10759,image_BS1_11376_18_00_23.jpg,7
10760,image_BS1_11377_18_00_23.jpg,6
10761,image_BS1_11378_18_00_23.jpg,7
10762,image_BS1_11379_18_00_23.jpg,7
10763,image_BS1_11380_18_00_23.jpg,6
10764,image_BS1_11381_18_00_23.jpg,6
10765,image_BS1_11382_18_00_23.jpg,6
10766,image_BS1_11383_18_00_23.jpg,7
10767,image_BS1_11384_18_00_24.jpg,6
10768,image_BS1_11385_18_00_24.jpg,7
10769,image_BS1_11386_18_00_24.jpg,6
10770,image_BS1_11387_18_00_24.jpg,7
10771,image_BS1_11388_18_00_24.jpg,6
10772,image_BS1_11389_18_00_25.jpg,7
10773,image_BS1_11390_18_00_25.jpg,7
10774,image_BS1_11391_18_00_25.jpg,7
10775,image_BS1_11392_18_00_25.jpg,6
10776,image_BS1_11393_18_00_25.jpg,7
10777,image_BS1_11394_18_00_25.jpg,6
10778,image_BS1_11395_18_00_25.jpg,7
10779,image_BS1_11396_18_00_25.jpg,7
10780,image_BS1_11397_18_00_26.jpg,7
10781,image_BS1_11398_18_00_26.jpg,7
10782,image_BS1_11399_18_00_26.jpg,7
10783,image_BS1_11400_18_00_26.jpg,6
10784,image_BS1_11401_18_00_26.jpg,6
10785,image_BS1_11402_18_00_26.jpg,6
10786,image_BS1_11403_18_00_26.jpg,6
10787,image_BS1_11404_18_00_27.jpg,6
10788,image_BS1_11405_18_00_27.jpg,6
10789,image_BS1_11406_18_00_27.jpg,6
10790,image_BS1_11407_18_00_27.jpg,6
10791,image_BS1_11408_18_00_27.jpg,4
10792,image_BS1_11409_18_00_27.jpg,4
10793,image_BS1_11410_18_00_27.jpg,4
10794,image_BS1_11411_18_00_27.jpg,4
10795,image_BS1_11412_18_00_28.jpg,3
10796,image_BS1_11413_18_00_28.jpg,3
10797,image_BS1_11414_18_00_28.jpg,3
10798,image_BS1_11415_18_00_28.jpg,3
10799,image_BS1_11416_18_00_28.jpg,3
10800,image_BS1_11417_18_00_28.jpg,3
10801,image_BS1_11418_18_00_28.jpg,3
10802,image_BS1_11419_18_00_29.jpg,3
10803,image_BS1_11420_18_00_29.jpg,3
10804,image_BS1_11421_18_00_29.jpg,3
10805,image_BS1_11422_18_00_29.jpg,3
10806,image_BS1_11423_18_00_29.jpg,3
10807,image_BS1_11424_18_00_30.jpg,3
10808,image_BS1_11425_18_00_30.jpg,3
10809,image_BS1_11426_18_00_30.jpg,3
10810,image_BS1_11427_18_00_30.jpg,3
10811,image_BS1_11428_18_00_30.jpg,3
10812,image_BS1_11429_18_00_31.jpg,3
10813,image_BS1_11430_18_00_31.jpg,3
10814,image_BS1_11431_18_00_31.jpg,3
10815,image_BS1_11432_18_00_31.jpg,3
10816,image_BS1_11433_18_00_31.jpg,3
10817,image_BS1_11434_18_00_31.jpg,3
10818,image_BS1_11435_18_00_31.jpg,3
10819,image_BS1_11436_18_00_32.jpg,3
10820,image_BS1_11437_18_00_32.jpg,3
10821,image_BS1_11438_18_00_32.jpg,3
10822,image_BS1_11439_18_00_32.jpg,3
10823,image_BS1_11440_18_00_32.jpg,3
10824,image_BS1_11441_18_00_32.jpg,3
10825,image_BS1_11442_18_00_32.jpg,3
10826,image_BS1_11443_18_00_32.jpg,3
10827,image_BS1_11444_18_00_33.jpg,3
10828,image_BS1_11445_18_00_33.jpg,3
10829,image_BS1_11446_18_00_33.jpg,3
10830,image_BS1_11447_18_00_33.jpg,2
10831,image_BS1_11448_18_00_33.jpg,2
10832,image_BS1_11449_18_00_33.jpg,3
10833,image_BS1_11450_18_00_33.jpg,3
10834,image_BS1_11451_18_00_34.jpg,3
10835,image_BS1_11452_18_00_35.jpg,3
10836,image_BS1_11453_18_00_35.jpg,3
10837,image_BS1_11454_18_00_35.jpg,3
10838,image_BS1_11455_18_00_35.jpg,3
10839,image_BS1_11456_18_00_35.jpg,3
10840,image_BS1_11457_18_00_35.jpg,3
10841,image_BS1_11458_18_00_36.jpg,3
10842,image_BS1_11459_18_00_36.jpg,3
10843,image_BS1_11460_18_00_36.jpg,3
10844,image_BS1_11461_18_00_36.jpg,3
10845,image_BS1_11462_18_00_36.jpg,2
10846,image_BS1_11463_18_00_37.jpg,2
10847,image_BS1_11464_18_00_37.jpg,2
10848,image_BS1_11465_18_00_37.jpg,2
10849,image_BS1_11466_18_00_37.jpg,2
10850,image_BS1_11467_18_00_37.jpg,2
10851,image_BS1_11468_18_00_38.jpg,2
10852,image_BS1_11469_18_00_38.jpg,2
10853,image_BS1_11470_18_00_38.jpg,2
10854,image_BS1_11471_18_00_38.jpg,2
10855,image_BS1_11472_18_00_38.jpg,2
10856,image_BS1_11473_18_00_38.jpg,2
10857,image_BS1_11474_18_00_38.jpg,2
10858,image_BS1_11475_18_00_39.jpg,2
10859,image_BS1_11476_18_00_39.jpg,2
10860,image_BS1_11477_18_00_39.jpg,3
10861,image_BS1_11478_18_00_39.jpg,3
10862,image_BS1_11479_18_00_39.jpg,3
10863,image_BS1_11480_18_00_39.jpg,3
10864,image_BS1_11481_18_00_39.jpg,2
10865,image_BS1_11482_18_00_40.jpg,3
10866,image_BS1_11483_18_00_40.jpg,3
10867,image_BS1_11484_18_00_40.jpg,3
10868,image_BS1_11485_18_00_40.jpg,3
10869,image_BS1_11486_18_00_40.jpg,2
10870,image_BS1_11487_18_00_40.jpg,2
10871,image_BS1_11488_18_00_40.jpg,2
10872,image_BS1_11489_18_00_40.jpg,2
10873,image_BS1_11490_18_00_41.jpg,2
10874,image_BS1_11491_18_00_41.jpg,2
10875,image_BS1_11492_18_00_41.jpg,2
10876,image_BS1_11493_18_00_41.jpg,2
10877,image_BS1_11494_18_00_41.jpg,2
10878,image_BS1_11495_18_00_41.jpg,2
10879,image_BS1_11496_18_00_42.jpg,2
10880,image_BS1_11497_18_00_42.jpg,2
10881,image_BS1_11498_18_00_42.jpg,2
10882,image_BS1_11499_18_00_42.jpg,3
10883,image_BS1_11500_18_00_42.jpg,3
10884,image_BS1_11501_18_00_42.jpg,4
10885,image_BS1_11502_18_00_42.jpg,3
10886,image_BS1_11503_18_00_42.jpg,4
10887,image_BS1_11504_18_00_43.jpg,4
10888,image_BS1_11505_18_00_43.jpg,4
10889,image_BS1_11506_18_00_43.jpg,6
10890,image_BS1_11507_18_00_43.jpg,6
10891,image_BS1_11508_18_00_43.jpg,6
10892,image_BS1_11509_18_00_43.jpg,6
10893,image_BS1_11510_18_00_43.jpg,6
10894,image_BS1_11511_18_00_44.jpg,6
10895,image_BS1_11512_18_00_44.jpg,6
10896,image_BS1_11513_18_00_44.jpg,6
10897,image_BS1_11514_18_00_44.jpg,4
10898,image_BS1_11515_18_00_44.jpg,4
10899,image_BS1_11516_18_00_44.jpg,4
10900,image_BS1_11517_18_00_44.jpg,3
10901,image_BS1_11518_18_00_45.jpg,4
10902,image_BS1_11519_18_00_45.jpg,3
10903,image_BS1_11520_18_00_45.jpg,3
10904,image_BS1_11521_18_00_45.jpg,3
10905,image_BS1_11522_18_00_46.jpg,3
10906,image_BS1_11523_18_00_46.jpg,3
10907,image_BS1_11524_18_00_46.jpg,3
10908,image_BS1_11525_18_00_46.jpg,3
10909,image_BS1_11526_18_00_46.jpg,3
10910,image_BS1_11527_18_00_46.jpg,3
10911,image_BS1_11528_18_00_47.jpg,3
10912,image_BS1_11529_18_00_47.jpg,3
10913,image_BS1_11530_18_00_47.jpg,3
10914,image_BS1_11531_18_00_47.jpg,3
10915,image_BS1_11532_18_00_47.jpg,2
10916,image_BS1_11533_18_00_47.jpg,2
10917,image_BS1_11534_18_00_47.jpg,2
10918,image_BS1_11535_18_00_47.jpg,3
10919,image_BS1_11536_18_00_48.jpg,3
10920,image_BS1_11537_18_00_48.jpg,3
10921,image_BS1_11538_18_00_48.jpg,3
10922,image_BS1_11539_18_00_48.jpg,3
10923,image_BS1_11540_18_00_48.jpg,3
10924,image_BS1_11541_18_00_48.jpg,3
10925,image_BS1_11542_18_00_48.jpg,3
10926,image_BS1_11543_18_00_48.jpg,3
10927,image_BS1_11544_18_00_49.jpg,3
10928,image_BS1_11545_18_00_49.jpg,3
10929,image_BS1_11546_18_00_49.jpg,4
10930,image_BS1_11547_18_00_49.jpg,3
10931,image_BS1_11548_18_00_49.jpg,4
10932,image_BS1_11549_18_00_49.jpg,3
10933,image_BS1_11550_18_00_49.jpg,3
10934,image_BS1_11551_18_00_50.jpg,3
10935,image_BS1_11552_18_00_50.jpg,4
10936,image_BS1_11553_18_00_50.jpg,4
10937,image_BS1_11554_18_00_50.jpg,3
10938,image_BS1_11555_18_00_50.jpg,3
10939,image_BS1_11556_18_00_50.jpg,4
10940,image_BS1_11557_18_00_50.jpg,3
10941,image_BS1_11558_18_00_51.jpg,3
10942,image_BS1_11559_18_00_52.jpg,4
10943,image_BS1_11560_18_00_53.jpg,3
10944,image_BS1_11561_18_00_53.jpg,3
10945,image_BS1_11562_18_00_53.jpg,3
10946,image_BS1_11563_18_00_53.jpg,3
10947,image_BS1_11564_18_00_53.jpg,3
10948,image_BS1_11565_18_00_54.jpg,3
10949,image_BS1_11566_18_00_54.jpg,3
10950,image_BS1_11567_18_00_54.jpg,3
10951,image_BS1_11568_18_00_54.jpg,3
10952,image_BS1_11569_18_00_54.jpg,3
10953,image_BS1_11570_18_00_54.jpg,3
10954,image_BS1_11571_18_00_54.jpg,3
10955,image_BS1_11572_18_00_55.jpg,3
10956,image_BS1_11573_18_00_55.jpg,3
10957,image_BS1_11574_18_00_55.jpg,3
10958,image_BS1_11575_18_00_55.jpg,3
10959,image_BS1_11576_18_00_55.jpg,3
10960,image_BS1_11577_18_00_55.jpg,3
10961,image_BS1_11578_18_00_55.jpg,3
10962,image_BS1_11579_18_00_56.jpg,3
10963,image_BS1_11580_18_00_56.jpg,3
10964,image_BS1_11581_18_00_56.jpg,3
10965,image_BS1_11582_18_00_56.jpg,3
10966,image_BS1_11583_18_00_56.jpg,3
10967,image_BS1_11584_18_00_56.jpg,3
10968,image_BS1_11585_18_00_56.jpg,3
10969,image_BS1_11586_18_00_57.jpg,3
10970,image_BS1_11587_18_00_57.jpg,3
10971,image_BS1_11588_18_00_57.jpg,3
10972,image_BS1_11589_18_00_57.jpg,3
10973,image_BS1_11590_18_00_57.jpg,3
10974,image_BS1_11591_18_00_57.jpg,4
10975,image_BS1_11592_18_00_57.jpg,3
10976,image_BS1_11593_18_00_58.jpg,3
10977,image_BS1_11594_18_00_58.jpg,3
10978,image_BS1_11595_18_00_58.jpg,3
10979,image_BS1_11596_18_00_58.jpg,3
10980,image_BS1_11597_18_00_58.jpg,3
10981,image_BS1_11598_18_00_58.jpg,3
10982,image_BS1_11599_18_00_58.jpg,3
10983,image_BS1_11600_18_00_58.jpg,3
10984,image_BS1_11601_18_00_59.jpg,3
10985,image_BS1_11602_18_00_59.jpg,3
10986,image_BS1_11603_18_00_59.jpg,3
10987,image_BS1_11604_18_00_59.jpg,3
10988,image_BS1_11605_18_00_59.jpg,3
10989,image_BS1_11606_18_00_59.jpg,3
10990,image_BS1_11607_18_00_59.jpg,4
10991,image_BS1_11608_18_01_00.jpg,3
10992,image_BS1_11609_18_01_00.jpg,3
10993,image_BS1_11610_18_01_00.jpg,3
10994,image_BS1_11611_18_01_00.jpg,3
10995,image_BS1_11612_18_01_00.jpg,3
10996,image_BS1_11613_18_01_00.jpg,3
10997,image_BS1_11614_18_01_00.jpg,3
10998,image_BS1_11615_18_01_01.jpg,3
10999,image_BS1_11616_18_01_01.jpg,4
11000,image_BS1_11617_18_01_01.jpg,4
11001,image_BS1_11618_18_01_01.jpg,3
11002,image_BS1_11619_18_01_01.jpg,4
11003,image_BS1_11620_18_01_01.jpg,3
11004,image_BS1_11621_18_01_01.jpg,3
11005,image_BS1_11622_18_01_01.jpg,3
11006,image_BS1_11623_18_01_02.jpg,4
11007,image_BS1_11624_18_01_02.jpg,3
11008,image_BS1_11625_18_01_02.jpg,3
11009,image_BS1_11626_18_01_02.jpg,3
11010,image_BS1_11627_18_01_02.jpg,3
11011,image_BS1_11628_18_01_02.jpg,3
11012,image_BS1_11629_18_01_02.jpg,4
11013,image_BS1_11630_18_01_03.jpg,3
11014,image_BS1_11631_18_01_03.jpg,3
11015,image_BS1_11632_18_01_03.jpg,4
11016,image_BS1_11633_18_01_03.jpg,3
11017,image_BS1_11634_18_01_03.jpg,3
11018,image_BS1_11635_18_01_03.jpg,4
11019,image_BS1_11636_18_01_03.jpg,3
11020,image_BS1_11637_18_01_04.jpg,4
11021,image_BS1_11638_18_01_04.jpg,3
11022,image_BS1_11639_18_01_04.jpg,4
11023,image_BS1_11640_18_01_04.jpg,3
11024,image_BS1_11641_18_01_04.jpg,3
11025,image_BS1_11642_18_01_04.jpg,3
11026,image_BS1_11643_18_01_05.jpg,4
11027,image_BS1_11644_18_01_05.jpg,4
11028,image_BS1_11645_18_01_05.jpg,4
11029,image_BS1_11646_18_01_05.jpg,3
11030,image_BS1_11647_18_01_05.jpg,3
11031,image_BS1_11648_18_01_05.jpg,3
11032,image_BS1_11649_18_01_05.jpg,3
11033,image_BS1_11650_18_01_06.jpg,3
11034,image_BS1_11651_18_01_06.jpg,3
11035,image_BS1_11652_18_01_06.jpg,3
11036,image_BS1_11653_18_01_06.jpg,3
11037,image_BS1_11654_18_01_06.jpg,3
11038,image_BS1_11655_18_01_06.jpg,3
11039,image_BS1_11656_18_01_06.jpg,3
11040,image_BS1_11657_18_01_07.jpg,3
11041,image_BS1_11658_18_01_07.jpg,3
11042,image_BS1_11659_18_01_07.jpg,4
11043,image_BS1_11660_18_01_07.jpg,3
11044,image_BS1_11661_18_01_07.jpg,4
11045,image_BS1_11662_18_01_07.jpg,3
11046,image_BS1_11663_18_01_07.jpg,3
11047,image_BS1_11664_18_01_08.jpg,3
11048,image_BS1_11665_18_01_08.jpg,3
11049,image_BS1_11666_18_01_08.jpg,3
11050,image_BS1_11667_18_01_08.jpg,4
11051,image_BS1_11668_18_01_08.jpg,3
11052,image_BS1_11669_18_01_08.jpg,3
11053,image_BS1_11670_18_01_09.jpg,3
11054,image_BS1_11671_18_01_09.jpg,3
11055,image_BS1_11672_18_01_10.jpg,4
11056,image_BS1_11673_18_01_10.jpg,3
11057,image_BS1_11674_18_01_10.jpg,3
11058,image_BS1_11675_18_01_10.jpg,3
11059,image_BS1_11676_18_01_10.jpg,3
11060,image_BS1_11677_18_01_10.jpg,3
11061,image_BS1_11678_18_01_10.jpg,3
11062,image_BS1_11679_18_01_10.jpg,3
11063,image_BS1_11680_18_01_11.jpg,3
11064,image_BS1_11681_18_01_11.jpg,3
11065,image_BS1_11682_18_01_11.jpg,3
11066,image_BS1_11683_18_01_11.jpg,3
11067,image_BS1_11684_18_01_11.jpg,3
11068,image_BS1_11685_18_01_11.jpg,3
11069,image_BS1_11686_18_01_11.jpg,3
11070,image_BS1_11687_18_01_12.jpg,3
11071,image_BS1_11688_18_01_12.jpg,3
11072,image_BS1_11689_18_01_12.jpg,3
11073,image_BS1_11690_18_01_12.jpg,4
11074,image_BS1_11691_18_01_12.jpg,3
11075,image_BS1_11692_18_01_12.jpg,3
11076,image_BS1_11693_18_01_12.jpg,3
11077,image_BS1_11694_18_01_13.jpg,3
11078,image_BS1_11695_18_01_13.jpg,3
11079,image_BS1_11696_18_01_13.jpg,3
11080,image_BS1_11697_18_01_13.jpg,3
11081,image_BS1_11698_18_01_13.jpg,3
11082,image_BS1_11699_18_01_13.jpg,3
11083,image_BS1_11700_18_01_13.jpg,3
11084,image_BS1_11701_18_01_13.jpg,3
11085,image_BS1_11702_18_01_14.jpg,3
11086,image_BS1_11703_18_01_14.jpg,3
11087,image_BS1_11704_18_01_14.jpg,3
11088,image_BS1_11705_18_01_14.jpg,3
11089,image_BS1_11706_18_01_14.jpg,3
11090,image_BS1_11707_18_01_14.jpg,3
11091,image_BS1_11708_18_01_14.jpg,3
11092,image_BS1_11709_18_01_15.jpg,3
11093,image_BS1_11710_18_01_15.jpg,3
11094,image_BS1_11711_18_01_15.jpg,3
11095,image_BS1_11712_18_01_15.jpg,3
11096,image_BS1_11713_18_01_15.jpg,3
11097,image_BS1_11714_18_01_16.jpg,3
11098,image_BS1_11715_18_01_16.jpg,3
11099,image_BS1_11716_18_01_16.jpg,3
11100,image_BS1_11717_18_01_16.jpg,3
11101,image_BS1_11718_18_01_16.jpg,3
11102,image_BS1_11719_18_01_16.jpg,3
11103,image_BS1_11720_18_01_17.jpg,3
11104,image_BS1_11721_18_01_17.jpg,3
11105,image_BS1_11722_18_01_17.jpg,2
11106,image_BS1_11723_18_01_17.jpg,2
11107,image_BS1_11724_18_01_35.jpg,2
11108,image_BS1_11725_18_01_35.jpg,2
11109,image_BS1_11726_18_01_35.jpg,3
11110,image_BS1_11727_18_01_35.jpg,3
11111,image_BS1_11728_18_01_35.jpg,4
11112,image_BS1_11729_18_01_36.jpg,3
11113,image_BS1_11730_18_01_37.jpg,6
11114,image_BS1_11731_18_01_37.jpg,6
11115,image_BS1_11732_18_01_37.jpg,7
11116,image_BS1_11733_18_01_37.jpg,6
11117,image_BS1_11734_18_01_37.jpg,7
11118,image_BS1_11735_18_01_37.jpg,6
11119,image_BS1_11736_18_01_37.jpg,6
11120,image_BS1_11737_18_01_38.jpg,7
11121,image_BS1_11738_18_01_38.jpg,7
11122,image_BS1_11739_18_01_38.jpg,7
11123,image_BS1_11740_18_01_38.jpg,7
11124,image_BS1_11741_18_01_38.jpg,7
11125,image_BS1_11742_18_01_38.jpg,7
11126,image_BS1_11743_18_01_38.jpg,7
11127,image_BS1_11744_18_01_38.jpg,7
11128,image_BS1_11745_18_01_39.jpg,7
11129,image_BS1_11746_18_01_39.jpg,7
11130,image_BS1_11747_18_01_39.jpg,7
11131,image_BS1_11748_18_01_39.jpg,7
11132,image_BS1_11749_18_01_39.jpg,7
11133,image_BS1_11750_18_01_39.jpg,7
11134,image_BS1_11751_18_01_41.jpg,7
11135,image_BS1_11752_18_01_42.jpg,7
11136,image_BS1_11753_18_01_42.jpg,7
11137,image_BS1_11754_18_01_42.jpg,7
11138,image_BS1_11755_18_01_42.jpg,7
11139,image_BS1_11756_18_01_42.jpg,7
11140,image_BS1_11757_18_01_42.jpg,7
11141,image_BS1_11758_18_01_42.jpg,7
11142,image_BS1_11759_18_01_42.jpg,7
11143,image_BS1_11760_18_01_43.jpg,7
11144,image_BS1_11761_18_01_43.jpg,7
11145,image_BS1_11762_18_01_43.jpg,7
11146,image_BS1_11763_18_01_43.jpg,6
11147,image_BS1_11764_18_01_43.jpg,6
11148,image_BS1_11765_18_01_43.jpg,6
11149,image_BS1_11766_18_01_43.jpg,6
11150,image_BS1_11767_18_01_44.jpg,6
11151,image_BS1_11768_18_01_44.jpg,7
11152,image_BS1_11769_18_01_44.jpg,6
11153,image_BS1_11770_18_01_44.jpg,6
11154,image_BS1_11771_18_01_44.jpg,6
11155,image_BS1_11772_18_01_44.jpg,6
11156,image_BS1_11773_18_01_44.jpg,6
11157,image_BS1_11774_18_01_45.jpg,7
11158,image_BS1_11775_18_01_45.jpg,6
11159,image_BS1_11776_18_01_45.jpg,6
11160,image_BS1_11777_18_01_45.jpg,7
11161,image_BS1_11778_18_01_45.jpg,6
11162,image_BS1_11779_18_01_45.jpg,6
11163,image_BS1_11780_18_01_45.jpg,6
11164,image_BS1_11781_18_01_45.jpg,6
11165,image_BS1_11782_18_01_46.jpg,7
11166,image_BS1_11783_18_01_46.jpg,7
11167,image_BS1_11784_18_01_46.jpg,7
11168,image_BS1_11785_18_01_46.jpg,7
11169,image_BS1_11786_18_01_46.jpg,8
11170,image_BS1_11787_18_01_46.jpg,11
11171,image_BS1_11788_18_01_46.jpg,11
11172,image_BS1_11789_18_01_47.jpg,10
11173,image_BS1_11790_18_01_47.jpg,11
11174,image_BS1_11791_18_01_47.jpg,11
11175,image_BS1_11792_18_01_47.jpg,11
11176,image_BS1_11793_18_01_47.jpg,11
11177,image_BS1_11794_18_01_47.jpg,11
11178,image_BS1_11795_18_01_48.jpg,11
11179,image_BS1_11796_18_01_48.jpg,11
11180,image_BS1_11797_18_01_48.jpg,11
11181,image_BS1_11798_18_01_48.jpg,11
11182,image_BS1_11799_18_01_48.jpg,11
11183,image_BS1_11800_18_01_48.jpg,11
11184,image_BS1_11801_18_01_48.jpg,14
11185,image_BS1_11802_18_01_48.jpg,13
11186,image_BS1_11803_18_01_49.jpg,13
11187,image_BS1_11804_18_01_49.jpg,13
11188,image_BS1_11805_18_01_49.jpg,13
11189,image_BS1_11806_18_01_49.jpg,13
11190,image_BS1_11807_18_01_49.jpg,13
11191,image_BS1_11808_18_01_49.jpg,13
11192,image_BS1_11809_18_01_49.jpg,13
11193,image_BS1_11810_18_01_50.jpg,14
11194,image_BS1_11811_18_01_50.jpg,14
11195,image_BS1_11812_18_01_50.jpg,14
11196,image_BS1_11813_18_01_50.jpg,14
11197,image_BS1_11814_18_01_50.jpg,16
11198,image_BS1_11815_18_01_50.jpg,16
11199,image_BS1_11816_18_01_50.jpg,17
11200,image_BS1_11817_18_01_51.jpg,17
11201,image_BS1_11818_18_01_51.jpg,20
11202,image_BS1_11819_18_01_51.jpg,21
11203,image_BS1_11820_18_01_51.jpg,21
11204,image_BS1_11821_18_01_51.jpg,21
11205,image_BS1_11822_18_01_51.jpg,22
11206,image_BS1_11823_18_01_52.jpg,22
11207,image_BS1_11824_18_01_52.jpg,23
11208,image_BS1_11825_18_01_52.jpg,26
11209,image_BS1_11826_18_01_52.jpg,26
11210,image_BS1_11827_18_01_52.jpg,27
11211,image_BS1_11828_18_01_52.jpg,29
11212,image_BS1_11829_18_01_52.jpg,29
11213,image_BS1_11830_18_01_54.jpg,34
11214,image_BS1_11831_18_01_54.jpg,34
11215,image_BS1_11832_18_01_54.jpg,34
11216,image_BS1_11833_18_01_54.jpg,36
11217,image_BS1_11834_18_01_54.jpg,36
11218,image_BS1_11835_18_01_54.jpg,37
11219,image_BS1_11836_18_01_54.jpg,37
11220,image_BS1_11837_18_01_55.jpg,37
11221,image_BS1_11838_18_01_55.jpg,37
11222,image_BS1_11839_18_01_55.jpg,37
11223,image_BS1_11840_18_01_55.jpg,37
11224,image_BS1_11841_18_01_55.jpg,37
11225,image_BS1_11842_18_01_55.jpg,37
11226,image_BS1_11843_18_01_55.jpg,37
11227,image_BS1_11844_18_01_56.jpg,37
11228,image_BS1_11845_18_01_56.jpg,37
11229,image_BS1_11846_18_01_56.jpg,37
11230,image_BS1_11847_18_01_56.jpg,37
11231,image_BS1_11848_18_01_56.jpg,34
11232,image_BS1_11849_18_01_56.jpg,34
11233,image_BS1_11850_18_01_56.jpg,34
11234,image_BS1_11851_18_01_57.jpg,34
11235,image_BS1_11852_18_01_57.jpg,34
11236,image_BS1_11853_18_01_57.jpg,34
11237,image_BS1_11854_18_01_57.jpg,34
11238,image_BS1_11855_18_01_57.jpg,34
11239,image_BS1_11856_18_01_57.jpg,34
11240,image_BS1_11857_18_01_58.jpg,34
11241,image_BS1_11858_18_01_59.jpg,34
11242,image_BS1_11859_18_01_59.jpg,34
11243,image_BS1_11860_18_01_59.jpg,34
11244,image_BS1_11861_18_01_59.jpg,34
11245,image_BS1_11862_18_01_59.jpg,34
11246,image_BS1_11863_18_01_59.jpg,34
11247,image_BS1_11864_18_01_59.jpg,34
11248,image_BS1_11865_18_02_00.jpg,34
11249,image_BS1_11866_18_02_00.jpg,34
11250,image_BS1_11867_18_02_00.jpg,34
11251,image_BS1_11868_18_02_00.jpg,34
11252,image_BS1_11869_18_02_00.jpg,34
11253,image_BS1_11870_18_02_00.jpg,34
11254,image_BS1_11871_18_02_00.jpg,34
11255,image_BS1_11872_18_02_01.jpg,34
11256,image_BS1_11873_18_02_01.jpg,34
11257,image_BS1_11874_18_02_01.jpg,34
11258,image_BS1_11875_18_02_01.jpg,34
11259,image_BS1_11876_18_02_01.jpg,34
11260,image_BS1_11877_18_02_01.jpg,34
11261,image_BS1_11878_18_02_01.jpg,34
11262,image_BS1_11879_18_02_02.jpg,34
11263,image_BS1_11880_18_02_02.jpg,34
11264,image_BS1_11881_18_02_02.jpg,34
11265,image_BS1_11882_18_02_02.jpg,34
11266,image_BS1_11883_18_02_02.jpg,34
11267,image_BS1_11884_18_02_02.jpg,34
11268,image_BS1_11885_18_02_02.jpg,34
11269,image_BS1_11886_18_02_02.jpg,34
11270,image_BS1_11887_18_02_03.jpg,34
11271,image_BS1_11888_18_02_03.jpg,34
11272,image_BS1_11889_18_02_03.jpg,34
11273,image_BS1_11890_18_02_03.jpg,34
11274,image_BS1_11891_18_02_03.jpg,34
11275,image_BS1_11892_18_02_03.jpg,34
11276,image_BS1_11893_18_02_03.jpg,34
11277,image_BS1_11894_18_02_04.jpg,34
11278,image_BS1_11895_18_02_04.jpg,34
11279,image_BS1_11896_18_02_04.jpg,34
11280,image_BS1_11897_18_02_04.jpg,34
11281,image_BS1_11898_18_02_04.jpg,34
11282,image_BS1_11899_18_02_04.jpg,34
11283,image_BS1_11900_18_02_04.jpg,34
11284,image_BS1_11901_18_02_04.jpg,34
11285,image_BS1_11902_18_02_05.jpg,34
11286,image_BS1_11903_18_02_05.jpg,34
11287,image_BS1_11904_18_02_05.jpg,34
11288,image_BS1_11905_18_02_05.jpg,34
11289,image_BS1_11906_18_02_05.jpg,34
11290,image_BS1_11907_18_02_05.jpg,34
11291,image_BS1_11908_18_02_05.jpg,34
11292,image_BS1_11909_18_02_06.jpg,34
11293,image_BS1_11910_18_02_06.jpg,34
11294,image_BS1_11911_18_02_06.jpg,34
11295,image_BS1_11912_18_02_06.jpg,34
11296,image_BS1_11913_18_02_06.jpg,34
11297,image_BS1_11914_18_02_06.jpg,34
11298,image_BS1_11915_18_02_06.jpg,34
11299,image_BS1_11916_18_02_07.jpg,34
11300,image_BS1_11917_18_02_07.jpg,34
11301,image_BS1_11918_18_02_07.jpg,34
11302,image_BS1_11919_18_02_07.jpg,34
11303,image_BS1_11920_18_02_07.jpg,34
11304,image_BS1_11921_18_02_07.jpg,34
11305,image_BS1_11922_18_02_07.jpg,34
11306,image_BS1_11923_18_02_08.jpg,36
11307,image_BS1_11924_18_02_08.jpg,34
11308,image_BS1_11925_18_02_08.jpg,34
11309,image_BS1_11926_18_02_08.jpg,34
11310,image_BS1_11927_18_02_08.jpg,34
11311,image_BS1_11928_18_02_08.jpg,34
11312,image_BS1_11929_18_02_08.jpg,34
11313,image_BS1_11930_18_02_09.jpg,34
11314,image_BS1_11931_18_02_09.jpg,34
11315,image_BS1_11932_18_02_09.jpg,34
11316,image_BS1_11933_18_02_09.jpg,34
11317,image_BS1_11934_18_02_09.jpg,34
11318,image_BS1_11935_18_02_09.jpg,34
11319,image_BS1_11936_18_02_09.jpg,34
11320,image_BS1_11937_18_02_09.jpg,34
11321,image_BS1_11938_18_02_10.jpg,34
11322,image_BS1_11939_18_02_10.jpg,34
11323,image_BS1_11940_18_02_10.jpg,34
11324,image_BS1_11941_18_02_10.jpg,34
11325,image_BS1_11942_18_02_10.jpg,34
11326,image_BS1_11943_18_02_10.jpg,34
11327,image_BS1_11944_18_02_11.jpg,34
11328,image_BS1_11945_18_02_11.jpg,34
11329,image_BS1_11946_18_02_11.jpg,34
11330,image_BS1_11947_18_02_11.jpg,34
11331,image_BS1_11948_18_02_11.jpg,34
11332,image_BS1_11949_18_02_11.jpg,34
11333,image_BS1_11950_18_02_11.jpg,34
11334,image_BS1_11951_18_02_11.jpg,34
11335,image_BS1_11952_18_02_12.jpg,34
11336,image_BS1_11953_18_02_12.jpg,34
11337,image_BS1_11954_18_02_12.jpg,34
11338,image_BS1_11955_18_02_12.jpg,34
11339,image_BS1_11956_18_02_12.jpg,34
11340,image_BS1_11957_18_02_12.jpg,34
11341,image_BS1_11958_18_02_12.jpg,34
11342,image_BS1_11959_18_02_13.jpg,34
11343,image_BS1_11960_18_02_13.jpg,34
11344,image_BS1_11961_18_02_13.jpg,34
11345,image_BS1_11962_18_02_13.jpg,34
11346,image_BS1_11963_18_02_13.jpg,34
11347,image_BS1_11964_18_02_13.jpg,34
11348,image_BS1_11965_18_02_13.jpg,34
11349,image_BS1_11966_18_02_14.jpg,34
11350,image_BS1_11967_18_02_14.jpg,34
11351,image_BS1_11968_18_02_14.jpg,34
11352,image_BS1_11969_18_02_14.jpg,34
11353,image_BS1_11970_18_02_14.jpg,34
11354,image_BS1_11971_18_02_14.jpg,34
11355,image_BS1_11972_18_02_14.jpg,34
11356,image_BS1_11973_18_02_14.jpg,34
11357,image_BS1_11974_18_02_15.jpg,34
11358,image_BS1_11975_18_02_15.jpg,34
11359,image_BS1_11976_18_02_17.jpg,34
11360,image_BS1_11977_18_02_17.jpg,33
11361,image_BS1_11978_18_02_19.jpg,34
11362,image_BS1_11979_18_02_19.jpg,36
11363,image_BS1_11980_18_02_19.jpg,37
11364,image_BS1_11981_18_02_20.jpg,37
11365,image_BS1_11982_18_02_20.jpg,34
11366,image_BS1_11983_18_02_20.jpg,36
11367,image_BS1_11984_18_02_20.jpg,37
11368,image_BS1_11985_18_02_20.jpg,34
11369,image_BS1_11986_18_02_21.jpg,37
11370,image_BS1_11987_18_02_21.jpg,37
11371,image_BS1_11988_18_02_21.jpg,34
11372,image_BS1_11989_18_02_21.jpg,36
11373,image_BS1_11990_18_02_21.jpg,37
11374,image_BS1_11991_18_02_21.jpg,34
11375,image_BS1_11992_18_02_22.jpg,37
11376,image_BS1_11993_18_02_22.jpg,38
11377,image_BS1_11994_18_02_22.jpg,36
11378,image_BS1_11995_18_02_22.jpg,36
11379,image_BS1_11996_18_02_22.jpg,38
11380,image_BS1_11997_18_02_23.jpg,36
11381,image_BS1_11998_18_02_23.jpg,39
11382,image_BS1_11999_18_02_23.jpg,37
11383,image_BS1_12000_18_02_23.jpg,36
11384,image_BS1_12001_18_02_24.jpg,37
11385,image_BS1_12002_18_02_24.jpg,34
11386,image_BS1_12003_18_02_24.jpg,37
11387,image_BS1_12004_18_02_24.jpg,34
